{"type":"FeatureCollection","name":"g2-wisutti-non-water-participating-areas","features":[{"type":"Feature","id":"18-VSD","properties":{"sequence":1,"plotId":"18-VSD","villageNumber":"-","village":"-","subdistrict":"ปากคลอง","district":"ปะทิว","province":"ชุมพร","landCondition":"แปลงปลูกเสริมและปรับปรุงสภาพป่าชายเลน","allocatedAreaRai":2007.76,"waterAreaRai":97.99,"officialParticipatingAreaRai":1909.77,"geometryAreaRai":1909.77,"areaDifferenceRai":0.0,"waterGeometryAreaRai":97.99,"fcdAreaRaiByClass":{"0":0.0,"1":62.68,"2":621.76,"3":1225.33},"sourceCrs":"EPSG:32647","sourceFile":"Company-data/T-VER  Standard กลุ่ม 2  สยามทีซี&วิสุทธิ  ขึ้นทะเบียน/Shape/Shp-แปลงปลูกเสริม+น้ำ+FCD/แปลงปลูกเสริม_All_รวมน้ำ_V3_Uni.shp","sourceFeatureCount":322,"excludedWaterClass":"W"},"geometry":{"type":"GeometryCollection","geometries":[{"type":"MultiPolygon","coordinates":[[[[99.4421999,10.8938259],[99.4421974,10.8938259],[99.4421974,10.893828],[99.4421999,10.8938259]]],[[[99.4435696,10.8935526],[99.443553,10.8935526],[99.4435696,10.8935626],[99.4435696,10.8935526]]]]},{"type":"MultiPolygon","coordinates":[[[[99.4468602,10.8908347],[99.4468596,10.8908319],[99.4468596,10.8908347],[99.4468602,10.8908347]]],[[[99.4465831,10.8894651],[99.4465831,10.8894785],[99.4465858,10.8894785],[99.4465831,10.8894651]]],[[[99.4490606,10.8816068],[99.4490419,10.8816068],[99.4490419,10.8816354],[99.4490606,10.8816068]]],[[[99.4515141,10.8813319],[99.4515119,10.8813319],[99.4515119,10.881342],[99.4515141,10.8813319]]],[[[99.4495936,10.8807921],[99.4495896,10.8807921],[99.4495896,10.8807982],[99.4495936,10.8807921]]],[[[99.4520556,10.8777793],[99.4520556,10.877804],[99.4520583,10.877804],[99.4520556,10.8777793]]]]},{"type":"Polygon","coordinates":[[[99.4416189,10.8738195],[99.441079,10.8740216],[99.4416192,10.8740208],[99.4416189,10.8738195]]]},{"type":"Polygon","coordinates":[[[99.4452336,10.8734788],[99.4451868,10.873483],[99.445187,10.8735751],[99.4452336,10.8734788]]]},{"type":"Polygon","coordinates":[[[99.4449473,10.874016],[99.4449131,10.874016],[99.4449132,10.8740599],[99.4449473,10.874016]]]},{"type":"Polygon","coordinates":[[[99.4396986,10.8745383],[99.4396239,10.8745663],[99.4396986,10.8745662],[99.4396986,10.8745383]]]},{"type":"Polygon","coordinates":[[[99.4394242,10.874641],[99.4393797,10.8746577],[99.4388869,10.8745268],[99.4388042,10.8745286],[99.4386877,10.8744739],[99.4386491,10.8744637],[99.4386013,10.8745677],[99.4388751,10.8745673],[99.4388755,10.8748387],[99.4394245,10.8748379],[99.4394242,10.874641]]]},{"type":"MultiPolygon","coordinates":[[[[99.444525,10.8745592],[99.444365,10.8745594],[99.4443653,10.8747646],[99.444525,10.8745592]]],[[[99.4447361,10.8742876],[99.444639,10.8742877],[99.4446392,10.8744123],[99.4447361,10.8742876]]]]},{"type":"Polygon","coordinates":[[[99.4416212,10.8753773],[99.4418957,10.875377],[99.4418953,10.8751056],[99.4416208,10.875106],[99.4416212,10.8753773]]]},{"type":"MultiPolygon","coordinates":[[[[99.4446709,10.8761869],[99.4446418,10.876164],[99.4446419,10.8761869],[99.4446709,10.8761869]]],[[[99.444367,10.8759112],[99.444367,10.875916],[99.4443699,10.875916],[99.444367,10.8759112]]],[[[99.4441694,10.8751024],[99.4440913,10.8751025],[99.4440921,10.8756451],[99.4442018,10.8756449],[99.4441793,10.8756088],[99.4441158,10.8752354],[99.4441694,10.8751024]]]]},{"type":"Polygon","coordinates":[[[99.4427208,10.876461],[99.44272,10.8759184],[99.4424455,10.8759188],[99.4424467,10.8767327],[99.4427212,10.8767323],[99.4427208,10.876461]]]},{"type":"MultiPolygon","coordinates":[[[[99.4441657,10.8772729],[99.4440945,10.877273],[99.4440945,10.8773135],[99.4441657,10.8772729]]],[[[99.4446429,10.8770009],[99.4443686,10.8770013],[99.4443688,10.8771618],[99.444587,10.8770613],[99.4446429,10.8770009]]]]},{"type":"MultiPolygon","coordinates":[[[[99.443821,10.8779416],[99.4438212,10.8780873],[99.4439249,10.8780872],[99.4439044,10.8780627],[99.443821,10.8779416]]],[[[99.4438425,10.8775447],[99.4438204,10.8775447],[99.4438204,10.8775683],[99.4438425,10.8775447]]]]},{"type":"Polygon","coordinates":[[[99.4442803,10.878358],[99.444096,10.878281],[99.4440961,10.8783582],[99.4442803,10.878358]]]},{"type":"Polygon","coordinates":[[[99.4355871,10.8786074],[99.4355133,10.8786005],[99.4353756,10.8786065],[99.4350998,10.8786424],[99.4355871,10.8786417],[99.4355871,10.8786074]]]},{"type":"Polygon","coordinates":[[[99.435884,10.8786413],[99.4358616,10.8786336],[99.4358616,10.8786414],[99.435884,10.8786413]]]},{"type":"Polygon","coordinates":[[[99.4446453,10.8785104],[99.4446455,10.8786288],[99.4451587,10.878628],[99.4450098,10.8785738],[99.4447017,10.8785339],[99.4446453,10.8785104]]]},{"type":"Polygon","coordinates":[[[99.4363656,10.8788066],[99.4363645,10.8788066],[99.4361363,10.8787281],[99.4361365,10.8789123],[99.4365738,10.8789117],[99.4363656,10.8788066]]]},{"type":"Polygon","coordinates":[[[99.4372341,10.8786394],[99.4372337,10.8783681],[99.4372329,10.8778255],[99.4371179,10.8778256],[99.4371947,10.8782297],[99.4370894,10.8783699],[99.4370843,10.8784363],[99.4369495,10.8786463],[99.4367621,10.8788056],[99.4366825,10.8789115],[99.43696,10.8789111],[99.4369596,10.8786398],[99.4372341,10.8786394]]]},{"type":"Polygon","coordinates":[[[99.4465672,10.8787715],[99.4465673,10.8788973],[99.4467172,10.8788971],[99.4466057,10.8787872],[99.4465672,10.8787715]]]},{"type":"Polygon","coordinates":[[[99.4482143,10.8788949],[99.4482141,10.8787642],[99.4481895,10.8787794],[99.4481254,10.878895],[99.4482143,10.8788949]]]},{"type":"Polygon","coordinates":[[[99.4468421,10.879049],[99.4468422,10.8791682],[99.4469294,10.8791681],[99.4468421,10.879049]]]},{"type":"Polygon","coordinates":[[[99.4345645,10.8789145],[99.4345588,10.8789761],[99.4346489,10.879457],[99.4347648,10.8794569],[99.434764,10.8789142],[99.4345645,10.8789145]]]},{"type":"MultiPolygon","coordinates":[[[[99.4476661,10.8794005],[99.4473413,10.8794388],[99.4476661,10.8794383],[99.4476661,10.8794005]]],[[[99.447117,10.8793534],[99.4471171,10.8794391],[99.447305,10.8794388],[99.4471696,10.8793773],[99.4471497,10.8793778],[99.4471274,10.8793582],[99.447117,10.8793534]]]]},{"type":"Polygon","coordinates":[[[99.434491,10.8798991],[99.4344373,10.8799656],[99.4344237,10.88],[99.4344911,10.8799999],[99.434491,10.8798991]]]},{"type":"Polygon","coordinates":[[[99.434217,10.8802386],[99.4341903,10.8802716],[99.434217,10.8802716],[99.434217,10.8802386]]]},{"type":"Polygon","coordinates":[[[99.435041,10.8806254],[99.4350409,10.8805417],[99.4347664,10.8805421],[99.4347666,10.8806602],[99.435041,10.8806254]]]},{"type":"Polygon","coordinates":[[[99.441081,10.8813471],[99.4410806,10.8810757],[99.4413551,10.8810753],[99.4413547,10.880804],[99.4410802,10.8808044],[99.4410798,10.8805331],[99.4408053,10.8805335],[99.4408049,10.8802622],[99.4405304,10.8802626],[99.4405296,10.87972],[99.4402551,10.8797203],[99.4402555,10.8799917],[99.439981,10.8799921],[99.4399822,10.880806],[99.4405312,10.8808052],[99.4405324,10.8816192],[99.4408069,10.8816188],[99.4408065,10.8813474],[99.441081,10.8813471]]]},{"type":"Polygon","coordinates":[[[99.4402587,10.8821622],[99.4402583,10.8818909],[99.4397093,10.8818916],[99.4397109,10.8829769],[99.4399854,10.8829765],[99.4399842,10.8821626],[99.4402587,10.8821622]]]},{"type":"Polygon","coordinates":[[[99.4383392,10.8835215],[99.4380647,10.8835219],[99.4380651,10.8837932],[99.4383396,10.8837928],[99.4383392,10.8835215]]]},{"type":"Polygon","coordinates":[[[99.4463356,10.88351],[99.4462997,10.88351],[99.4462997,10.8835299],[99.446311,10.8835306],[99.4463356,10.88351]]]},{"type":"Polygon","coordinates":[[[99.4388942,10.8875904],[99.4388938,10.8873191],[99.4391683,10.8873187],[99.4391671,10.8865048],[99.4386181,10.8865056],[99.4386177,10.8862342],[99.4383432,10.8862346],[99.4383436,10.886506],[99.4380691,10.8865063],[99.4380699,10.887049],[99.4377954,10.8870494],[99.4377962,10.887592],[99.4388942,10.8875904]]]},{"type":"Polygon","coordinates":[[[99.4387459,10.8911177],[99.4391742,10.8913484],[99.4391738,10.8911171],[99.4387459,10.8911177]]]},{"type":"Polygon","coordinates":[[[99.4397233,10.8913929],[99.4397233,10.8913876],[99.4392484,10.8913883],[99.4394196,10.8914805],[99.4397233,10.8913929]]]},{"type":"Polygon","coordinates":[[[99.4401715,10.8922009],[99.4402738,10.892426],[99.4402735,10.8922008],[99.4401715,10.8922009]]]},{"type":"Polygon","coordinates":[[[99.4457775,10.8924642],[99.445764,10.8924642],[99.445764,10.8924741],[99.4457775,10.8924642]]]},{"type":"Polygon","coordinates":[[[99.4451049,10.8737444],[99.4449127,10.8737447],[99.4449131,10.874016],[99.4449473,10.874016],[99.4450164,10.8739271],[99.4451049,10.8737444]]]},{"type":"Polygon","coordinates":[[[99.4410703,10.8740248],[99.4405667,10.8742133],[99.4403513,10.8742939],[99.4410707,10.8742929],[99.4410703,10.8740248]]]},{"type":"Polygon","coordinates":[[[99.4449132,10.8740599],[99.4449131,10.874016],[99.4446386,10.8740164],[99.444639,10.8742877],[99.4447361,10.8742876],[99.4449132,10.8740599]]]},{"type":"Polygon","coordinates":[[[99.4402472,10.8743329],[99.4396986,10.8745383],[99.4396986,10.8745662],[99.4402476,10.8745654],[99.4402472,10.8743329]]]},{"type":"Polygon","coordinates":[[[99.4446392,10.8744123],[99.444639,10.8742877],[99.4443646,10.8742881],[99.444365,10.8745594],[99.444525,10.8745592],[99.4446392,10.8744123]]]},{"type":"Polygon","coordinates":[[[99.442718,10.8745618],[99.4424435,10.8745622],[99.4424439,10.8748335],[99.4427184,10.8748331],[99.442718,10.8745618]]]},{"type":"Polygon","coordinates":[[[99.444367,10.8759112],[99.4442018,10.8756449],[99.4440921,10.8756451],[99.4440925,10.8759164],[99.444367,10.875916],[99.444367,10.8759112]]]},{"type":"Polygon","coordinates":[[[99.4446418,10.876164],[99.4444108,10.8759819],[99.4443699,10.875916],[99.444367,10.875916],[99.4443674,10.8761873],[99.4446419,10.8761869],[99.4446418,10.876164]]]},{"type":"Polygon","coordinates":[[[99.4427212,10.8767323],[99.4424467,10.8767327],[99.4424455,10.8759188],[99.44272,10.8759184],[99.4427208,10.876461],[99.4429953,10.8764606],[99.4429941,10.8756467],[99.4424451,10.8756475],[99.4424443,10.8751049],[99.4421698,10.8751052],[99.4421694,10.8748339],[99.4418949,10.8748343],[99.4418941,10.8742917],[99.4413452,10.8742925],[99.4413467,10.8753777],[99.4416212,10.8753773],[99.4416208,10.875106],[99.4418953,10.8751056],[99.4418957,10.875377],[99.4416212,10.8753773],[99.4416216,10.8756487],[99.4418961,10.8756483],[99.4418969,10.8761909],[99.4416224,10.8761913],[99.4416232,10.8767339],[99.4421722,10.8767331],[99.4421726,10.8770044],[99.4424471,10.8770041],[99.4424475,10.8772754],[99.4429965,10.8772746],[99.4429961,10.8770033],[99.4427216,10.8770037],[99.4427212,10.8767323]]]},{"type":"Polygon","coordinates":[[[99.4443688,10.8771618],[99.4443686,10.8770013],[99.4440941,10.8770017],[99.4440945,10.877273],[99.4441657,10.8772729],[99.4443248,10.8771821],[99.4443688,10.8771618]]]},{"type":"Polygon","coordinates":[[[99.4377286,10.8764682],[99.437647,10.876646],[99.4374793,10.8770112],[99.4375062,10.8770111],[99.437507,10.8775538],[99.438056,10.877553],[99.4380552,10.8770103],[99.4383297,10.87701],[99.4383289,10.8764673],[99.4377286,10.8764682]]]},{"type":"Polygon","coordinates":[[[99.4396986,10.8745662],[99.4396239,10.8745663],[99.4394242,10.874641],[99.4394245,10.8748379],[99.4388755,10.8748387],[99.4388751,10.8745673],[99.4386013,10.8745677],[99.4384766,10.8748392],[99.438601,10.874839],[99.4386014,10.8751104],[99.4388759,10.87511],[99.4388763,10.8753813],[99.4386018,10.8753817],[99.4386014,10.8751104],[99.4383519,10.8751107],[99.4381743,10.8754974],[99.4381026,10.8756537],[99.4383277,10.8756534],[99.4383281,10.8759247],[99.4388771,10.8759239],[99.4388795,10.8775518],[99.439154,10.8775514],[99.4391512,10.8756522],[99.4394257,10.8756518],[99.4394253,10.8753805],[99.4396998,10.8753801],[99.4397002,10.8756514],[99.4399747,10.875651],[99.4399743,10.8753797],[99.4402488,10.8753793],[99.440248,10.8748367],[99.439699,10.8748375],[99.4396986,10.8745662]]]},{"type":"Polygon","coordinates":[[[99.4408006,10.8772777],[99.4405261,10.8772781],[99.4405265,10.8775494],[99.4408009,10.877549],[99.4408006,10.8772777]]]},{"type":"Polygon","coordinates":[[[99.4440945,10.8773135],[99.4440945,10.877273],[99.44382,10.8772734],[99.4438204,10.8775447],[99.4438425,10.8775447],[99.4440158,10.8773585],[99.4440352,10.8773474],[99.4440455,10.8773364],[99.4440871,10.8773178],[99.4440945,10.8773135]]]},{"type":"Polygon","coordinates":[[[99.43723,10.8775542],[99.4371142,10.8778063],[99.4371179,10.8778256],[99.4372329,10.8778255],[99.4372325,10.8775541],[99.43723,10.8775542]]]},{"type":"Polygon","coordinates":[[[99.443821,10.8779416],[99.4437703,10.8778679],[99.443754,10.8777943],[99.4437612,10.8776936],[99.4437912,10.8775997],[99.4438204,10.8775683],[99.4438204,10.8775447],[99.4435459,10.8775451],[99.4435467,10.8780877],[99.4438212,10.8780873],[99.443821,10.8779416]]]},{"type":"Polygon","coordinates":[[[99.4372329,10.8778255],[99.4372337,10.8783681],[99.4375082,10.8783677],[99.4375074,10.8778251],[99.4372329,10.8778255]]]},{"type":"Polygon","coordinates":[[[99.444096,10.878281],[99.4440828,10.8782755],[99.4439249,10.8780872],[99.4438212,10.8780873],[99.4438216,10.8783586],[99.4440961,10.8783582],[99.444096,10.878281]]]},{"type":"Polygon","coordinates":[[[99.4358616,10.8786336],[99.4358594,10.8786329],[99.4355871,10.8786074],[99.4355871,10.8786417],[99.4358616,10.8786414],[99.4358616,10.8786336]]]},{"type":"Polygon","coordinates":[[[99.4446453,10.8785104],[99.4443706,10.8783957],[99.444371,10.8786292],[99.4446455,10.8786288],[99.4446453,10.8785104]]]},{"type":"Polygon","coordinates":[[[99.4361363,10.8787281],[99.435884,10.8786413],[99.4358616,10.8786414],[99.435862,10.8789127],[99.4361365,10.8789123],[99.4361363,10.8787281]]]},{"type":"Polygon","coordinates":[[[99.4372341,10.8786394],[99.4369596,10.8786398],[99.43696,10.8789111],[99.4372345,10.8789107],[99.4372341,10.8786394]]]},{"type":"Polygon","coordinates":[[[99.4460181,10.8786972],[99.4459647,10.8786973],[99.4458752,10.8786857],[99.4456308,10.8787195],[99.4451949,10.8786412],[99.4451945,10.8786411],[99.4451949,10.8788993],[99.4460184,10.8788981],[99.4460181,10.8786972]]]},{"type":"Polygon","coordinates":[[[99.4465672,10.8787715],[99.4463835,10.8786967],[99.4462925,10.8786968],[99.4462928,10.8788977],[99.4465673,10.8788973],[99.4465672,10.8787715]]]},{"type":"MultiPolygon","coordinates":[[[[99.4484884,10.8786339],[99.4483101,10.8787047],[99.4482141,10.8787642],[99.4482143,10.8788949],[99.4484888,10.8788945],[99.4484884,10.8786339]]],[[[99.4485155,10.8786231],[99.4486064,10.878623],[99.4485442,10.8786117],[99.4485155,10.8786231]]]]},{"type":"Polygon","coordinates":[[[99.4468421,10.879049],[99.4468197,10.8790185],[99.4467391,10.8789186],[99.4467172,10.8788971],[99.4465673,10.8788973],[99.4465677,10.8791686],[99.4468422,10.8791682],[99.4468421,10.879049]]]},{"type":"Polygon","coordinates":[[[99.4482143,10.8788949],[99.4481254,10.878895],[99.4479836,10.8791508],[99.4479637,10.8791666],[99.4482147,10.8791662],[99.4482143,10.8788949]]]},{"type":"Polygon","coordinates":[[[99.4471171,10.8794391],[99.447117,10.8793534],[99.4470393,10.8793181],[99.4469294,10.8791681],[99.4468422,10.8791682],[99.4468426,10.8794395],[99.4471171,10.8794391]]]},{"type":"Polygon","coordinates":[[[99.4479403,10.8791852],[99.4476691,10.8794002],[99.4476661,10.8794005],[99.4476661,10.8794383],[99.4479406,10.8794379],[99.4479403,10.8791852]]]},{"type":"Polygon","coordinates":[[[99.4383337,10.8797231],[99.4380592,10.8797235],[99.4380596,10.8799948],[99.4383341,10.8799944],[99.4383337,10.8797231]]]},{"type":"Polygon","coordinates":[[[99.4491034,10.8799789],[99.4490394,10.8799789],[99.4490395,10.8800628],[99.4491034,10.8799789]]]},{"type":"Polygon","coordinates":[[[99.4372345,10.8789107],[99.4372349,10.879182],[99.4369604,10.8791824],[99.4369624,10.880539],[99.4375114,10.8805382],[99.437511,10.8802669],[99.4377855,10.8802665],[99.4377831,10.8786386],[99.4375086,10.878639],[99.437509,10.8789103],[99.4372345,10.8789107]]]},{"type":"Polygon","coordinates":[[[99.4369624,10.880539],[99.4366879,10.8805394],[99.4366887,10.881082],[99.4369632,10.8810816],[99.4369624,10.880539]]]},{"type":"Polygon","coordinates":[[[99.4429712,10.8808017],[99.4427272,10.8808021],[99.4427275,10.8809947],[99.4427803,10.8809639],[99.4429712,10.8808017]]]},{"type":"Polygon","coordinates":[[[99.4440758,10.8810714],[99.4439444,10.8813429],[99.4441005,10.8813427],[99.4441001,10.8810714],[99.4440758,10.8810714]]]},{"type":"Polygon","coordinates":[[[99.4347666,10.8806602],[99.4347664,10.8805421],[99.4344919,10.8805425],[99.4344911,10.8799999],[99.4344237,10.88],[99.4344008,10.8800577],[99.434342,10.8800836],[99.434217,10.8802386],[99.434217,10.8802716],[99.4341903,10.8802716],[99.434145,10.8803277],[99.4340578,10.8803016],[99.4340868,10.8804299],[99.4342114,10.8805604],[99.4344058,10.8806353],[99.4346854,10.8806705],[99.4347666,10.8806602]]]},{"type":"Polygon","coordinates":[[[99.441973,10.8816171],[99.4419049,10.8816172],[99.441905,10.8816766],[99.4419478,10.8816436],[99.441973,10.8816171]]]},{"type":"Polygon","coordinates":[[[99.4361416,10.8824394],[99.4364161,10.882439],[99.4364158,10.8821677],[99.4361413,10.8821681],[99.4361416,10.8824394]]]},{"type":"Polygon","coordinates":[[[99.4441018,10.8821939],[99.4441061,10.8821978],[99.4443366,10.8823026],[99.4443506,10.8822748],[99.4444232,10.8822531],[99.4447572,10.8822024],[99.4447697,10.8822041],[99.4448383,10.8821834],[99.4450914,10.8822479],[99.445161,10.8823387],[99.4452,10.8823663],[99.4451997,10.8821551],[99.4441017,10.8821566],[99.4441018,10.8821939]]]},{"type":"Polygon","coordinates":[[[99.4402587,10.8821622],[99.4399842,10.8821626],[99.4399854,10.8829765],[99.4397109,10.8829769],[99.4397093,10.8818916],[99.4402583,10.8818909],[99.4402587,10.8821622],[99.4405437,10.8821618],[99.440649,10.8820574],[99.4408075,10.8820012],[99.4408073,10.8818901],[99.4411222,10.8818896],[99.4413351,10.8818141],[99.4413562,10.8818141],[99.4413559,10.881618],[99.4416304,10.8816176],[99.4416296,10.8810749],[99.4419041,10.8810746],[99.4419037,10.8808032],[99.4421782,10.8808028],[99.4421778,10.8805315],[99.4424523,10.8805311],[99.4424515,10.8799885],[99.442177,10.8799889],[99.4421766,10.8797176],[99.4424511,10.8797172],[99.4424503,10.8791746],[99.4427248,10.8791742],[99.4427244,10.8789029],[99.4429989,10.8789025],[99.4429985,10.8786311],[99.442724,10.8786315],[99.4427232,10.8780889],[99.4418997,10.8780901],[99.4418989,10.8775475],[99.4416244,10.8775479],[99.441624,10.8772765],[99.441075,10.8772773],[99.4410758,10.87782],[99.4399779,10.8778215],[99.4399775,10.8775502],[99.439703,10.8775506],[99.4397034,10.8778219],[99.4394289,10.8778223],[99.4394325,10.8802642],[99.439158,10.8802645],[99.4391584,10.8805359],[99.4388839,10.8805363],[99.4388843,10.8808076],[99.4386098,10.880808],[99.4386102,10.8810793],[99.4383357,10.8810797],[99.4383368,10.8818936],[99.4386113,10.8818932],[99.4386117,10.8821645],[99.4380627,10.8821653],[99.4380631,10.8824366],[99.4383376,10.8824362],[99.438338,10.8827076],[99.438887,10.8827068],[99.4388874,10.8829781],[99.4391619,10.8829777],[99.4391623,10.883249],[99.4402603,10.8832474],[99.4402587,10.8821622]],[[99.441081,10.8813471],[99.4408065,10.8813474],[99.4408069,10.8816188],[99.4405324,10.8816192],[99.4405312,10.8808052],[99.4399822,10.880806],[99.439981,10.8799921],[99.4402555,10.8799917],[99.4402551,10.8797203],[99.4405296,10.87972],[99.4405304,10.8802626],[99.4408049,10.8802622],[99.4408053,10.8805335],[99.4410798,10.8805331],[99.4410802,10.8808044],[99.4413547,10.880804],[99.4413551,10.8810753],[99.4410806,10.8810757],[99.441081,10.8813471]]]},{"type":"MultiPolygon","coordinates":[[[[99.4462997,10.88351],[99.4460252,10.8835104],[99.4460248,10.8832391],[99.4457503,10.8832395],[99.4457495,10.8826969],[99.4454801,10.8826973],[99.4456373,10.8830841],[99.4458104,10.8833886],[99.4459751,10.8835103],[99.4462997,10.8835299],[99.4462997,10.88351]]],[[[99.4452712,10.8824263],[99.4454623,10.8826536],[99.445475,10.8826848],[99.4454746,10.882426],[99.4452712,10.8824263]]]]},{"type":"Polygon","coordinates":[[[99.4375161,10.883794],[99.4372416,10.8837944],[99.437242,10.8840657],[99.4375165,10.8840653],[99.4375161,10.883794]]]},{"type":"Polygon","coordinates":[[[99.4375161,10.883794],[99.4377906,10.8837936],[99.437791,10.8840649],[99.439438,10.8840626],[99.4394376,10.8837912],[99.4391631,10.8837916],[99.4391627,10.8835203],[99.4388882,10.8835207],[99.4388886,10.883792],[99.4386141,10.8837924],[99.4386133,10.8832498],[99.4377898,10.883251],[99.4377902,10.8835223],[99.4375157,10.8835227],[99.4375161,10.883794]],[[99.4383392,10.8835215],[99.4383396,10.8837928],[99.4380651,10.8837932],[99.4380647,10.8835219],[99.4383392,10.8835215]]]},{"type":"Polygon","coordinates":[[[99.443006,10.8837113],[99.4430061,10.8837861],[99.4432806,10.8837857],[99.443281,10.884057],[99.4438584,10.8840562],[99.4436787,10.8838988],[99.4433599,10.8837881],[99.4431349,10.8837606],[99.4430318,10.8837145],[99.4430295,10.8836989],[99.443006,10.8837113]]]},{"type":"Polygon","coordinates":[[[99.4364197,10.8849153],[99.436505,10.8850053],[99.4365645,10.8851519],[99.4366946,10.8851517],[99.4366942,10.8848804],[99.4364197,10.8848808],[99.4364197,10.8849153]]]},{"type":"Polygon","coordinates":[[[99.436421,10.8857826],[99.4362974,10.8856949],[99.4358719,10.8856955],[99.4358723,10.8859668],[99.4364213,10.8859661],[99.436421,10.8857826]]]},{"type":"MultiPolygon","coordinates":[[[[99.435597,10.8854449],[99.4354209,10.8855322],[99.4352869,10.8856318],[99.4352626,10.8856964],[99.4355974,10.8856959],[99.435597,10.8854449]]],[[[99.4361416,10.8824394],[99.4358671,10.8824398],[99.4358664,10.8818971],[99.4361409,10.8818967],[99.4361405,10.8816254],[99.436415,10.881625],[99.4364142,10.8810824],[99.4361397,10.8810828],[99.4361393,10.8808115],[99.4358648,10.8808119],[99.4358644,10.8805406],[99.4355899,10.8805409],[99.4355895,10.8802696],[99.4361385,10.8802689],[99.4361381,10.8799975],[99.4353146,10.8799987],[99.435313,10.8789134],[99.4355875,10.8789131],[99.4355871,10.8786417],[99.4350998,10.8786424],[99.4347066,10.8786937],[99.4346366,10.8787268],[99.4345754,10.8787968],[99.4345645,10.8789145],[99.434764,10.8789142],[99.4347648,10.8794569],[99.4346489,10.879457],[99.4346863,10.879657],[99.434491,10.8798991],[99.4344911,10.8799999],[99.4350401,10.8799991],[99.4350405,10.8802704],[99.434766,10.8802708],[99.4347664,10.8805421],[99.4350409,10.8805417],[99.435041,10.8806254],[99.4353701,10.8805836],[99.4355494,10.8805834],[99.4356947,10.8806465],[99.4357883,10.8808285],[99.4358574,10.881085],[99.4358581,10.8815295],[99.4358125,10.8817451],[99.4356503,10.881926],[99.4355482,10.882154],[99.4355767,10.8823754],[99.4356135,10.8824552],[99.4357264,10.8826252],[99.4357265,10.8827409],[99.4356576,10.8828229],[99.435509,10.8828298],[99.4352998,10.8827879],[99.4352482,10.8827932],[99.4349573,10.8829565],[99.4348475,10.8829838],[99.4355934,10.8829828],[99.4355938,10.8832541],[99.4350448,10.8832549],[99.4350452,10.8835262],[99.4347707,10.8835266],[99.43477,10.8830031],[99.4347243,10.8830145],[99.4345711,10.8831511],[99.4346081,10.8837939],[99.4347066,10.8838909],[99.4352719,10.8840098],[99.4355316,10.8842426],[99.4355956,10.8844416],[99.4355954,10.8843393],[99.4366934,10.8843378],[99.436693,10.8840665],[99.4364185,10.8840669],[99.4364169,10.8829816],[99.4361424,10.882982],[99.4361416,10.8824394]]]]},{"type":"Polygon","coordinates":[[[99.4408346,10.8862311],[99.4408137,10.8862311],[99.4408141,10.8865024],[99.4409389,10.8865022],[99.4408885,10.8864729],[99.4408294,10.8862902],[99.4408346,10.8862311]]]},{"type":"Polygon","coordinates":[[[99.4410887,10.8865917],[99.441089,10.8867733],[99.4413359,10.886773],[99.4410887,10.8865917]]]},{"type":"Polygon","coordinates":[[[99.4358739,10.8870521],[99.4358735,10.8867808],[99.435599,10.8867812],[99.4355993,10.8870525],[99.4358739,10.8870521]]]},{"type":"Polygon","coordinates":[[[99.4350036,10.887596],[99.4350513,10.8876804],[99.4350511,10.8875959],[99.4350036,10.887596]]]},{"type":"Polygon","coordinates":[[[99.4351713,10.887867],[99.4353263,10.8880566],[99.435326,10.8878668],[99.4351713,10.887867]]]},{"type":"Polygon","coordinates":[[[99.4353929,10.888138],[99.4354024,10.8881496],[99.4356013,10.8883928],[99.4356009,10.8881377],[99.4353929,10.888138]]]},{"type":"Polygon","coordinates":[[[99.4358362,10.88868],[99.4358763,10.888729],[99.4358762,10.88868],[99.4358362,10.88868]]]},{"type":"MultiPolygon","coordinates":[[[[99.4465734,10.8829534],[99.4465738,10.8832383],[99.4462993,10.8832387],[99.4462997,10.88351],[99.4463356,10.88351],[99.4465835,10.883302],[99.446583,10.88297],[99.4465734,10.8829534]]],[[[99.4462983,10.8825591],[99.4462985,10.8826961],[99.446424,10.8826959],[99.4464147,10.8826799],[99.4462983,10.8825591]]],[[[99.446169,10.882425],[99.446088,10.882341],[99.4460233,10.8822348],[99.4460236,10.8824252],[99.446169,10.882425]]],[[[99.4462676,10.8816109],[99.4460224,10.8816112],[99.4460227,10.8817969],[99.4460934,10.8817092],[99.4462676,10.8816109]]],[[[99.4468987,10.8813386],[99.4462965,10.8813395],[99.4462969,10.8815943],[99.4465219,10.8814673],[99.4468987,10.8813386]]],[[[99.4474981,10.8810665],[99.4473941,10.8810666],[99.4473941,10.8811198],[99.4474981,10.8810665]]],[[[99.4480282,10.8807944],[99.4476682,10.8807949],[99.4476684,10.880979],[99.4480282,10.8807944]]],[[[99.4485582,10.8805223],[99.4482167,10.8805228],[99.448217,10.8806974],[99.4485582,10.8805223]]],[[[99.4488967,10.8802505],[99.4487653,10.8802507],[99.4487656,10.8804079],[99.4487905,10.8803899],[99.4488967,10.8802505]]]]},{"type":"Polygon","coordinates":[[[99.4371759,10.8892208],[99.4381533,10.8894969],[99.4386227,10.8896295],[99.4386225,10.88949],[99.4391715,10.8894892],[99.4391711,10.8892179],[99.4394456,10.8892175],[99.439444,10.8881323],[99.439993,10.8881315],[99.4399926,10.8878602],[99.4402671,10.8878598],[99.4402667,10.8875885],[99.4405412,10.8875881],[99.4405408,10.8873168],[99.4399918,10.8873175],[99.439991,10.8867749],[99.4402655,10.8867745],[99.4402643,10.8859606],[99.4399898,10.885961],[99.4399894,10.8856897],[99.4394404,10.8856904],[99.43944,10.8854191],[99.4391655,10.8854195],[99.4391647,10.8848769],[99.4388902,10.8848773],[99.4388898,10.884606],[99.4383408,10.8846068],[99.4383416,10.8851494],[99.4377926,10.8851502],[99.437793,10.8854215],[99.4380675,10.8854211],[99.4380679,10.8856924],[99.4383424,10.885692],[99.4383428,10.8859633],[99.4377938,10.8859641],[99.437795,10.8867781],[99.4375205,10.8867784],[99.4375217,10.8875924],[99.4372472,10.8875928],[99.4372476,10.8878641],[99.4377966,10.8878633],[99.4377977,10.8886773],[99.4375232,10.8886776],[99.437524,10.8892203],[99.4371759,10.8892208]],[[99.4388942,10.8875904],[99.4377962,10.887592],[99.4377954,10.8870494],[99.4380699,10.887049],[99.4380691,10.8865063],[99.4383436,10.886506],[99.4383432,10.8862346],[99.4386177,10.8862342],[99.4386181,10.8865056],[99.4391671,10.8865048],[99.4391683,10.8873187],[99.4388938,10.8873191],[99.4388942,10.8875904]]]},{"type":"Polygon","coordinates":[[[99.4449373,10.8902949],[99.4449357,10.8892096],[99.4446612,10.88921],[99.4446616,10.8894813],[99.4443871,10.8894817],[99.4443883,10.8902957],[99.4449373,10.8902949]]]},{"type":"Polygon","coordinates":[[[99.438898,10.8901977],[99.438511,10.8909913],[99.4387459,10.8911177],[99.4391738,10.8911171],[99.4391742,10.8913484],[99.4392484,10.8913883],[99.4397233,10.8913876],[99.4397225,10.890845],[99.4391735,10.8908458],[99.4391731,10.8905745],[99.4388985,10.8905749],[99.438898,10.8901977]]]},{"type":"Polygon","coordinates":[[[99.4465857,10.8912516],[99.4465859,10.8913777],[99.4467709,10.8913775],[99.4466569,10.8912958],[99.4465857,10.8912516]]]},{"type":"Polygon","coordinates":[[[99.4397415,10.8913876],[99.4397233,10.8913876],[99.4397233,10.8913929],[99.4397415,10.8913876]]]},{"type":"Polygon","coordinates":[[[99.4469652,10.8916237],[99.4469151,10.8914807],[99.4468605,10.8914417],[99.4468611,10.8918326],[99.4469652,10.8916237]]]},{"type":"Polygon","coordinates":[[[99.444666,10.8924658],[99.4446656,10.8921945],[99.4449401,10.8921941],[99.4449397,10.8919228],[99.4446652,10.8919232],[99.4446648,10.8916518],[99.4441158,10.8916526],[99.4441154,10.8913813],[99.4435664,10.8913821],[99.443566,10.8911108],[99.4438405,10.8911104],[99.4438401,10.8908391],[99.4430165,10.8908403],[99.4430169,10.8911116],[99.4432914,10.8911112],[99.4432923,10.8916538],[99.4438413,10.891653],[99.4438425,10.892467],[99.444666,10.8924658]]]},{"type":"Polygon","coordinates":[[[99.4466824,10.8921915],[99.4457636,10.8921929],[99.445764,10.8924642],[99.4457775,10.8924642],[99.4460465,10.8922649],[99.4465986,10.8923598],[99.4466824,10.8921915]]]},{"type":"Polygon","coordinates":[[[99.4432931,10.8921965],[99.4430185,10.8921968],[99.4430193,10.8927395],[99.4435684,10.8927387],[99.443568,10.8924674],[99.4432935,10.8924678],[99.4432931,10.8921965]]]},{"type":"Polygon","coordinates":[[[99.4454105,10.892736],[99.4452154,10.8927363],[99.4452158,10.893014],[99.4453075,10.8928123],[99.4454105,10.892736]]]},{"type":"Polygon","coordinates":[[[99.4428242,10.8932824],[99.4427456,10.8932825],[99.4427457,10.8933507],[99.4428242,10.8932824]]]},{"type":"Polygon","coordinates":[[[99.443103,10.893282],[99.443553,10.8935526],[99.4435696,10.8935526],[99.4435692,10.8932813],[99.443103,10.893282]]]},{"type":"Polygon","coordinates":[[[99.442512,10.8935542],[99.4424715,10.8935542],[99.4424716,10.8935894],[99.442512,10.8935542]]]},{"type":"Polygon","coordinates":[[[99.4435696,10.8935526],[99.4435696,10.8935626],[99.4439203,10.8937735],[99.4441191,10.8938931],[99.4441186,10.8935518],[99.4435696,10.8935526]]]},{"type":"Polygon","coordinates":[[[99.4419233,10.8940667],[99.4419229,10.8938263],[99.4421974,10.8938259],[99.4421966,10.8932833],[99.4424711,10.8932829],[99.4424707,10.8930116],[99.4427452,10.8930112],[99.4427444,10.8924686],[99.4424699,10.892469],[99.4424695,10.8921976],[99.442744,10.8921972],[99.4427424,10.891112],[99.4419189,10.8911132],[99.4419193,10.8913845],[99.4416448,10.8913849],[99.4416452,10.8916562],[99.4408217,10.8916574],[99.4408213,10.8913861],[99.4402723,10.8913869],[99.4402727,10.8916582],[99.4399982,10.8916586],[99.4399978,10.8913873],[99.4398016,10.8913875],[99.4401715,10.8922009],[99.4402735,10.8922008],[99.4402738,10.892426],[99.4403175,10.8925221],[99.4407298,10.8934288],[99.441798,10.8941758],[99.4419233,10.8940667]],[[99.4413735,10.8935558],[99.441099,10.8935562],[99.4410986,10.8932849],[99.4413731,10.8932845],[99.4413735,10.8935558],[99.441648,10.8935554],[99.4416484,10.8938267],[99.4413739,10.8938271],[99.4413735,10.8935558]]]},{"type":"Polygon","coordinates":[[[99.4384766,10.8748392],[99.4383519,10.8751107],[99.4386014,10.8751104],[99.438601,10.874839],[99.4384766,10.8748392]]]},{"type":"Polygon","coordinates":[[[99.4386014,10.8751104],[99.4386018,10.8753817],[99.4388763,10.8753813],[99.4388759,10.87511],[99.4386014,10.8751104]]]},{"type":"Polygon","coordinates":[[[99.4344911,10.8799999],[99.4344919,10.8805425],[99.4347664,10.8805421],[99.434766,10.8802708],[99.4350405,10.8802704],[99.4350401,10.8799991],[99.4344911,10.8799999]]]},{"type":"Polygon","coordinates":[[[99.4348475,10.8829838],[99.43477,10.8830031],[99.4347707,10.8835266],[99.4350452,10.8835262],[99.4350448,10.8832549],[99.4355938,10.8832541],[99.4355934,10.8829828],[99.4348475,10.8829838]]]},{"type":"Polygon","coordinates":[[[99.4413735,10.8935558],[99.4413731,10.8932845],[99.4410986,10.8932849],[99.441099,10.8935562],[99.4413735,10.8935558]]]},{"type":"Polygon","coordinates":[[[99.4413735,10.8935558],[99.4413739,10.8938271],[99.4416484,10.8938267],[99.441648,10.8935554],[99.4413735,10.8935558]]]},{"type":"Polygon","coordinates":[[[99.4421974,10.893828],[99.4421974,10.8938259],[99.4419229,10.8938263],[99.4419233,10.8940667],[99.4421974,10.893828]]]},{"type":"MultiPolygon","coordinates":[[[[99.4452158,10.893014],[99.4452154,10.8927363],[99.4454105,10.892736],[99.445764,10.8924741],[99.445764,10.8924642],[99.4457636,10.8921929],[99.4466824,10.8921915],[99.4468611,10.8918326],[99.4468605,10.8914417],[99.4467709,10.8913775],[99.4465859,10.8913777],[99.4465857,10.8912516],[99.4461121,10.8909579],[99.4457619,10.8908797],[99.4456927,10.8908457],[99.4455903,10.8907649],[99.4455491,10.890583],[99.4455819,10.8904001],[99.4458568,10.8902169],[99.4459576,10.8901106],[99.446107,10.889733],[99.4460861,10.8894297],[99.445963,10.8891536],[99.4457716,10.888891],[99.4455395,10.8886824],[99.445287,10.8886019],[99.4449598,10.8886428],[99.4448597,10.8886794],[99.4446525,10.8887637],[99.4444055,10.8888455],[99.4443123,10.8888796],[99.4440328,10.8889205],[99.4438554,10.888887],[99.4437205,10.8888179],[99.4436842,10.888813],[99.4435024,10.8886338],[99.4435142,10.8884663],[99.4435282,10.8883937],[99.4435266,10.8883854],[99.4435257,10.8877875],[99.4434832,10.8874556],[99.4431892,10.8873523],[99.4428089,10.8874093],[99.4427501,10.8874385],[99.4426294,10.8876779],[99.4424969,10.8881447],[99.4424441,10.888232],[99.4424289,10.8883145],[99.4423199,10.8884724],[99.4422925,10.8884826],[99.4422796,10.888504],[99.4422199,10.8885097],[99.4420512,10.8885725],[99.4418579,10.8885561],[99.4417989,10.8885113],[99.4415409,10.8883495],[99.4414315,10.8879907],[99.4414826,10.8877465],[99.4414785,10.8877012],[99.4415281,10.8871779],[99.4414352,10.8868458],[99.4413359,10.886773],[99.441089,10.8867733],[99.4410887,10.8865917],[99.4410735,10.8865806],[99.4409389,10.8865022],[99.4408141,10.8865024],[99.4408137,10.8862311],[99.4408346,10.8862311],[99.4408464,10.8860983],[99.4408562,10.8860809],[99.4408597,10.8860533],[99.4409683,10.8858259],[99.4410655,10.8857777],[99.4414234,10.8855292],[99.4420384,10.8854676],[99.4421233,10.8854862],[99.4422509,10.8854771],[99.4424447,10.8855366],[99.4426868,10.8855841],[99.4429049,10.8857154],[99.443147,10.885739],[99.4432741,10.8857466],[99.4434081,10.8856304],[99.4434832,10.8854524],[99.4437491,10.8850297],[99.4437633,10.8849843],[99.4438487,10.8848714],[99.44392,10.8847581],[99.4439969,10.8846164],[99.4440449,10.8843614],[99.4439321,10.8841208],[99.4438584,10.8840562],[99.443281,10.884057],[99.4432806,10.8837857],[99.4430061,10.8837861],[99.443006,10.8837113],[99.4425151,10.8839691],[99.4420741,10.8841635],[99.4416084,10.8842369],[99.4411913,10.8840679],[99.4408231,10.8837049],[99.4405773,10.8833176],[99.4403809,10.8830998],[99.4403069,10.8828091],[99.4403308,10.8823729],[99.4405437,10.8821618],[99.4402587,10.8821622],[99.4402603,10.8832474],[99.4391623,10.883249],[99.4391619,10.8829777],[99.4388874,10.8829781],[99.438887,10.8827068],[99.438338,10.8827076],[99.4383376,10.8824362],[99.4380631,10.8824366],[99.4380627,10.8821653],[99.4386117,10.8821645],[99.4386113,10.8818932],[99.4383368,10.8818936],[99.4383357,10.8810797],[99.4386102,10.8810793],[99.4386098,10.880808],[99.4388843,10.8808076],[99.4388839,10.8805363],[99.4391584,10.8805359],[99.439158,10.8802645],[99.4394325,10.8802642],[99.4394289,10.8778223],[99.4397034,10.8778219],[99.439703,10.8775506],[99.4399775,10.8775502],[99.4399779,10.8778215],[99.4410758,10.87782],[99.441075,10.8772773],[99.441624,10.8772765],[99.4416244,10.8775479],[99.4418989,10.8775475],[99.4418997,10.8780901],[99.4427232,10.8780889],[99.442724,10.8786315],[99.4429985,10.8786311],[99.4429989,10.8789025],[99.4427244,10.8789029],[99.4427248,10.8791742],[99.4424503,10.8791746],[99.4424511,10.8797172],[99.4421766,10.8797176],[99.442177,10.8799889],[99.4424515,10.8799885],[99.4424523,10.8805311],[99.4421778,10.8805315],[99.4421782,10.8808028],[99.4419037,10.8808032],[99.4419041,10.8810746],[99.4416296,10.8810749],[99.4416304,10.8816176],[99.4413559,10.881618],[99.4413562,10.8818141],[99.4417274,10.8818135],[99.441905,10.8816766],[99.4419049,10.8816172],[99.441973,10.8816171],[99.4423639,10.8812068],[99.4427275,10.8809947],[99.4427272,10.8808021],[99.4429712,10.8808017],[99.4431231,10.8806726],[99.443687,10.8806476],[99.4441039,10.8807681],[99.4441287,10.8809619],[99.4440758,10.8810714],[99.4441001,10.8810714],[99.4441005,10.8813427],[99.4439444,10.8813429],[99.4438354,10.8815682],[99.4438115,10.8819317],[99.4441018,10.8821939],[99.4441017,10.8821566],[99.4451997,10.8821551],[99.4452,10.8823663],[99.4452513,10.8824027],[99.4452712,10.8824263],[99.4454746,10.882426],[99.445475,10.8826848],[99.4454801,10.8826973],[99.4457495,10.8826969],[99.4457503,10.8832395],[99.4460248,10.8832391],[99.4460252,10.8835104],[99.4462997,10.88351],[99.4462993,10.8832387],[99.4465738,10.8832383],[99.4465734,10.8829534],[99.446424,10.8826959],[99.4462985,10.8826961],[99.4462983,10.8825591],[99.446169,10.882425],[99.4460236,10.8824252],[99.4460233,10.8822348],[99.4460192,10.882228],[99.445972,10.8820058],[99.4459812,10.8818483],[99.4460227,10.8817969],[99.4460224,10.8816112],[99.4462676,10.8816109],[99.4462969,10.8815943],[99.4462965,10.8813395],[99.4468987,10.8813386],[99.4471052,10.8812681],[99.4473941,10.8811198],[99.4473941,10.8810666],[99.4474981,10.8810665],[99.4476684,10.880979],[99.4476682,10.8807949],[99.4480282,10.8807944],[99.448217,10.8806974],[99.4482167,10.8805228],[99.4485582,10.8805223],[99.4487273,10.8804355],[99.4487656,10.8804079],[99.4487653,10.8802507],[99.4488967,10.8802505],[99.4490395,10.8800628],[99.4490394,10.8799789],[99.4491034,10.8799789],[99.4491647,10.8798984],[99.4492767,10.8796296],[99.4491823,10.8791666],[99.4489662,10.8787964],[99.4487973,10.8786577],[99.4486064,10.878623],[99.4485155,10.8786231],[99.4484884,10.8786339],[99.4484888,10.8788945],[99.4482143,10.8788949],[99.4482147,10.8791662],[99.4479637,10.8791666],[99.4479403,10.8791852],[99.4479406,10.8794379],[99.4476661,10.8794383],[99.4473413,10.8794388],[99.4473124,10.8794422],[99.447305,10.8794388],[99.4471171,10.8794391],[99.4468426,10.8794395],[99.4468422,10.8791682],[99.4465677,10.8791686],[99.4465673,10.8788973],[99.4462928,10.8788977],[99.4462925,10.8786968],[99.4460181,10.8786972],[99.4460184,10.8788981],[99.4451949,10.8788993],[99.4451945,10.8786411],[99.4451587,10.878628],[99.4446455,10.8786288],[99.444371,10.8786292],[99.4443706,10.8783957],[99.4442803,10.878358],[99.4440961,10.8783582],[99.4438216,10.8783586],[99.4438212,10.8780873],[99.4435467,10.8780877],[99.4435459,10.8775451],[99.4438204,10.8775447],[99.44382,10.8772734],[99.4440945,10.877273],[99.4440941,10.8770017],[99.4443686,10.8770013],[99.4446429,10.8770009],[99.4447575,10.8768769],[99.4448734,10.8766036],[99.444831,10.8763132],[99.4446709,10.8761869],[99.4446419,10.8761869],[99.4443674,10.8761873],[99.444367,10.875916],[99.4440925,10.8759164],[99.4440921,10.8756451],[99.4440913,10.8751025],[99.4441694,10.8751024],[99.4442413,10.8749241],[99.4443653,10.8747646],[99.444365,10.8745594],[99.4443646,10.8742881],[99.444639,10.8742877],[99.4446386,10.8740164],[99.4449131,10.874016],[99.4449127,10.8737447],[99.4451049,10.8737444],[99.445187,10.8735751],[99.4451868,10.873483],[99.4445474,10.8735408],[99.443328,10.873651],[99.4416687,10.8738009],[99.4416189,10.8738195],[99.4416192,10.8740208],[99.441079,10.8740216],[99.4410703,10.8740248],[99.4410707,10.8742929],[99.4403513,10.8742939],[99.4402472,10.8743329],[99.4402476,10.8745654],[99.4396986,10.8745662],[99.439699,10.8748375],[99.440248,10.8748367],[99.4402488,10.8753793],[99.4399743,10.8753797],[99.4399747,10.875651],[99.4397002,10.8756514],[99.4396998,10.8753801],[99.4394253,10.8753805],[99.4394257,10.8756518],[99.4391512,10.8756522],[99.439154,10.8775514],[99.4388795,10.8775518],[99.4388771,10.8759239],[99.4383281,10.8759247],[99.4383277,10.8756534],[99.4381026,10.8756537],[99.4377286,10.8764682],[99.4383289,10.8764673],[99.4383297,10.87701],[99.4380552,10.8770103],[99.438056,10.877553],[99.437507,10.8775538],[99.4375062,10.8770111],[99.4374793,10.8770112],[99.43723,10.8775542],[99.4372325,10.8775541],[99.4372329,10.8778255],[99.4375074,10.8778251],[99.4375082,10.8783677],[99.4372337,10.8783681],[99.4372341,10.8786394],[99.4372345,10.8789107],[99.437509,10.8789103],[99.4375086,10.878639],[99.4377831,10.8786386],[99.4377855,10.8802665],[99.437511,10.8802669],[99.4375114,10.8805382],[99.4369624,10.880539],[99.4369632,10.8810816],[99.4366887,10.881082],[99.4366879,10.8805394],[99.4369624,10.880539],[99.4369604,10.8791824],[99.4372349,10.879182],[99.4372345,10.8789107],[99.43696,10.8789111],[99.4366825,10.8789115],[99.4366525,10.8789513],[99.4365738,10.8789117],[99.4361365,10.8789123],[99.435862,10.8789127],[99.4358616,10.8786414],[99.4355871,10.8786417],[99.4355875,10.8789131],[99.435313,10.8789134],[99.4353146,10.8799987],[99.4361381,10.8799975],[99.4361385,10.8802689],[99.4355895,10.8802696],[99.4355899,10.8805409],[99.4358644,10.8805406],[99.4358648,10.8808119],[99.4361393,10.8808115],[99.4361397,10.8810828],[99.4364142,10.8810824],[99.436415,10.881625],[99.4361405,10.8816254],[99.4361409,10.8818967],[99.4358664,10.8818971],[99.4358671,10.8824398],[99.4361416,10.8824394],[99.4361413,10.8821681],[99.4364158,10.8821677],[99.4364161,10.882439],[99.4361416,10.8824394],[99.4361424,10.882982],[99.4364169,10.8829816],[99.4364185,10.8840669],[99.436693,10.8840665],[99.4366934,10.8843378],[99.4355954,10.8843393],[99.4355956,10.8844416],[99.4356558,10.8846292],[99.4357309,10.8847181],[99.4359172,10.8847748],[99.4360016,10.8847078],[99.4361931,10.884676],[99.4364197,10.8849153],[99.4364197,10.8848808],[99.4366942,10.8848804],[99.4366946,10.8851517],[99.4365645,10.8851519],[99.4366406,10.885339],[99.4366155,10.885667],[99.4364211,10.8857827],[99.436421,10.8857826],[99.4364213,10.8859661],[99.4358723,10.8859668],[99.4358719,10.8856955],[99.4362974,10.8856949],[99.4360989,10.8855541],[99.435817,10.8854431],[99.4356333,10.8854269],[99.435597,10.8854449],[99.4355974,10.8856959],[99.4352626,10.8856964],[99.4352504,10.8857286],[99.4353449,10.8858993],[99.4355266,10.8860635],[99.4356545,10.8865839],[99.4355152,10.8869529],[99.4353025,10.8870818],[99.4349785,10.88714],[99.4348959,10.8872356],[99.4348815,10.8873794],[99.4350036,10.887596],[99.4350511,10.8875959],[99.4350513,10.8876804],[99.4350741,10.887721],[99.4350932,10.8877715],[99.4351713,10.887867],[99.435326,10.8878668],[99.4353263,10.8880566],[99.4353929,10.888138],[99.4356009,10.8881377],[99.4356013,10.8883928],[99.4358362,10.88868],[99.4358762,10.88868],[99.4358763,10.888729],[99.4360088,10.8888911],[99.437139,10.8892103],[99.4371759,10.8892208],[99.437524,10.8892203],[99.4375232,10.8886776],[99.4377977,10.8886773],[99.4377966,10.8878633],[99.4372476,10.8878641],[99.4372472,10.8875928],[99.4375217,10.8875924],[99.4375205,10.8867784],[99.437795,10.8867781],[99.4377938,10.8859641],[99.4383428,10.8859633],[99.4383424,10.885692],[99.4380679,10.8856924],[99.4380675,10.8854211],[99.437793,10.8854215],[99.4377926,10.8851502],[99.4383416,10.8851494],[99.4383408,10.8846068],[99.4388898,10.884606],[99.4388902,10.8848773],[99.4391647,10.8848769],[99.4391655,10.8854195],[99.43944,10.8854191],[99.4394404,10.8856904],[99.4399894,10.8856897],[99.4399898,10.885961],[99.4402643,10.8859606],[99.4402655,10.8867745],[99.439991,10.8867749],[99.4399918,10.8873175],[99.4405408,10.8873168],[99.4405412,10.8875881],[99.4402667,10.8875885],[99.4402671,10.8878598],[99.4399926,10.8878602],[99.439993,10.8881315],[99.439444,10.8881323],[99.4394456,10.8892175],[99.4391711,10.8892179],[99.4391715,10.8894892],[99.4386225,10.88949],[99.4386227,10.8896295],[99.4391082,10.8897667],[99.438898,10.8901977],[99.4388985,10.8905749],[99.4391731,10.8905745],[99.4391735,10.8908458],[99.4397225,10.890845],[99.4397233,10.8913876],[99.4397415,10.8913876],[99.4397947,10.8913723],[99.4398016,10.8913875],[99.4399978,10.8913873],[99.4399982,10.8916586],[99.4402727,10.8916582],[99.4402723,10.8913869],[99.4408213,10.8913861],[99.4408217,10.8916574],[99.4416452,10.8916562],[99.4416448,10.8913849],[99.4419193,10.8913845],[99.4419189,10.8911132],[99.4427424,10.891112],[99.442744,10.8921972],[99.4424695,10.8921976],[99.4424699,10.892469],[99.4427444,10.8924686],[99.4427452,10.8930112],[99.4424707,10.8930116],[99.4424711,10.8932829],[99.4421966,10.8932833],[99.4421974,10.8938259],[99.4421999,10.8938259],[99.4424716,10.8935894],[99.4424715,10.8935542],[99.442512,10.8935542],[99.4427457,10.8933507],[99.4427456,10.8932825],[99.4428242,10.8932824],[99.4429384,10.893183],[99.443103,10.893282],[99.4435692,10.8932813],[99.4435696,10.8935526],[99.4441186,10.8935518],[99.4441191,10.8938931],[99.4446666,10.8942223],[99.4452158,10.893014]],[[99.4432931,10.8921965],[99.4432935,10.8924678],[99.443568,10.8924674],[99.4435684,10.8927387],[99.4430193,10.8927395],[99.4430185,10.8921968],[99.4432931,10.8921965]],[[99.444666,10.8924658],[99.4438425,10.892467],[99.4438413,10.891653],[99.4432923,10.8916538],[99.4432914,10.8911112],[99.4430169,10.8911116],[99.4430165,10.8908403],[99.4438401,10.8908391],[99.4438405,10.8911104],[99.443566,10.8911108],[99.4435664,10.8913821],[99.4441154,10.8913813],[99.4441158,10.8916526],[99.4446648,10.8916518],[99.4446652,10.8919232],[99.4449397,10.8919228],[99.4449401,10.8921941],[99.4446656,10.8921945],[99.444666,10.8924658]],[[99.4449373,10.8902949],[99.4443883,10.8902957],[99.4443871,10.8894817],[99.4446616,10.8894813],[99.4446612,10.88921],[99.4449357,10.8892096],[99.4449373,10.8902949]],[[99.4358739,10.8870521],[99.4355993,10.8870525],[99.435599,10.8867812],[99.4358735,10.8867808],[99.4358739,10.8870521]],[[99.4375161,10.883794],[99.4375165,10.8840653],[99.437242,10.8840657],[99.4372416,10.8837944],[99.4375161,10.883794],[99.4375157,10.8835227],[99.4377902,10.8835223],[99.4377898,10.883251],[99.4386133,10.8832498],[99.4386141,10.8837924],[99.4388886,10.883792],[99.4388882,10.8835207],[99.4391627,10.8835203],[99.4391631,10.8837916],[99.4394376,10.8837912],[99.439438,10.8840626],[99.437791,10.8840649],[99.4377906,10.8837936],[99.4375161,10.883794]],[[99.4383337,10.8797231],[99.4383341,10.8799944],[99.4380596,10.8799948],[99.4380592,10.8797235],[99.4383337,10.8797231]],[[99.4408006,10.8772777],[99.4408009,10.877549],[99.4405265,10.8775494],[99.4405261,10.8772781],[99.4408006,10.8772777]],[[99.4416212,10.8753773],[99.4413467,10.8753777],[99.4413452,10.8742925],[99.4418941,10.8742917],[99.4418949,10.8748343],[99.4421694,10.8748339],[99.4421698,10.8751052],[99.4424443,10.8751049],[99.4424451,10.8756475],[99.4429941,10.8756467],[99.4429953,10.8764606],[99.4427208,10.876461],[99.4427212,10.8767323],[99.4427216,10.8770037],[99.4429961,10.8770033],[99.4429965,10.8772746],[99.4424475,10.8772754],[99.4424471,10.8770041],[99.4421726,10.8770044],[99.4421722,10.8767331],[99.4416232,10.8767339],[99.4416224,10.8761913],[99.4418969,10.8761909],[99.4418961,10.8756483],[99.4416216,10.8756487],[99.4416212,10.8753773]],[[99.442718,10.8745618],[99.4427184,10.8748331],[99.4424439,10.8748335],[99.4424435,10.8745622],[99.442718,10.8745618]]],[[[99.4411222,10.8818896],[99.4408073,10.8818901],[99.4408075,10.8820012],[99.4411222,10.8818896]]]]},{"type":"Polygon","coordinates":[[[99.4518582,10.8729206],[99.4523227,10.87292],[99.4531462,10.8729187],[99.4534207,10.8729183],[99.4541317,10.8729173],[99.4530452,10.8728175],[99.4518582,10.8729206]]]},{"type":"Polygon","coordinates":[[[99.4550678,10.8730033],[99.4550681,10.8731872],[99.4554775,10.8731866],[99.4553019,10.8730248],[99.4550678,10.8730033]]]},{"type":"Polygon","coordinates":[[[99.4556175,10.8735005],[99.4556174,10.8734577],[99.455343,10.8734581],[99.4553431,10.8735712],[99.4556175,10.8735005]]]},{"type":"Polygon","coordinates":[[[99.454726,10.8737303],[99.4545199,10.8737307],[99.4542454,10.8737311],[99.4542456,10.8738542],[99.4545123,10.8737855],[99.454726,10.8737303]]]},{"type":"Polygon","coordinates":[[[99.4454614,10.8735544],[99.4452493,10.8740155],[99.4454621,10.8740152],[99.4454614,10.8735544]]]},{"type":"Polygon","coordinates":[[[99.4536678,10.8740032],[99.4531479,10.874004],[99.4531481,10.8741372],[99.4536678,10.8740032]]]},{"type":"Polygon","coordinates":[[[99.4451878,10.8741245],[99.4450784,10.8742871],[99.445188,10.8742869],[99.4451878,10.8741245]]]},{"type":"MultiPolygon","coordinates":[[[[99.44464,10.8749252],[99.4444617,10.8751019],[99.4446402,10.8751017],[99.44464,10.8749252]]],[[[99.4449139,10.8745587],[99.4449139,10.8745318],[99.4449037,10.874547],[99.4448586,10.8746199],[99.4448297,10.874657],[99.4447133,10.8748303],[99.4449143,10.87483],[99.4449139,10.8745587]]]]},{"type":"Polygon","coordinates":[[[99.4527816,10.8750898],[99.4526005,10.8750901],[99.4526009,10.8753312],[99.4527816,10.8750898]]]},{"type":"Polygon","coordinates":[[[99.4525783,10.8753614],[99.4523264,10.8753618],[99.4523269,10.8756972],[99.4524861,10.8754845],[99.4525783,10.8753614]]]},{"type":"Polygon","coordinates":[[[99.4521716,10.8759046],[99.4520527,10.8759048],[99.452053,10.8760631],[99.4521716,10.8759046]]]},{"type":"MultiPolygon","coordinates":[[[[99.4449159,10.8759152],[99.4449155,10.8756439],[99.4447019,10.8756442],[99.4447666,10.8757575],[99.4449161,10.8760193],[99.4449159,10.8759152]]],[[[99.4446407,10.875373],[99.4444493,10.8753733],[99.4444511,10.875376],[99.4445965,10.8754596],[99.4446409,10.8755374],[99.4446407,10.875373]]]]},{"type":"Polygon","coordinates":[[[99.4519683,10.8761762],[99.4517787,10.8761765],[99.4517791,10.8764478],[99.4519106,10.8764476],[99.4518921,10.8762781],[99.4519683,10.8761762]]]},{"type":"Polygon","coordinates":[[[99.4451908,10.8761861],[99.4450045,10.8761864],[99.4450732,10.876301],[99.4451204,10.8765232],[99.4450755,10.8767289],[99.4451916,10.8767288],[99.4451908,10.8761861]]]},{"type":"Polygon","coordinates":[[[99.447937,10.8769961],[99.4487605,10.8769949],[99.4487601,10.8767236],[99.4490346,10.8767232],[99.4490341,10.8764519],[99.4493086,10.8764515],[99.4493082,10.8761801],[99.4495827,10.8761797],[99.4495811,10.8750945],[99.4493066,10.8750949],[99.4493062,10.8748236],[99.4490317,10.874824],[99.4490321,10.8750953],[99.4487576,10.8750957],[99.4487584,10.8756383],[99.4484839,10.8756387],[99.4484848,10.8761814],[99.4482103,10.8761818],[99.4482107,10.8764531],[99.4479362,10.8764535],[99.447937,10.8769961]]]},{"type":"Polygon","coordinates":[[[99.447937,10.8769961],[99.4476625,10.8769965],[99.4476629,10.8772678],[99.4479374,10.8772674],[99.447937,10.8769961]]]},{"type":"MultiPolygon","coordinates":[[[[99.4446436,10.8773505],[99.4443453,10.8775298],[99.4443135,10.877544],[99.4443694,10.8775439],[99.4446439,10.8775435],[99.4446436,10.8773505]]],[[[99.4449177,10.8770732],[99.4448736,10.8771229],[99.4447583,10.877272],[99.444918,10.8772718],[99.4449177,10.8770732]]]]},{"type":"Polygon","coordinates":[[[99.444095,10.8776528],[99.4440431,10.8777456],[99.4440954,10.8779103],[99.444095,10.8776528]]]},{"type":"Polygon","coordinates":[[[99.4446447,10.8780861],[99.444386,10.8780865],[99.4445763,10.8781875],[99.4446449,10.8782122],[99.4446447,10.8780861]]]},{"type":"Polygon","coordinates":[[[99.4465665,10.8783547],[99.4452951,10.8783565],[99.4455169,10.8784216],[99.4458449,10.8784489],[99.4463228,10.8784297],[99.4463833,10.8784485],[99.4463924,10.878448],[99.4464189,10.8784595],[99.4465668,10.8785055],[99.4465665,10.8783547]]]},{"type":"Polygon","coordinates":[[[99.449037,10.8783511],[99.4487625,10.8783515],[99.4487625,10.8783785],[99.4489256,10.8784122],[99.4490372,10.8784998],[99.449037,10.8783511]]]},{"type":"Polygon","coordinates":[[[99.4520837,10.8786179],[99.4520568,10.8786179],[99.452057,10.8787448],[99.4520837,10.8786179]]]},{"type":"Polygon","coordinates":[[[99.4480335,10.8786238],[99.4479394,10.878624],[99.4479395,10.8787115],[99.4479539,10.878696],[99.4480335,10.8786238]]]},{"type":"Polygon","coordinates":[[[99.4471163,10.8788965],[99.4471032,10.8788965],[99.4471164,10.8789145],[99.4471163,10.8788965]]]},{"type":"Polygon","coordinates":[[[99.4477808,10.8788955],[99.4476653,10.8788957],[99.4476655,10.8790204],[99.4477477,10.8789552],[99.4477808,10.8788955]]]},{"type":"Polygon","coordinates":[[[99.4495868,10.8788929],[99.4493839,10.8788932],[99.4494355,10.8789969],[99.4494435,10.8790059],[99.4494488,10.8790237],[99.4495197,10.8791661],[99.4495304,10.8792977],[99.4495715,10.8794355],[99.4495876,10.8794355],[99.4495868,10.8788929]]]},{"type":"Polygon","coordinates":[[[99.4493143,10.8802499],[99.449301,10.8802499],[99.4491914,10.8803822],[99.4491327,10.8804298],[99.4490906,10.8804913],[99.4490422,10.8805216],[99.4493147,10.8805212],[99.4493143,10.8802499]]]},{"type":"Polygon","coordinates":[[[99.4515115,10.8810606],[99.4515103,10.8802466],[99.4509613,10.8802474],[99.4509617,10.8805188],[99.4506872,10.8805192],[99.4506876,10.8807905],[99.4509621,10.8807901],[99.4509625,10.8810614],[99.4515115,10.8810606]]]},{"type":"Polygon","coordinates":[[[99.4446513,10.8825703],[99.4445346,10.8826861],[99.4445113,10.8826987],[99.4446515,10.8826985],[99.4446513,10.8825703]]]},{"type":"Polygon","coordinates":[[[99.4465744,10.8836502],[99.4465575,10.8836642],[99.4463,10.8837199],[99.4463001,10.8837813],[99.4465746,10.8837809],[99.4465744,10.8836502]]]},{"type":"Polygon","coordinates":[[[99.448336,10.8851349],[99.4482236,10.8851351],[99.4482239,10.8853196],[99.448336,10.8851349]]]},{"type":"Polygon","coordinates":[[[99.4480064,10.8856781],[99.4479499,10.8856781],[99.4479501,10.8857708],[99.4480064,10.8856781]]]},{"type":"Polygon","coordinates":[[[99.4478416,10.8859496],[99.4471268,10.8859507],[99.447127,10.8860819],[99.4477803,10.8860505],[99.4478416,10.8859496]]]},{"type":"Polygon","coordinates":[[[99.4469366,10.8862222],[99.4468528,10.8862224],[99.4468535,10.886754],[99.4469366,10.8862222]]]},{"type":"Polygon","coordinates":[[[99.4463042,10.8864945],[99.4460296,10.8864949],[99.4460301,10.8867662],[99.4463046,10.8867658],[99.4463042,10.8864945]]]},{"type":"Polygon","coordinates":[[[99.4465976,10.8883933],[99.4465815,10.8883933],[99.4465816,10.8884953],[99.4465976,10.8883933]]]},{"type":"Polygon","coordinates":[[[99.4465858,10.8894785],[99.4465831,10.8894785],[99.4465835,10.8897498],[99.4466407,10.8897498],[99.4465858,10.8894785]]]},{"type":"Polygon","coordinates":[[[99.4468602,10.8908347],[99.4468596,10.8908347],[99.44686,10.891106],[99.4468604,10.8913214],[99.4469209,10.8913772],[99.44697,10.8913772],[99.4468602,10.8908347]]]},{"type":"Polygon","coordinates":[[[99.4523227,10.87292],[99.4518582,10.8729206],[99.4516549,10.8729383],[99.4509504,10.8729995],[99.4509507,10.8731933],[99.4523232,10.8731913],[99.4523227,10.87292]]]},{"type":"Polygon","coordinates":[[[99.4534207,10.8729183],[99.4531462,10.8729187],[99.4531466,10.8731901],[99.4534211,10.8731896],[99.4534207,10.8729183]]]},{"type":"Polygon","coordinates":[[[99.4550678,10.8730033],[99.4545187,10.8729528],[99.4545191,10.873188],[99.4550681,10.8731872],[99.4550678,10.8730033]]]},{"type":"Polygon","coordinates":[[[99.4457357,10.8734335],[99.4455116,10.8734537],[99.4455018,10.8734725],[99.4457358,10.8734722],[99.4457357,10.8734335]]]},{"type":"Polygon","coordinates":[[[99.4556172,10.8733153],[99.4556174,10.8734577],[99.4556175,10.8735005],[99.4557744,10.87346],[99.4556172,10.8733153]]]},{"type":"Polygon","coordinates":[[[99.4553431,10.8735712],[99.455343,10.8734581],[99.4545195,10.8734593],[99.4545199,10.8737307],[99.454726,10.8737303],[99.4553431,10.8735712]]]},{"type":"Polygon","coordinates":[[[99.4542456,10.8738542],[99.4542454,10.8737311],[99.4536964,10.8737319],[99.4536968,10.8739957],[99.4542456,10.8738542]]]},{"type":"Polygon","coordinates":[[[99.4454621,10.8740152],[99.4452493,10.8740155],[99.4452238,10.8740708],[99.4451878,10.8741245],[99.445188,10.8742869],[99.4454625,10.8742865],[99.4454621,10.8740152]]]},{"type":"Polygon","coordinates":[[[99.445188,10.8742869],[99.4450784,10.8742871],[99.4449139,10.8745318],[99.4449139,10.8745587],[99.4451884,10.8745583],[99.445188,10.8742869]]]},{"type":"Polygon","coordinates":[[[99.4531481,10.8741372],[99.4531479,10.874004],[99.4528734,10.8740044],[99.4528742,10.874547],[99.4529894,10.8745469],[99.4529481,10.8741888],[99.4531481,10.8741372]]]},{"type":"Polygon","coordinates":[[[99.452985,10.8748182],[99.4526001,10.8748187],[99.4526005,10.8750901],[99.4527816,10.8750898],[99.452985,10.8748182]]]},{"type":"Polygon","coordinates":[[[99.4446402,10.8751017],[99.4444617,10.8751019],[99.4444386,10.8751248],[99.4443904,10.8752804],[99.4444493,10.8753733],[99.4446407,10.875373],[99.4446402,10.8751017]]]},{"type":"Polygon","coordinates":[[[99.4451892,10.8751009],[99.4449147,10.8751013],[99.4449151,10.8753726],[99.4451896,10.8753722],[99.4451892,10.8751009]]]},{"type":"Polygon","coordinates":[[[99.4523269,10.8756972],[99.4523264,10.8753618],[99.4525783,10.8753614],[99.4526009,10.8753312],[99.4526005,10.8750901],[99.4520515,10.8750909],[99.4520527,10.8759048],[99.4521716,10.8759046],[99.4523269,10.8756972]]]},{"type":"Polygon","coordinates":[[[99.4449159,10.8759152],[99.4449161,10.8760193],[99.4449241,10.8760334],[99.4449568,10.8761068],[99.4450045,10.8761864],[99.4451908,10.8761861],[99.4451904,10.8759148],[99.4449159,10.8759152]]]},{"type":"Polygon","coordinates":[[[99.452053,10.8760631],[99.4520527,10.8759048],[99.4517783,10.8759052],[99.4517778,10.8756339],[99.4515034,10.8756343],[99.4515029,10.875363],[99.4512285,10.8753634],[99.451228,10.8750921],[99.4509536,10.8750925],[99.4509544,10.8756351],[99.4512289,10.8756347],[99.4512293,10.875906],[99.4515038,10.8759056],[99.4515042,10.8761769],[99.4517787,10.8761765],[99.4519683,10.8761762],[99.452053,10.8760631]]]},{"type":"Polygon","coordinates":[[[99.4451916,10.8767288],[99.4450755,10.8767289],[99.4450273,10.8769495],[99.4449177,10.8770732],[99.444918,10.8772718],[99.4451925,10.8772714],[99.4451916,10.8767288]]]},{"type":"Polygon","coordinates":[[[99.444918,10.8772718],[99.4447583,10.877272],[99.4447444,10.8772899],[99.4446436,10.8773505],[99.4446439,10.8775435],[99.4449184,10.8775431],[99.444918,10.8772718]]]},{"type":"Polygon","coordinates":[[[99.4443694,10.8775439],[99.4443135,10.877544],[99.4441034,10.8776378],[99.444095,10.8776528],[99.4440954,10.8779103],[99.4441039,10.8779369],[99.4443702,10.8780781],[99.4443694,10.8775439]]]},{"type":"Polygon","coordinates":[[[99.4446447,10.8780861],[99.4446449,10.8782122],[99.4447236,10.8782407],[99.4449194,10.8782681],[99.4449192,10.8780857],[99.4446447,10.8780861]]]},{"type":"Polygon","coordinates":[[[99.4465665,10.8783547],[99.4465668,10.8785055],[99.4468307,10.8785874],[99.4468414,10.878598],[99.446841,10.8783543],[99.4465665,10.8783547]]]},{"type":"Polygon","coordinates":[[[99.4471163,10.8788965],[99.4471159,10.8786252],[99.4468693,10.8786255],[99.4469963,10.8787506],[99.4471032,10.8788965],[99.4471163,10.8788965]]]},{"type":"Polygon","coordinates":[[[99.4479395,10.8787115],[99.4479394,10.878624],[99.4476649,10.8786244],[99.4476641,10.8780818],[99.4479386,10.8780814],[99.4479382,10.87781],[99.4482127,10.8778096],[99.4482123,10.8775383],[99.4498593,10.8775359],[99.4498588,10.8772646],[99.4501333,10.8772642],[99.4501329,10.8769929],[99.4504074,10.8769925],[99.4504054,10.8756359],[99.4501309,10.8756363],[99.4501305,10.875365],[99.450405,10.8753646],[99.4504046,10.8750933],[99.4501301,10.8750937],[99.4501293,10.8745511],[99.4490313,10.8745527],[99.4490309,10.8742814],[99.4487564,10.8742818],[99.4487572,10.8748244],[99.4484827,10.8748248],[99.4484835,10.8753674],[99.4479346,10.8753682],[99.4479354,10.8759108],[99.4473864,10.8759116],[99.4473868,10.876183],[99.4471123,10.8761834],[99.4471127,10.8764547],[99.4468382,10.8764551],[99.446839,10.8769977],[99.4465645,10.8769981],[99.4465649,10.8772694],[99.4468394,10.877269],[99.4468402,10.8778116],[99.4471147,10.8778112],[99.4471159,10.8786252],[99.4473904,10.8786248],[99.4473908,10.8788961],[99.4476653,10.8788957],[99.4477808,10.8788955],[99.4477985,10.8788636],[99.4479395,10.8787115]],[[99.447937,10.8769961],[99.4479362,10.8764535],[99.4482107,10.8764531],[99.4482103,10.8761818],[99.4484848,10.8761814],[99.4484839,10.8756387],[99.4487584,10.8756383],[99.4487576,10.8750957],[99.4490321,10.8750953],[99.4490317,10.874824],[99.4493062,10.8748236],[99.4493066,10.8750949],[99.4495811,10.8750945],[99.4495827,10.8761797],[99.4493082,10.8761801],[99.4493086,10.8764515],[99.4490341,10.8764519],[99.4490346,10.8767232],[99.4487601,10.8767236],[99.4487605,10.8769949],[99.447937,10.8769961],[99.4479374,10.8772674],[99.4476629,10.8772678],[99.4476625,10.8769965],[99.447937,10.8769961]]]},{"type":"MultiPolygon","coordinates":[[[[99.4485423,10.8783518],[99.447939,10.8783527],[99.4479394,10.878624],[99.4480335,10.8786238],[99.4482815,10.8783991],[99.4485423,10.8783518]]],[[[99.4487625,10.8783515],[99.4486324,10.8783517],[99.4487625,10.8783785],[99.4487625,10.8783515]]]]},{"type":"Polygon","coordinates":[[[99.449037,10.8783511],[99.4490372,10.8784998],[99.4492847,10.878694],[99.4493839,10.8788932],[99.4495868,10.8788929],[99.4495864,10.8786216],[99.4493119,10.878622],[99.4493115,10.8783507],[99.449037,10.8783511]]]},{"type":"Polygon","coordinates":[[[99.4473912,10.8791324],[99.4473908,10.8788961],[99.4471163,10.8788965],[99.4471164,10.8789145],[99.4472374,10.8790796],[99.4473612,10.8791359],[99.4473912,10.8791324]]]},{"type":"MultiPolygon","coordinates":[[[[99.4495877,10.8795046],[99.4494693,10.8800468],[99.449301,10.8802499],[99.4493143,10.8802499],[99.4495888,10.8802495],[99.4495877,10.8795046]]],[[[99.4495876,10.8794355],[99.4495715,10.8794355],[99.4495877,10.87949],[99.4495876,10.8794355]]]]},{"type":"Polygon","coordinates":[[[99.4494159,10.8810637],[99.4493155,10.8810638],[99.4493158,10.8812168],[99.4494159,10.8810637]]]},{"type":"Polygon","coordinates":[[[99.4492383,10.8813352],[99.4490415,10.8813355],[99.4490419,10.8816068],[99.4490606,10.8816068],[99.4491089,10.8815329],[99.4492383,10.8813352]]]},{"type":"Polygon","coordinates":[[[99.4515119,10.881342],[99.4515119,10.8813319],[99.4515141,10.8813319],[99.4516439,10.880713],[99.4518679,10.8796459],[99.452057,10.8787448],[99.4520568,10.8786179],[99.4520837,10.8786179],[99.4521253,10.8784193],[99.4520583,10.877804],[99.4520556,10.877804],[99.4520556,10.8777793],[99.452022,10.8774712],[99.4519106,10.8764476],[99.4517791,10.8764478],[99.4517795,10.8767192],[99.451505,10.8767196],[99.4515054,10.8769909],[99.4506819,10.8769921],[99.4506823,10.8772634],[99.4504078,10.8772638],[99.4504082,10.8775351],[99.4506827,10.8775347],[99.4506831,10.877806],[99.4504086,10.8778064],[99.4504091,10.8780777],[99.4501346,10.8780781],[99.450135,10.8783495],[99.4498605,10.8783499],[99.4498609,10.8786212],[99.4501354,10.8786208],[99.4501358,10.8788921],[99.4495868,10.8788929],[99.4495876,10.8794355],[99.4504111,10.8794343],[99.4504115,10.8797056],[99.450686,10.8797052],[99.4506864,10.8799765],[99.4501374,10.8799773],[99.4501386,10.8807913],[99.4504131,10.8807909],[99.4504135,10.8810622],[99.4502919,10.8810624],[99.4506464,10.8813645],[99.4509634,10.8816348],[99.4509633,10.881604],[99.4512378,10.8816036],[99.4512382,10.881869],[99.4513766,10.881987],[99.4515119,10.881342]],[[99.4515115,10.8810606],[99.4509625,10.8810614],[99.4509621,10.8807901],[99.4506876,10.8807905],[99.4506872,10.8805192],[99.4509617,10.8805188],[99.4509613,10.8802474],[99.4515103,10.8802466],[99.4515115,10.8810606]]]},{"type":"Polygon","coordinates":[[[99.4485353,10.8824215],[99.4484941,10.8824216],[99.4484943,10.8825887],[99.4485353,10.8824215]]]},{"type":"MultiPolygon","coordinates":[[[[99.4443771,10.8827713],[99.4442685,10.88283],[99.4438347,10.88294],[99.4437601,10.8829711],[99.4443774,10.8829702],[99.4443771,10.8827713]]],[[[99.4449256,10.8824439],[99.4449115,10.8824331],[99.4447521,10.8824704],[99.4446513,10.8825703],[99.4446515,10.8826985],[99.444926,10.8826981],[99.4449256,10.8824439]]]]},{"type":"MultiPolygon","coordinates":[[[[99.4463,10.8837199],[99.4462792,10.8837244],[99.4462248,10.8837123],[99.4459839,10.8837195],[99.4457964,10.8836271],[99.4457508,10.8835857],[99.4457511,10.8837821],[99.4463001,10.8837813],[99.4463,10.8837199]]],[[[99.4454758,10.8832544],[99.4454762,10.8835112],[99.4456687,10.8835109],[99.4455524,10.8834051],[99.4454758,10.8832544]]],[[[99.4452006,10.8827835],[99.4452009,10.882969],[99.4453177,10.8829688],[99.4452338,10.8828268],[99.4452006,10.8827835]]]]},{"type":"MultiPolygon","coordinates":[[[[99.4439159,10.8837848],[99.4439953,10.8838698],[99.4441043,10.8839266],[99.4441041,10.8837845],[99.4439159,10.8837848]]],[[[99.4432799,10.8832819],[99.4432359,10.8833501],[99.4432233,10.8834295],[99.4432189,10.8834919],[99.4433315,10.8835658],[99.4435283,10.8836119],[99.4438295,10.8837161],[99.4438292,10.8835136],[99.4432802,10.8835144],[99.4432799,10.8832819]]],[[[99.443554,10.8830569],[99.4433777,10.8831304],[99.443305,10.8832431],[99.4435543,10.8832427],[99.443554,10.8830569]]]]},{"type":"Polygon","coordinates":[[[99.4410731,10.8862307],[99.4410733,10.8863402],[99.4410884,10.8863542],[99.4410882,10.8862307],[99.4410731,10.8862307]]]},{"type":"Polygon","coordinates":[[[99.4413033,10.8865017],[99.4413632,10.8865542],[99.4413631,10.8865016],[99.4413033,10.8865017]]]},{"type":"Polygon","coordinates":[[[99.4454819,10.8873096],[99.4449328,10.8873104],[99.4449333,10.8875817],[99.4454823,10.8875809],[99.4454819,10.8873096]]]},{"type":"MultiPolygon","coordinates":[[[[99.4465816,10.8884953],[99.4465815,10.8883933],[99.4465976,10.8883933],[99.4466399,10.8881219],[99.4465811,10.888122],[99.4465795,10.8870367],[99.4468094,10.8870364],[99.4468535,10.886754],[99.4468528,10.8862224],[99.4469366,10.8862222],[99.4469572,10.88609],[99.447127,10.8860819],[99.4471268,10.8859507],[99.4478416,10.8859496],[99.4479501,10.8857708],[99.4479499,10.8856781],[99.4480064,10.8856781],[99.4482239,10.8853196],[99.4482236,10.8851351],[99.448336,10.8851349],[99.4483792,10.8850638],[99.4480779,10.884289],[99.4483008,10.8833788],[99.4484023,10.8829643],[99.4482204,10.8829646],[99.44822,10.8826933],[99.4479455,10.8826937],[99.4479451,10.8824224],[99.4473961,10.8824232],[99.4473965,10.8826945],[99.447122,10.8826949],[99.4471228,10.8832375],[99.4468483,10.8832379],[99.4468483,10.8832208],[99.4467751,10.8834844],[99.4465744,10.8836502],[99.4465746,10.8837809],[99.4463001,10.8837813],[99.4463013,10.8845953],[99.4460268,10.8845957],[99.4460276,10.8851383],[99.4454786,10.8851391],[99.4454782,10.8848678],[99.4452037,10.8848682],[99.4452017,10.8835116],[99.4446527,10.8835124],[99.4446551,10.8851403],[99.4443806,10.8851407],[99.4443818,10.8859546],[99.4441073,10.885955],[99.4441077,10.8862264],[99.4446567,10.8862256],[99.4446571,10.8864969],[99.4449316,10.8864965],[99.4449312,10.8862252],[99.4452057,10.8862248],[99.4452069,10.8870387],[99.445756,10.8870379],[99.4457564,10.8873092],[99.4460309,10.8873088],[99.4460317,10.8878515],[99.4463062,10.8878511],[99.4463078,10.8889363],[99.4465128,10.888936],[99.4465816,10.8884953]],[[99.4463042,10.8864945],[99.4463046,10.8867658],[99.4460301,10.8867662],[99.4460296,10.8864949],[99.4463042,10.8864945]],[[99.4468511,10.8851371],[99.4465766,10.8851375],[99.446575,10.8840523],[99.447124,10.8840515],[99.4471244,10.8843228],[99.4473989,10.8843224],[99.4473997,10.884865],[99.4468507,10.8848658],[99.4468511,10.8851371]]],[[[99.4465715,10.8816664],[99.4464577,10.8816903],[99.4463126,10.8818101],[99.4462282,10.8820136],[99.446289,10.882193],[99.4466043,10.8826113],[99.4468105,10.8828503],[99.446848,10.8830269],[99.4468471,10.882424],[99.4465726,10.8824244],[99.4465722,10.8821531],[99.4462977,10.8821535],[99.4462973,10.8818821],[99.4465718,10.8818817],[99.4465715,10.8816664]]],[[[99.4484917,10.8808564],[99.44748,10.8813922],[99.4471799,10.8815261],[99.4469557,10.8815734],[99.4469176,10.8815939],[99.4468405,10.88161],[99.4476694,10.8816088],[99.447669,10.8813375],[99.448218,10.8813367],[99.4482176,10.8810654],[99.4484921,10.881065],[99.4484917,10.8808564]]],[[[99.4490402,10.8805228],[99.4489439,10.880583],[99.4489254,10.8805979],[99.448907,10.880606],[99.4486066,10.8807935],[99.4490406,10.8807929],[99.4490402,10.8805228]]]]},{"type":"Polygon","coordinates":[[[99.4466407,10.8897498],[99.4465835,10.8897498],[99.4465843,10.8902925],[99.4467504,10.8902922],[99.4466407,10.8897498]]]},{"type":"Polygon","coordinates":[[[99.44686,10.891106],[99.4466063,10.8911064],[99.4467398,10.8912102],[99.4468604,10.8913214],[99.44686,10.891106]]]},{"type":"Polygon","coordinates":[[[99.44697,10.8913772],[99.4469209,10.8913772],[99.4469813,10.8914329],[99.44697,10.8913772]]]},{"type":"Polygon","coordinates":[[[99.4471159,10.8786252],[99.4471163,10.8788965],[99.4473908,10.8788961],[99.4473904,10.8786248],[99.4471159,10.8786252]]]},{"type":"Polygon","coordinates":[[[99.4517791,10.8764478],[99.4517787,10.8761765],[99.4515042,10.8761769],[99.4515038,10.8759056],[99.4512293,10.875906],[99.4512289,10.8756347],[99.4509544,10.8756351],[99.4509536,10.8750925],[99.451228,10.8750921],[99.4512285,10.8753634],[99.4515029,10.875363],[99.4515034,10.8756343],[99.4517778,10.8756339],[99.4517783,10.8759052],[99.4520527,10.8759048],[99.4520515,10.8750909],[99.4526005,10.8750901],[99.4526001,10.8748187],[99.452985,10.8748182],[99.4530159,10.8747769],[99.4529894,10.8745469],[99.4528742,10.874547],[99.4528734,10.8740044],[99.4531479,10.874004],[99.4536678,10.8740032],[99.4536968,10.8739957],[99.4536964,10.8737319],[99.4542454,10.8737311],[99.4545199,10.8737307],[99.4545195,10.8734593],[99.455343,10.8734581],[99.4556174,10.8734577],[99.4556172,10.8733153],[99.4554775,10.8731866],[99.4550681,10.8731872],[99.4545191,10.873188],[99.4545187,10.8729528],[99.4543478,10.8729371],[99.4541317,10.8729173],[99.4534207,10.8729183],[99.4534211,10.8731896],[99.4531466,10.8731901],[99.4531462,10.8729187],[99.4523227,10.87292],[99.4523232,10.8731913],[99.4509507,10.8731933],[99.4509504,10.8729995],[99.4503322,10.8730532],[99.4488258,10.8731841],[99.4473615,10.8733113],[99.4457907,10.8734285],[99.4457357,10.8734335],[99.4457358,10.8734722],[99.4455018,10.8734725],[99.4454772,10.8735201],[99.4454614,10.8735544],[99.4454621,10.8740152],[99.4454625,10.8742865],[99.445188,10.8742869],[99.4451884,10.8745583],[99.4449139,10.8745587],[99.4449143,10.87483],[99.4447133,10.8748303],[99.4446683,10.8748972],[99.44464,10.8749252],[99.4446402,10.8751017],[99.4446407,10.875373],[99.4446409,10.8755374],[99.4447019,10.8756442],[99.4449155,10.8756439],[99.4449159,10.8759152],[99.4451904,10.8759148],[99.4451908,10.8761861],[99.4451916,10.8767288],[99.4451925,10.8772714],[99.444918,10.8772718],[99.4449184,10.8775431],[99.4446439,10.8775435],[99.4443694,10.8775439],[99.4443702,10.8780781],[99.444386,10.8780865],[99.4446447,10.8780861],[99.4449192,10.8780857],[99.4449194,10.8782681],[99.4450622,10.8782881],[99.4452951,10.8783565],[99.4465665,10.8783547],[99.446841,10.8783543],[99.4468414,10.878598],[99.4468693,10.8786255],[99.4471159,10.8786252],[99.4471147,10.8778112],[99.4468402,10.8778116],[99.4468394,10.877269],[99.4465649,10.8772694],[99.4465645,10.8769981],[99.446839,10.8769977],[99.4468382,10.8764551],[99.4471127,10.8764547],[99.4471123,10.8761834],[99.4473868,10.876183],[99.4473864,10.8759116],[99.4479354,10.8759108],[99.4479346,10.8753682],[99.4484835,10.8753674],[99.4484827,10.8748248],[99.4487572,10.8748244],[99.4487564,10.8742818],[99.4490309,10.8742814],[99.4490313,10.8745527],[99.4501293,10.8745511],[99.4501301,10.8750937],[99.4504046,10.8750933],[99.450405,10.8753646],[99.4501305,10.875365],[99.4501309,10.8756363],[99.4504054,10.8756359],[99.4504074,10.8769925],[99.4501329,10.8769929],[99.4501333,10.8772642],[99.4498588,10.8772646],[99.4498593,10.8775359],[99.4482123,10.8775383],[99.4482127,10.8778096],[99.4479382,10.87781],[99.4479386,10.8780814],[99.4476641,10.8780818],[99.4476649,10.8786244],[99.4479394,10.878624],[99.447939,10.8783527],[99.4485423,10.8783518],[99.4485907,10.878343],[99.4486324,10.8783517],[99.4487625,10.8783515],[99.449037,10.8783511],[99.4493115,10.8783507],[99.4493119,10.878622],[99.4495864,10.8786216],[99.4495868,10.8788929],[99.4501358,10.8788921],[99.4501354,10.8786208],[99.4498609,10.8786212],[99.4498605,10.8783499],[99.450135,10.8783495],[99.4501346,10.8780781],[99.4504091,10.8780777],[99.4504086,10.8778064],[99.4506831,10.877806],[99.4506827,10.8775347],[99.4504082,10.8775351],[99.4504078,10.8772638],[99.4506823,10.8772634],[99.4506819,10.8769921],[99.4515054,10.8769909],[99.451505,10.8767196],[99.4517795,10.8767192],[99.4517791,10.8764478]],[[99.4451892,10.8751009],[99.4451896,10.8753722],[99.4449151,10.8753726],[99.4449147,10.8751013],[99.4451892,10.8751009]]]},{"type":"Polygon","coordinates":[[[99.4476655,10.8790204],[99.4476653,10.8788957],[99.4473908,10.8788961],[99.4473912,10.8791324],[99.4475476,10.8791139],[99.4476655,10.8790204]]]},{"type":"Polygon","coordinates":[[[99.4509634,10.8816348],[99.4512382,10.881869],[99.4512378,10.8816036],[99.4509633,10.881604],[99.4509634,10.8816348]]]},{"type":"Polygon","coordinates":[[[99.4484023,10.8829643],[99.4484943,10.8825887],[99.4484941,10.8824216],[99.4485353,10.8824215],[99.4485399,10.8824027],[99.4490419,10.8816354],[99.4490419,10.8816068],[99.4490415,10.8813355],[99.4492383,10.8813352],[99.4493158,10.8812168],[99.4493155,10.8810638],[99.4494159,10.8810637],[99.4495896,10.8807982],[99.4495896,10.8807921],[99.4495936,10.8807921],[99.4497301,10.8805834],[99.4502919,10.8810624],[99.4504135,10.8810622],[99.4504131,10.8807909],[99.4501386,10.8807913],[99.4501374,10.8799773],[99.4506864,10.8799765],[99.450686,10.8797052],[99.4504115,10.8797056],[99.4504111,10.8794343],[99.4495876,10.8794355],[99.4495877,10.87949],[99.4495895,10.8794962],[99.4495877,10.8795046],[99.4495888,10.8802495],[99.4493143,10.8802499],[99.4493147,10.8805212],[99.4490422,10.8805216],[99.4490402,10.8805228],[99.4490406,10.8807929],[99.4486066,10.8807935],[99.448585,10.880807],[99.4484917,10.8808564],[99.4484921,10.881065],[99.4482176,10.8810654],[99.448218,10.8813367],[99.447669,10.8813375],[99.4476694,10.8816088],[99.4468405,10.88161],[99.4467385,10.8816314],[99.4465715,10.8816664],[99.4465718,10.8818817],[99.4462973,10.8818821],[99.4462977,10.8821535],[99.4465722,10.8821531],[99.4465726,10.8824244],[99.4468471,10.882424],[99.446848,10.8830269],[99.4468714,10.8831373],[99.4468483,10.8832208],[99.4468483,10.8832379],[99.4471228,10.8832375],[99.447122,10.8826949],[99.4473965,10.8826945],[99.4473961,10.8824232],[99.4479451,10.8824224],[99.4479455,10.8826937],[99.44822,10.8826933],[99.4482204,10.8829646],[99.4484023,10.8829643]]]},{"type":"Polygon","coordinates":[[[99.4468511,10.8851371],[99.4468507,10.8848658],[99.4473997,10.884865],[99.4473989,10.8843224],[99.4471244,10.8843228],[99.447124,10.8840515],[99.446575,10.8840523],[99.4465766,10.8851375],[99.4468511,10.8851371]]]},{"type":"Polygon","coordinates":[[[99.4468094,10.8870364],[99.4465795,10.8870367],[99.4465811,10.888122],[99.4466399,10.8881219],[99.4467231,10.8875892],[99.4468094,10.8870364]]]},{"type":"Polygon","coordinates":[[[99.4468596,10.8908347],[99.4468596,10.8908319],[99.4467563,10.8903213],[99.4467504,10.8902922],[99.4465843,10.8902925],[99.4465835,10.8897498],[99.4465831,10.8894785],[99.4465831,10.8894651],[99.4464968,10.8890387],[99.4465128,10.888936],[99.4463078,10.8889363],[99.4463062,10.8878511],[99.4460317,10.8878515],[99.4460309,10.8873088],[99.4457564,10.8873092],[99.445756,10.8870379],[99.4452069,10.8870387],[99.4452057,10.8862248],[99.4449312,10.8862252],[99.4449316,10.8864965],[99.4446571,10.8864969],[99.4446567,10.8862256],[99.4441077,10.8862264],[99.4441073,10.885955],[99.4443818,10.8859546],[99.4443806,10.8851407],[99.4446551,10.8851403],[99.4446527,10.8835124],[99.4452017,10.8835116],[99.4452037,10.8848682],[99.4454782,10.8848678],[99.4454786,10.8851391],[99.4460276,10.8851383],[99.4460268,10.8845957],[99.4463013,10.8845953],[99.4463001,10.8837813],[99.4457511,10.8837821],[99.4457508,10.8835857],[99.4456687,10.8835109],[99.4454762,10.8835112],[99.4454758,10.8832544],[99.4454114,10.8831274],[99.4453177,10.8829688],[99.4452009,10.882969],[99.4452006,10.8827835],[99.4449605,10.8824704],[99.4449256,10.8824439],[99.444926,10.8826981],[99.4446515,10.8826985],[99.4445113,10.8826987],[99.4443771,10.8827713],[99.4443774,10.8829702],[99.4437601,10.8829711],[99.443554,10.8830569],[99.4435543,10.8832427],[99.443305,10.8832431],[99.4432799,10.8832819],[99.4432802,10.8835144],[99.4438292,10.8835136],[99.4438295,10.8837161],[99.4438624,10.8837275],[99.4439159,10.8837848],[99.4441041,10.8837845],[99.4441043,10.8839266],[99.4441127,10.883931],[99.4442341,10.8841701],[99.4442829,10.8844093],[99.4441503,10.8847804],[99.4441211,10.8848116],[99.4441151,10.8848272],[99.4437205,10.8854411],[99.4435466,10.8857863],[99.443406,10.885849],[99.4433751,10.8858852],[99.4430993,10.8859793],[99.4428147,10.8859712],[99.4424435,10.8857501],[99.4420295,10.885674],[99.4415208,10.8857429],[99.4411934,10.8859054],[99.4410729,10.8861186],[99.4410731,10.8862307],[99.4410882,10.8862307],[99.4410884,10.8863542],[99.4411548,10.8864159],[99.4412961,10.8864954],[99.4413033,10.8865017],[99.4413631,10.8865016],[99.4413632,10.8865542],[99.4413902,10.8865778],[99.4415481,10.8866719],[99.4415797,10.8867438],[99.4416234,10.8867821],[99.4417205,10.8869853],[99.4416715,10.8872073],[99.4416964,10.8878394],[99.4417313,10.8881547],[99.4418609,10.8883165],[99.4420162,10.8883418],[99.4421972,10.8882564],[99.4422831,10.8880687],[99.4423776,10.8878044],[99.4423898,10.8877063],[99.4424865,10.8874838],[99.4425871,10.8873093],[99.4427886,10.8871844],[99.4429206,10.8871684],[99.4432256,10.8871921],[99.4434532,10.8872753],[99.4436699,10.8873055],[99.4437547,10.8873772],[99.4437791,10.8875207],[99.443731,10.8877242],[99.4437055,10.8878566],[99.4437061,10.8882046],[99.4437738,10.8885617],[99.4438832,10.8886944],[99.4441018,10.888719],[99.4443958,10.8886438],[99.4447569,10.8885021],[99.4450228,10.888436],[99.4453282,10.8884265],[99.4456898,10.8886004],[99.4459591,10.8888741],[99.4461613,10.889231],[99.4461972,10.8894687],[99.4462161,10.8897193],[99.446142,10.8900779],[99.4460558,10.8902351],[99.4457561,10.8904835],[99.4457223,10.8905505],[99.4457224,10.8906222],[99.4457831,10.890701],[99.4463133,10.8908785],[99.4466063,10.8911064],[99.44686,10.891106],[99.4468596,10.8908347]],[[99.4454819,10.8873096],[99.4454823,10.8875809],[99.4449333,10.8875817],[99.4449328,10.8873104],[99.4454819,10.8873096]]]},{"type":"Polygon","coordinates":[[[99.4425378,10.8877226],[99.442586,10.8875789],[99.4425599,10.8876022],[99.4425378,10.8877226]]]},{"type":"Polygon","coordinates":[[[99.4322924,10.8780652],[99.4322437,10.8780525],[99.4322509,10.8781038],[99.4322924,10.8781038],[99.4322924,10.8780652]]]},{"type":"Polygon","coordinates":[[[99.4337113,10.8785478],[99.4337423,10.8785009],[99.4337422,10.8784439],[99.4336653,10.8784238],[99.4336656,10.8786126],[99.4337113,10.8785478]]]},{"type":"Polygon","coordinates":[[[99.433395,10.8789162],[99.4333916,10.8789162],[99.4333916,10.8789222],[99.433395,10.8789162]]]},{"type":"Polygon","coordinates":[[[99.4331181,10.8796301],[99.4331182,10.8797305],[99.4331497,10.8797305],[99.4331181,10.8796301]]]},{"type":"Polygon","coordinates":[[[99.4339572,10.8802716],[99.4336679,10.880185],[99.433668,10.8802724],[99.4339573,10.8802719],[99.4339572,10.8802716]]]},{"type":"Polygon","coordinates":[[[99.4350412,10.8807165],[99.4347667,10.8807513],[99.4347672,10.8810847],[99.4350417,10.8810844],[99.4350412,10.8807165]]]},{"type":"Polygon","coordinates":[[[99.4342434,10.8851552],[99.4332073,10.8851567],[99.4332269,10.8853013],[99.4342434,10.8851552]]]},{"type":"Polygon","coordinates":[[[99.4343736,10.885155],[99.4345458,10.8861586],[99.4343234,10.8862404],[99.4347747,10.8862397],[99.4347731,10.8851545],[99.4343736,10.885155]]]},{"type":"Polygon","coordinates":[[[99.4342257,10.8862762],[99.4339522,10.8863767],[99.4340629,10.886512],[99.434226,10.8865118],[99.4342257,10.8862762]]]},{"type":"Polygon","coordinates":[[[99.4350417,10.8810844],[99.4347672,10.8810847],[99.4347667,10.8807513],[99.4346849,10.8807616],[99.434383,10.8807236],[99.434159,10.8806373],[99.434003,10.8804739],[99.4339573,10.8802719],[99.433668,10.8802724],[99.4336679,10.880185],[99.4333933,10.8801028],[99.4333939,10.8805441],[99.4336684,10.8805437],[99.4336692,10.8810863],[99.4328457,10.8810875],[99.4328445,10.8802735],[99.433119,10.8802731],[99.4331186,10.8800018],[99.4332351,10.8800016],[99.4331497,10.8797305],[99.4331182,10.8797305],[99.4331181,10.8796301],[99.4330791,10.8795063],[99.4331632,10.8793787],[99.4332672,10.879138],[99.4333916,10.8789222],[99.4333916,10.8789162],[99.433395,10.8789162],[99.4334133,10.8788845],[99.4336144,10.8786851],[99.4336656,10.8786126],[99.4336653,10.8784238],[99.4330783,10.8782704],[99.4322924,10.8780652],[99.4322924,10.8781038],[99.4322509,10.8781038],[99.4323976,10.8791515],[99.4325216,10.8800372],[99.432636,10.8809442],[99.4326922,10.881359],[99.4331206,10.8813584],[99.433121,10.8816297],[99.4333955,10.8816293],[99.4333951,10.881358],[99.4336696,10.8813576],[99.43367,10.8816289],[99.4339445,10.8816285],[99.4339441,10.8813572],[99.4350421,10.8813557],[99.4350417,10.8810844]]]},{"type":"Polygon","coordinates":[[[99.4327658,10.8819015],[99.4328018,10.8821667],[99.4328762,10.8827153],[99.4331226,10.882715],[99.4331214,10.881901],[99.4327658,10.8819015]]]},{"type":"Polygon","coordinates":[[[99.4333974,10.8829859],[99.4331229,10.8829863],[99.4331233,10.8832576],[99.4333978,10.8832572],[99.4333974,10.8829859]]]},{"type":"Polygon","coordinates":[[[99.4339464,10.8829851],[99.4336719,10.8829855],[99.4336723,10.8832568],[99.4339468,10.8832564],[99.4339464,10.8829851]]]},{"type":"Polygon","coordinates":[[[99.4364199,10.8850468],[99.4364201,10.8851521],[99.436466,10.8851521],[99.4364257,10.8850529],[99.4364199,10.8850468]]]},{"type":"MultiPolygon","coordinates":[[[[99.4351648,10.8856965],[99.4352106,10.8855754],[99.4353725,10.885455],[99.4356155,10.8853345],[99.4358385,10.8853542],[99.4358714,10.8853672],[99.4358707,10.8848816],[99.4355962,10.884882],[99.4355959,10.8846995],[99.435574,10.8846736],[99.4354519,10.8842932],[99.4352287,10.8840932],[99.4346611,10.8839738],[99.434519,10.8838338],[99.4344961,10.883436],[99.4344962,10.883527],[99.4342217,10.8835273],[99.4342225,10.88407],[99.434497,10.8840696],[99.4344982,10.8848835],[99.4342237,10.8848839],[99.4342233,10.8846126],[99.4333998,10.8846138],[99.4334002,10.8848851],[99.4331705,10.8848854],[99.4332073,10.8851567],[99.4342434,10.8851552],[99.4343705,10.8851369],[99.4343736,10.885155],[99.4347731,10.8851545],[99.4347747,10.8862397],[99.4350492,10.8862393],[99.4350484,10.8856967],[99.4351648,10.8856965]]],[[[99.4350412,10.8807165],[99.4350417,10.8810844],[99.4355907,10.8810836],[99.4355915,10.8816262],[99.435317,10.8816266],[99.4353181,10.8824405],[99.4347692,10.8824413],[99.4347695,10.8827126],[99.434495,10.882713],[99.4344956,10.8830966],[99.4346798,10.8829323],[99.4349229,10.8828718],[99.4352298,10.8826995],[99.4353002,10.8826957],[99.4355161,10.882739],[99.435613,10.8827345],[99.435635,10.8827083],[99.4356349,10.8826517],[99.4355334,10.8824994],[99.4354892,10.8824037],[99.4354626,10.8822775],[99.4354559,10.8821365],[99.4355724,10.8818765],[99.4357279,10.8817031],[99.4357666,10.8815202],[99.4357659,10.8810969],[99.4357028,10.8808625],[99.4356277,10.8807162],[99.4355303,10.8806738],[99.4353759,10.8806741],[99.4350412,10.8807165]]]]},{"type":"Polygon","coordinates":[[[99.4347747,10.8862397],[99.4343234,10.8862404],[99.4342257,10.8862762],[99.434226,10.8865118],[99.4347751,10.886511],[99.4347747,10.8862397]]]},{"type":"Polygon","coordinates":[[[99.434226,10.8865118],[99.4340629,10.886512],[99.4342263,10.8867118],[99.434226,10.8865118]]]},{"type":"Polygon","coordinates":[[[99.434728,10.887325],[99.4347763,10.8873841],[99.4347762,10.887325],[99.434728,10.887325]]]},{"type":"Polygon","coordinates":[[[99.4333933,10.8801028],[99.4332538,10.880061],[99.4332351,10.8800016],[99.4331186,10.8800018],[99.433119,10.8802731],[99.4328445,10.8802735],[99.4328457,10.8810875],[99.4336692,10.8810863],[99.4336684,10.8805437],[99.4333939,10.8805441],[99.4333933,10.8801028]]]},{"type":"Polygon","coordinates":[[[99.4344961,10.883436],[99.4344775,10.8831128],[99.4344956,10.8830966],[99.434495,10.882713],[99.4347695,10.8827126],[99.4347692,10.8824413],[99.4353181,10.8824405],[99.435317,10.8816266],[99.4355915,10.8816262],[99.4355907,10.8810836],[99.4350417,10.8810844],[99.4350421,10.8813557],[99.4339441,10.8813572],[99.4339445,10.8816285],[99.43367,10.8816289],[99.4336696,10.8813576],[99.4333951,10.881358],[99.4333955,10.8816293],[99.433121,10.8816297],[99.4331206,10.8813584],[99.4326922,10.881359],[99.4327658,10.8819015],[99.4331214,10.881901],[99.4331226,10.882715],[99.4328762,10.8827153],[99.4329418,10.8831992],[99.4330781,10.8842041],[99.4331705,10.8848854],[99.4334002,10.8848851],[99.4333998,10.8846138],[99.4342233,10.8846126],[99.4342237,10.8848839],[99.4344982,10.8848835],[99.434497,10.8840696],[99.4342225,10.88407],[99.4342217,10.8835273],[99.4344962,10.883527],[99.4344961,10.883436]],[[99.4339464,10.8829851],[99.4339468,10.8832564],[99.4336723,10.8832568],[99.4336719,10.8829855],[99.4339464,10.8829851]],[[99.4333974,10.8829859],[99.4333978,10.8832572],[99.4331233,10.8832576],[99.4331229,10.8829863],[99.4333974,10.8829859]]]},{"type":"MultiPolygon","coordinates":[[[[99.4351648,10.8856965],[99.4350484,10.8856967],[99.4350492,10.8862393],[99.4347747,10.8862397],[99.4347751,10.886511],[99.434226,10.8865118],[99.4342263,10.8867118],[99.4347023,10.8872937],[99.434728,10.887325],[99.4347762,10.887325],[99.4347763,10.8873841],[99.4347877,10.8873981],[99.4348076,10.8871984],[99.434929,10.887058],[99.4352737,10.8869932],[99.4354405,10.8868921],[99.435559,10.8865783],[99.4354443,10.8861117],[99.4352719,10.8859559],[99.43515,10.8857358],[99.4351648,10.8856965]]],[[[99.436466,10.8851521],[99.4364201,10.8851521],[99.4364199,10.8850468],[99.4361619,10.8847729],[99.4360403,10.8847931],[99.4359391,10.8848734],[99.4356755,10.8847936],[99.4355959,10.8846995],[99.4355962,10.884882],[99.4358707,10.8848816],[99.4358714,10.8853672],[99.4361426,10.885474],[99.4364266,10.8856739],[99.4365279,10.8856136],[99.4365477,10.8853532],[99.436466,10.8851521]]]]},{"type":"Polygon","coordinates":[[[99.4432763,10.8808469],[99.4431945,10.8808505],[99.4428873,10.8811115],[99.4427278,10.8812046],[99.442728,10.8813447],[99.4430025,10.8813443],[99.4430021,10.881073],[99.4432766,10.8810726],[99.4432763,10.8808469]]]},{"type":"Polygon","coordinates":[[[99.4438722,10.8810717],[99.4438256,10.8810718],[99.4438257,10.8811682],[99.4438722,10.8810717]]]},{"type":"Polygon","coordinates":[[[99.4421795,10.8816642],[99.4420714,10.8817777],[99.4417904,10.8819943],[99.4413671,10.8819949],[99.4413565,10.8819987],[99.4413567,10.8821606],[99.4421802,10.8821594],[99.4421795,10.8816642]]]},{"type":"Polygon","coordinates":[[[99.4441021,10.8824272],[99.4441021,10.882428],[99.4438276,10.8824284],[99.443828,10.8826997],[99.4435535,10.8827001],[99.4435537,10.8828446],[99.4437086,10.8827992],[99.4439708,10.882691],[99.444239,10.8825363],[99.4441021,10.8824272]]]},{"type":"Polygon","coordinates":[[[99.4433169,10.8829717],[99.4430049,10.8829722],[99.4430057,10.8834953],[99.4430106,10.8834899],[99.4430146,10.8834836],[99.4431153,10.8831586],[99.4433169,10.8829717]]]},{"type":"Polygon","coordinates":[[[99.4430057,10.8834953],[99.4430049,10.8829722],[99.4433169,10.8829717],[99.4433379,10.8829523],[99.4434513,10.8829055],[99.443518,10.8828551],[99.4435537,10.8828446],[99.4435535,10.8827001],[99.443828,10.8826997],[99.4438276,10.8824284],[99.4441021,10.882428],[99.4441021,10.8824272],[99.4438186,10.8822014],[99.4436231,10.8820066],[99.443655,10.881523],[99.4438257,10.8811682],[99.4438256,10.8810718],[99.4438722,10.8810717],[99.4439402,10.8809303],[99.4439374,10.8809084],[99.4436648,10.8808296],[99.4432763,10.8808469],[99.4432766,10.8810726],[99.4430021,10.881073],[99.4430025,10.8813443],[99.442728,10.8813447],[99.4427278,10.8812046],[99.4424793,10.8813495],[99.4421795,10.8816642],[99.4421802,10.8821594],[99.4413567,10.8821606],[99.4413565,10.8819987],[99.4407496,10.8822139],[99.4405097,10.8824517],[99.4404911,10.8827915],[99.4405474,10.8830126],[99.4407242,10.8832086],[99.440967,10.8835914],[99.4412946,10.8839143],[99.4416303,10.8840503],[99.4420215,10.8839887],[99.4424348,10.8838064],[99.442986,10.883517],[99.4430057,10.8834953]]]}]}},{"type":"Feature","id":"19-VSD","properties":{"sequence":2,"plotId":"19-VSD","villageNumber":12,"village":"น้ำลอด","subdistrict":"บางน้ำจืด","district":"หลังสวน","province":"ชุมพร","landCondition":"แปลงปลูกเสริมและปรับปรุงสภาพป่าชายเลน","allocatedAreaRai":324.13,"waterAreaRai":7.75,"officialParticipatingAreaRai":316.38,"geometryAreaRai":316.38,"areaDifferenceRai":-0.0,"waterGeometryAreaRai":7.75,"fcdAreaRaiByClass":{"1":141.36,"2":120.05,"3":54.97},"sourceCrs":"EPSG:32647","sourceFile":"Company-data/T-VER  Standard กลุ่ม 2  สยามทีซี&วิสุทธิ  ขึ้นทะเบียน/Shape/Shp-แปลงปลูกเสริม+น้ำ+FCD/แปลงปลูกเสริม_All_รวมน้ำ_V3_Uni.shp","sourceFeatureCount":39,"excludedWaterClass":"W"},"geometry":{"type":"GeometryCollection","geometries":[{"type":"Polygon","coordinates":[[[99.1364953,10.0537863],[99.1362962,10.0537894],[99.1362962,10.0538098],[99.136498,10.0538097],[99.1364953,10.0537863]]]},{"type":"Polygon","coordinates":[[[99.1366254,10.054895],[99.1365704,10.054895],[99.1365702,10.0544156],[99.1365627,10.0543523],[99.1362964,10.0543524],[99.1362963,10.0540811],[99.1360225,10.0540812],[99.1360228,10.0546239],[99.1362965,10.0546238],[99.1362968,10.0551665],[99.136628,10.0551663],[99.1366254,10.054895]]]},{"type":"Polygon","coordinates":[[[99.1357486,10.0537906],[99.1351974,10.0537909],[99.1340673,10.0537698],[99.132737,10.0537413],[99.1327371,10.0538112],[99.1349273,10.0538103],[99.1349274,10.0540817],[99.1352012,10.0540816],[99.1352018,10.0554382],[99.1354755,10.0554381],[99.1354751,10.0543528],[99.1357489,10.0543527],[99.1357486,10.0537906]]]},{"type":"Polygon","coordinates":[[[99.1352019,10.0557096],[99.135202,10.0559809],[99.1354758,10.0559808],[99.1354757,10.0557095],[99.1352019,10.0557096]]]},{"type":"Polygon","coordinates":[[[99.1286314,10.0562549],[99.1283576,10.056255],[99.1283577,10.0565263],[99.1286315,10.0565262],[99.1286314,10.0562549]]]},{"type":"Polygon","coordinates":[[[99.1343804,10.0554386],[99.134381,10.0567952],[99.1346548,10.0567951],[99.1346542,10.0554385],[99.1343804,10.0554386]]]},{"type":"Polygon","coordinates":[[[99.1286314,10.0562549],[99.1289051,10.0562548],[99.1289049,10.0557121],[99.1291787,10.055712],[99.1291785,10.0551693],[99.1291783,10.0546266],[99.1294521,10.0546265],[99.129452,10.0543552],[99.1291782,10.0543553],[99.129178,10.0538126],[99.1286304,10.0538128],[99.1286303,10.0536458],[99.127809,10.0536771],[99.1278091,10.0538132],[99.1272615,10.0538134],[99.1272615,10.0536979],[99.127079,10.0537049],[99.1269877,10.0537466],[99.1269879,10.0543561],[99.1272617,10.054356],[99.1272619,10.0548987],[99.1269882,10.0548988],[99.1269883,10.0551702],[99.1269885,10.0557128],[99.1269886,10.0559842],[99.1272624,10.0559841],[99.1272626,10.0565267],[99.1269888,10.0565268],[99.1269891,10.0573408],[99.1269892,10.0576122],[99.1267154,10.0576123],[99.1264417,10.0576124],[99.1264417,10.057748],[99.1281436,10.0577471],[99.1283582,10.0577486],[99.1283581,10.0576116],[99.1280843,10.0576118],[99.1280839,10.0565264],[99.1278101,10.0565265],[99.1278099,10.0559838],[99.1286313,10.0559835],[99.1286314,10.0562549]],[[99.1283571,10.0548983],[99.1280833,10.0548984],[99.1280832,10.0546271],[99.1278094,10.0546272],[99.1278092,10.0540845],[99.128083,10.0540844],[99.1280828,10.0538131],[99.1283566,10.0538129],[99.1283571,10.0548983]]]},{"type":"Polygon","coordinates":[[[99.1338338,10.0577904],[99.1338336,10.0573381],[99.1338334,10.0567955],[99.133833,10.0557101],[99.1335592,10.0557102],[99.1332854,10.0557103],[99.1332857,10.0565244],[99.133012,10.0565245],[99.1330121,10.0567958],[99.1327383,10.0567959],[99.1327386,10.0576099],[99.1319173,10.0576102],[99.1319168,10.0565249],[99.1316431,10.056525],[99.1316425,10.0551683],[99.1308212,10.0551687],[99.1308211,10.0548973],[99.1319162,10.0548969],[99.1319161,10.0546256],[99.131916,10.0543542],[99.1319157,10.0537285],[99.130728,10.0537352],[99.1300615,10.0536852],[99.1299627,10.0536521],[99.1309392,10.0535587],[99.1297254,10.0536044],[99.1297255,10.0538124],[99.1294517,10.0538125],[99.1294518,10.0540839],[99.1297256,10.0540837],[99.1297264,10.0559831],[99.1300002,10.055983],[99.1299999,10.0554403],[99.1302737,10.0554402],[99.1302739,10.0559829],[99.1300002,10.055983],[99.1300006,10.0570683],[99.1302744,10.0570682],[99.1302745,10.0573396],[99.1297269,10.0573398],[99.129727,10.0576111],[99.1289057,10.0576114],[99.1289057,10.0577524],[99.1295433,10.0577568],[99.1309135,10.0577915],[99.132255,10.0577367],[99.1337517,10.0577904],[99.1338338,10.0577904]],[[99.1308218,10.0567967],[99.130822,10.0573393],[99.1305483,10.0573395],[99.130548,10.0567968],[99.1308218,10.0567967]],[[99.1310951,10.0554399],[99.1310952,10.0557112],[99.131369,10.0557111],[99.1313691,10.0559824],[99.1308215,10.0559827],[99.1308213,10.05544],[99.1310951,10.0554399]],[[99.1310945,10.0540832],[99.1310947,10.0546259],[99.130821,10.054626],[99.1308207,10.0540833],[99.1310945,10.0540832]]]},{"type":"Polygon","coordinates":[[[99.1366492,10.057337],[99.1365715,10.057337],[99.1365712,10.0567944],[99.1366439,10.0567943],[99.1366386,10.0562517],[99.136571,10.0562517],[99.1365709,10.0559803],[99.1362971,10.0559805],[99.1362973,10.0565231],[99.1360236,10.0565232],[99.1360237,10.0567946],[99.1352023,10.0567949],[99.1352024,10.0570662],[99.1352027,10.0576089],[99.1357502,10.0576087],[99.1357503,10.0577963],[99.1366538,10.0578073],[99.1366492,10.057337]]]},{"type":"Polygon","coordinates":[[[99.127809,10.0536771],[99.1272615,10.0536979],[99.1272615,10.0538134],[99.1278091,10.0538132],[99.127809,10.0536771]]]},{"type":"Polygon","coordinates":[[[99.1310945,10.0540832],[99.1308207,10.0540833],[99.130821,10.054626],[99.1310947,10.0546259],[99.1310945,10.0540832]]]},{"type":"Polygon","coordinates":[[[99.1283571,10.0548983],[99.1283566,10.0538129],[99.1280828,10.0538131],[99.128083,10.0540844],[99.1278092,10.0540845],[99.1278094,10.0546272],[99.1280832,10.0546271],[99.1280833,10.0548984],[99.1283571,10.0548983]]]},{"type":"Polygon","coordinates":[[[99.1319161,10.0546256],[99.1319162,10.0548969],[99.13219,10.0548968],[99.1321899,10.0546254],[99.1319161,10.0546256]]]},{"type":"Polygon","coordinates":[[[99.1365702,10.0544156],[99.1365704,10.054895],[99.1366254,10.054895],[99.1366252,10.0548769],[99.1365702,10.0544156]]]},{"type":"Polygon","coordinates":[[[99.1269877,10.0537466],[99.1263855,10.0540217],[99.1263515,10.0546277],[99.1264405,10.0546277],[99.1264406,10.054899],[99.1267144,10.0548989],[99.1267145,10.0551703],[99.1269883,10.0551702],[99.1269882,10.0548988],[99.1272619,10.0548987],[99.1272617,10.054356],[99.1269879,10.0543561],[99.1269877,10.0537466]]]},{"type":"Polygon","coordinates":[[[99.1338325,10.0546248],[99.1335587,10.0546249],[99.133559,10.0551676],[99.1338327,10.0551675],[99.1338325,10.0546248]]]},{"type":"Polygon","coordinates":[[[99.1269885,10.0557128],[99.1267147,10.0557129],[99.1267148,10.0559843],[99.1269886,10.0559842],[99.1269885,10.0557128]]]},{"type":"Polygon","coordinates":[[[99.1300002,10.055983],[99.1302739,10.0559829],[99.1302737,10.0554402],[99.1299999,10.0554403],[99.1300002,10.055983]]]},{"type":"Polygon","coordinates":[[[99.1310951,10.0554399],[99.1308213,10.05544],[99.1308215,10.0559827],[99.1313691,10.0559824],[99.131369,10.0557111],[99.1310952,10.0557112],[99.1310951,10.0554399]]]},{"type":"Polygon","coordinates":[[[99.1269886,10.0559842],[99.1269888,10.0565268],[99.1272626,10.0565267],[99.1272624,10.0559841],[99.1269886,10.0559842]]]},{"type":"Polygon","coordinates":[[[99.1319162,10.0548969],[99.1308211,10.0548973],[99.1308212,10.0551687],[99.1316425,10.0551683],[99.1316431,10.056525],[99.1319168,10.0565249],[99.1319162,10.0548969]]]},{"type":"Polygon","coordinates":[[[99.1332854,10.0557103],[99.1327379,10.0557106],[99.1327383,10.0567959],[99.1330121,10.0567958],[99.133012,10.0565245],[99.1332857,10.0565244],[99.1332854,10.0557103]]]},{"type":"Polygon","coordinates":[[[99.1308218,10.0567967],[99.130548,10.0567968],[99.1305483,10.0573395],[99.130822,10.0573393],[99.1308218,10.0567967]]]},{"type":"Polygon","coordinates":[[[99.1366439,10.0567943],[99.1365712,10.0567944],[99.1365715,10.057337],[99.1366492,10.057337],[99.1366439,10.0567943]]]},{"type":"Polygon","coordinates":[[[99.1269891,10.0573408],[99.1267153,10.0573409],[99.1267154,10.0576123],[99.1269892,10.0576122],[99.1269891,10.0573408]]]},{"type":"Polygon","coordinates":[[[99.1264417,10.057748],[99.1264417,10.0576124],[99.12618,10.0576125],[99.1261771,10.0577482],[99.1264417,10.057748]]]},{"type":"Polygon","coordinates":[[[99.1300002,10.055983],[99.1297264,10.0559831],[99.1297256,10.0540837],[99.1294518,10.0540839],[99.1294517,10.0538125],[99.1297255,10.0538124],[99.1297254,10.0536044],[99.1290278,10.0536306],[99.1286303,10.0536458],[99.1286304,10.0538128],[99.129178,10.0538126],[99.1291782,10.0543553],[99.129452,10.0543552],[99.1294521,10.0546265],[99.1291783,10.0546266],[99.1291785,10.0551693],[99.1294523,10.0551692],[99.129453,10.0570685],[99.1291793,10.0570687],[99.1291787,10.055712],[99.1289049,10.0557121],[99.1289051,10.0562548],[99.1286314,10.0562549],[99.1286315,10.0565262],[99.1283577,10.0565263],[99.1283576,10.056255],[99.1286314,10.0562549],[99.1286313,10.0559835],[99.1278099,10.0559838],[99.1278101,10.0565265],[99.1280839,10.0565264],[99.1280843,10.0576118],[99.1283581,10.0576116],[99.1283582,10.0577486],[99.1289057,10.0577524],[99.1289057,10.0576114],[99.129727,10.0576111],[99.1297269,10.0573398],[99.1302745,10.0573396],[99.1302744,10.0570682],[99.1300006,10.0570683],[99.1300002,10.055983]]]},{"type":"Polygon","coordinates":[[[99.1352024,10.0570662],[99.1349287,10.0570664],[99.1349289,10.057609],[99.1346551,10.0576091],[99.1346549,10.0570665],[99.1349287,10.0570664],[99.1349284,10.0565237],[99.1352022,10.0565236],[99.1352023,10.0567949],[99.1360237,10.0567946],[99.1360236,10.0565232],[99.1362973,10.0565231],[99.1362971,10.0559805],[99.1365709,10.0559803],[99.136571,10.0562517],[99.1366386,10.0562517],[99.136628,10.0551663],[99.1362968,10.0551665],[99.1362965,10.0546238],[99.1360228,10.0546239],[99.1360225,10.0540812],[99.1362963,10.0540811],[99.1362964,10.0543524],[99.1365627,10.0543523],[99.136498,10.0538097],[99.1362962,10.0538098],[99.1362962,10.0537894],[99.1362332,10.0537904],[99.1357486,10.0537906],[99.1357489,10.0543527],[99.1354751,10.0543528],[99.1354755,10.0554381],[99.1352018,10.0554382],[99.1352019,10.0557096],[99.1354757,10.0557095],[99.1354758,10.0559808],[99.135202,10.0559809],[99.1352019,10.0557096],[99.1349281,10.0557097],[99.134928,10.0554383],[99.1352018,10.0554382],[99.1352012,10.0540816],[99.1349274,10.0540817],[99.1349273,10.0538103],[99.1327371,10.0538112],[99.132737,10.0537413],[99.1325447,10.0537372],[99.1320898,10.0537275],[99.1319157,10.0537285],[99.131916,10.0543542],[99.1324635,10.054354],[99.1324634,10.0540827],[99.1327372,10.0540826],[99.1327374,10.0546252],[99.1324636,10.0546253],[99.1324637,10.0548967],[99.1327375,10.0548966],[99.1327376,10.0551679],[99.1330114,10.0551678],[99.1330111,10.0543538],[99.1332849,10.0543537],[99.1332847,10.0540823],[99.1338323,10.0540821],[99.1338324,10.0543534],[99.1341062,10.0543533],[99.1341063,10.0546247],[99.1343801,10.0546246],[99.1343804,10.0554386],[99.1346542,10.0554385],[99.1346548,10.0567951],[99.134381,10.0567952],[99.1343804,10.0554386],[99.1335591,10.0554389],[99.1335592,10.0557102],[99.133833,10.0557101],[99.1338334,10.0567955],[99.1341072,10.0567954],[99.1341073,10.0570667],[99.1343811,10.0570666],[99.1343812,10.0573379],[99.1338336,10.0573381],[99.1338338,10.0577904],[99.135221,10.0577898],[99.1357503,10.0577963],[99.1357502,10.0576087],[99.1352027,10.0576089],[99.1352024,10.0570662]]]},{"type":"Polygon","coordinates":[[[99.1352018,10.0554382],[99.134928,10.0554383],[99.1349281,10.0557097],[99.1352019,10.0557096],[99.1352018,10.0554382]]]},{"type":"Polygon","coordinates":[[[99.1291785,10.0551693],[99.1291787,10.055712],[99.1291793,10.0570687],[99.129453,10.0570685],[99.1294523,10.0551692],[99.1291785,10.0551693]]]},{"type":"Polygon","coordinates":[[[99.1352023,10.0567949],[99.1352022,10.0565236],[99.1349284,10.0565237],[99.1349287,10.0570664],[99.1352024,10.0570662],[99.1352023,10.0567949]]]},{"type":"Polygon","coordinates":[[[99.1338334,10.0567955],[99.1338336,10.0573381],[99.1343812,10.0573379],[99.1343811,10.0570666],[99.1341073,10.0570667],[99.1341072,10.0567954],[99.1338334,10.0567955]]]},{"type":"Polygon","coordinates":[[[99.1264417,10.0576124],[99.1267154,10.0576123],[99.1267153,10.0573409],[99.1269891,10.0573408],[99.1269888,10.0565268],[99.1269886,10.0559842],[99.1267148,10.0559843],[99.1267147,10.0557129],[99.1269885,10.0557128],[99.1269883,10.0551702],[99.1267145,10.0551703],[99.1267144,10.0548989],[99.1264406,10.054899],[99.1264405,10.0546277],[99.1263515,10.0546277],[99.1263311,10.0549895],[99.126204,10.0565271],[99.12618,10.0576125],[99.1264417,10.0576124]]]},{"type":"Polygon","coordinates":[[[99.1327383,10.0567959],[99.1327379,10.0557106],[99.1332854,10.0557103],[99.1335592,10.0557102],[99.1335591,10.0554389],[99.1343804,10.0554386],[99.1343801,10.0546246],[99.1341063,10.0546247],[99.1341062,10.0543533],[99.1338324,10.0543534],[99.1338323,10.0540821],[99.1332847,10.0540823],[99.1332849,10.0543537],[99.1330111,10.0543538],[99.1330114,10.0551678],[99.1327376,10.0551679],[99.1327375,10.0548966],[99.1324637,10.0548967],[99.1324636,10.0546253],[99.1327374,10.0546252],[99.1327372,10.0540826],[99.1324634,10.0540827],[99.1324635,10.054354],[99.131916,10.0543542],[99.1319161,10.0546256],[99.1321899,10.0546254],[99.13219,10.0548968],[99.1319162,10.0548969],[99.1319168,10.0565249],[99.1319173,10.0576102],[99.1327386,10.0576099],[99.1327383,10.0567959]],[[99.1338325,10.0546248],[99.1338327,10.0551675],[99.133559,10.0551676],[99.1335587,10.0546249],[99.1338325,10.0546248]]]},{"type":"Polygon","coordinates":[[[99.1349287,10.0570664],[99.1346549,10.0570665],[99.1346551,10.0576091],[99.1349289,10.057609],[99.1349287,10.0570664]]]}]}},{"type":"Feature","id":"40-VSD","properties":{"sequence":3,"plotId":"40-VSD","villageNumber":3,"village":"เกาะไม้ไผ่","subdistrict":"เกาะปันหยี","district":"เมือง","province":"พังงา","landCondition":"แปลงปลูกเสริมและปรับปรุงสภาพป่าชายเลน","allocatedAreaRai":289.11,"waterAreaRai":11.78,"officialParticipatingAreaRai":277.33000000000004,"geometryAreaRai":277.33,"areaDifferenceRai":0.0,"waterGeometryAreaRai":11.78,"fcdAreaRaiByClass":{"0":1.24,"1":4.42,"2":41.28,"3":230.39},"sourceCrs":"EPSG:32647","sourceFile":"Company-data/T-VER  Standard กลุ่ม 2  สยามทีซี&วิสุทธิ  ขึ้นทะเบียน/Shape/Shp-แปลงปลูกเสริม+น้ำ+FCD/แปลงปลูกเสริม_All_รวมน้ำ_V3_Uni.shp","sourceFeatureCount":117,"excludedWaterClass":"W"},"geometry":{"type":"GeometryCollection","geometries":[{"type":"MultiPolygon","coordinates":[[[[98.5438318,8.3583793],[98.5438197,8.3584548],[98.5438317,8.3584548],[98.5438318,8.3583793]]],[[[98.5472255,8.357916],[98.547102,8.3579159],[98.5471018,8.3580197],[98.5471564,8.3579973],[98.5472255,8.357916]]],[[[98.544106,8.3568872],[98.5440787,8.3569355],[98.544059,8.3570143],[98.5440483,8.3570983],[98.5441058,8.3570984],[98.544106,8.3568872]]],[[[98.5443788,8.356556],[98.544379,8.3564036],[98.5442931,8.3565559],[98.5443788,8.356556]]],[[[98.5446519,8.3560136],[98.5446521,8.3559201],[98.5445993,8.3560135],[98.5446519,8.3560136]]],[[[98.549016,8.3557472],[98.5490117,8.3557472],[98.5490117,8.3557538],[98.549016,8.3557472]]],[[[98.5449251,8.3554306],[98.544903,8.3554712],[98.544925,8.3554712],[98.5449251,8.3554306]]],[[[98.5462903,8.352924],[98.5462323,8.3530305],[98.5462902,8.3530306],[98.5462903,8.352924]]],[[[98.5465633,8.3524509],[98.5465327,8.3524882],[98.5465633,8.3524882],[98.5465633,8.3524509]]],[[[98.5476547,8.3511327],[98.5476547,8.3511223],[98.5476463,8.3511327],[98.5476547,8.3511327]]],[[[98.5479275,8.3508616],[98.5479276,8.3507902],[98.547869,8.3508616],[98.5479275,8.3508616]]],[[[98.5482003,8.3505906],[98.5482004,8.3504581],[98.5480917,8.3505905],[98.5482003,8.3505906]]]]},{"type":"MultiPolygon","coordinates":[[[[98.552287,8.3507513],[98.5522869,8.3508666],[98.552431,8.3508667],[98.5524104,8.3507968],[98.552287,8.3507513]]],[[[98.5511968,8.3511039],[98.5511573,8.3511367],[98.5511967,8.3511367],[98.5511968,8.3511039]]],[[[98.5523473,8.3514094],[98.5522863,8.3514093],[98.552286,8.3516276],[98.5523473,8.3514094]]],[[[98.5509224,8.3527645],[98.5508433,8.3527644],[98.5508432,8.3528485],[98.550818,8.3530357],[98.5509221,8.3530359],[98.5509224,8.3527645]]]]},{"type":"MultiPolygon","coordinates":[[[[98.5501205,8.3484219],[98.5499322,8.3484217],[98.5499768,8.3484865],[98.5501205,8.3484219]]],[[[98.5507231,8.3481513],[98.5506552,8.3481512],[98.5506552,8.3481818],[98.5507231,8.3481513]]],[[[98.5513257,8.3478806],[98.5512005,8.3478805],[98.5512004,8.3479369],[98.5513257,8.3478806]]],[[[98.5501112,8.3473365],[98.5501113,8.3472825],[98.5500368,8.3476078],[98.5501109,8.3476079],[98.5501112,8.3473365]]],[[[98.5503845,8.3466016],[98.5502936,8.346794],[98.5503843,8.3467941],[98.5503845,8.3466016]]],[[[98.5520871,8.3461054],[98.5520789,8.3460963],[98.5520673,8.3457014],[98.5520206,8.3454394],[98.5520197,8.3462659],[98.5520871,8.3461054]]],[[[98.5506577,8.3460237],[98.55055,8.3462516],[98.5506574,8.3462517],[98.5506577,8.3460237]]],[[[98.5509305,8.3457093],[98.5509306,8.3456066],[98.5508563,8.3457092],[98.5509305,8.3457093]]]]},{"type":"Polygon","coordinates":[[[98.5498351,8.3505614],[98.549835,8.3505924],[98.5498751,8.3505925],[98.5498714,8.3505654],[98.5498351,8.3505614]]]},{"type":"Polygon","coordinates":[[[98.549895,8.3543915],[98.5498307,8.3543914],[98.5498306,8.3544768],[98.549895,8.3543915]]]},{"type":"Polygon","coordinates":[[[98.5497034,8.3546626],[98.5495579,8.3546624],[98.5495576,8.3549005],[98.5497034,8.3546626]]]},{"type":"Polygon","coordinates":[[[98.5493711,8.3552049],[98.5492848,8.3552048],[98.5492847,8.3553382],[98.5493554,8.3552305],[98.5493711,8.3552049]]]},{"type":"Polygon","coordinates":[[[98.5488313,8.3560285],[98.5488379,8.3560184],[98.548739,8.3560183],[98.5487388,8.3561372],[98.5488313,8.3560285]]]},{"type":"Polygon","coordinates":[[[98.5446519,8.3560136],[98.5445993,8.3560135],[98.5444462,8.3562847],[98.5446516,8.3562849],[98.5446519,8.3560136]]]},{"type":"Polygon","coordinates":[[[98.5486093,8.3562895],[98.5484662,8.3562893],[98.548466,8.3564579],[98.5486093,8.3562895]]]},{"type":"Polygon","coordinates":[[[98.5443788,8.356556],[98.5442931,8.3565559],[98.5441399,8.3568271],[98.5443785,8.3568273],[98.5443788,8.356556]]]},{"type":"Polygon","coordinates":[[[98.5476868,8.3573738],[98.5476475,8.3573738],[98.5476475,8.3574201],[98.5476868,8.3573738]]]},{"type":"Polygon","coordinates":[[[98.5441058,8.3570984],[98.5440483,8.3570983],[98.5440474,8.3571054],[98.5439541,8.3576409],[98.5441051,8.3576411],[98.5441058,8.3570984]]]},{"type":"Polygon","coordinates":[[[98.5474562,8.3576449],[98.5473747,8.3576448],[98.5473746,8.3577408],[98.5474562,8.3576449]]]},{"type":"Polygon","coordinates":[[[98.5471018,8.3580197],[98.547102,8.3579159],[98.5468295,8.3579156],[98.5468292,8.3581312],[98.5471018,8.3580197]]]},{"type":"Polygon","coordinates":[[[98.5466934,8.3581868],[98.5465567,8.3581866],[98.5465566,8.3582427],[98.5466934,8.3581868]]]},{"type":"Polygon","coordinates":[[[98.5460321,8.3584574],[98.5460115,8.3584573],[98.5460114,8.3584658],[98.5460321,8.3584574]]]},{"type":"Polygon","coordinates":[[[98.5438317,8.3584548],[98.5438197,8.3584548],[98.5437764,8.3587261],[98.5438314,8.3587262],[98.5438317,8.3584548]]]},{"type":"Polygon","coordinates":[[[98.5453708,8.358728],[98.5451937,8.3587278],[98.5451937,8.3588004],[98.5453708,8.358728]]]},{"type":"Polygon","coordinates":[[[98.544597,8.3590446],[98.5447094,8.3589985],[98.5446485,8.3589985],[98.544376,8.3589982],[98.5443759,8.3590891],[98.544597,8.3590446]]]},{"type":"Polygon","coordinates":[[[98.5482003,8.3505906],[98.5480917,8.3505905],[98.5479276,8.3507902],[98.5479275,8.3508616],[98.5482,8.3508619],[98.5482003,8.3505906]]]},{"type":"Polygon","coordinates":[[[98.5479275,8.3508616],[98.547869,8.3508616],[98.5476547,8.3511223],[98.5476547,8.3511327],[98.5479272,8.351133],[98.5479275,8.3508616]]]},{"type":"Polygon","coordinates":[[[98.5468362,8.3521187],[98.5467554,8.3522171],[98.5468361,8.3522171],[98.5468362,8.3521187]]]},{"type":"Polygon","coordinates":[[[98.5460173,8.3534253],[98.5459369,8.3535729],[98.5460171,8.353573],[98.5460173,8.3534253]]]},{"type":"Polygon","coordinates":[[[98.5457442,8.3539266],[98.5454938,8.3543864],[98.5457437,8.3543867],[98.5457442,8.3539266]]]},{"type":"Polygon","coordinates":[[[98.5499495,8.3543193],[98.5500636,8.3537762],[98.5500641,8.3533789],[98.5500503,8.3528189],[98.5500075,8.3524312],[98.5500369,8.351943],[98.5500473,8.3518488],[98.5498751,8.3505925],[98.549835,8.3505924],[98.5498351,8.3505614],[98.548255,8.3503917],[98.5482004,8.3504581],[98.5482003,8.3505906],[98.5495626,8.3505921],[98.549562,8.3511348],[98.5498344,8.3511352],[98.5498307,8.3543914],[98.549895,8.3543915],[98.5499332,8.3543409],[98.5499495,8.3543193]]]},{"type":"Polygon","coordinates":[[[98.5454712,8.354428],[98.5453461,8.3546576],[98.5454709,8.3546578],[98.5454712,8.354428]]]},{"type":"Polygon","coordinates":[[[98.5498306,8.3544768],[98.5498307,8.3543914],[98.5495582,8.3543911],[98.5495579,8.3546624],[98.5497034,8.3546626],[98.5497599,8.3545704],[98.5498306,8.3544768]]]},{"type":"Polygon","coordinates":[[[98.5451981,8.3549293],[98.5450507,8.3552],[98.5451978,8.3552002],[98.5451981,8.3549293]]]},{"type":"Polygon","coordinates":[[[98.5495576,8.3549005],[98.5495579,8.3546624],[98.5492854,8.3546621],[98.5492848,8.3552048],[98.5493711,8.3552049],[98.5495576,8.3549005]]]},{"type":"Polygon","coordinates":[[[98.549016,8.3557472],[98.5492847,8.3553382],[98.5492848,8.3552048],[98.5490124,8.3552045],[98.5490117,8.3557472],[98.549016,8.3557472]]]},{"type":"Polygon","coordinates":[[[98.544925,8.3554712],[98.544903,8.3554712],[98.5448341,8.3555977],[98.5446521,8.3559201],[98.5446519,8.3560136],[98.5449244,8.3560139],[98.544925,8.3554712]]]},{"type":"Polygon","coordinates":[[[98.5490117,8.3557538],[98.5490117,8.3557472],[98.5487393,8.3557469],[98.548739,8.3560183],[98.5488379,8.3560184],[98.5490117,8.3557538]]]},{"type":"Polygon","coordinates":[[[98.5487388,8.3561372],[98.548739,8.3560183],[98.5484665,8.356018],[98.5484662,8.3562893],[98.5486093,8.3562895],[98.5487388,8.3561372]]]},{"type":"Polygon","coordinates":[[[98.5446516,8.3562849],[98.5444462,8.3562847],[98.544379,8.3564036],[98.5443788,8.356556],[98.5446513,8.3565563],[98.5446516,8.3562849]]]},{"type":"Polygon","coordinates":[[[98.5483787,8.3565606],[98.5481934,8.3565604],[98.5481931,8.3567786],[98.5483787,8.3565606]]]},{"type":"Polygon","coordinates":[[[98.548148,8.3568317],[98.5479206,8.3568314],[98.5479203,8.3570994],[98.548148,8.3568317]]]},{"type":"Polygon","coordinates":[[[98.5443785,8.3568273],[98.5441399,8.3568271],[98.544106,8.3568872],[98.5441058,8.3570984],[98.5443782,8.3570987],[98.5443785,8.3568273]]]},{"type":"Polygon","coordinates":[[[98.5479174,8.3571028],[98.5476478,8.3571024],[98.5476475,8.3573738],[98.5476868,8.3573738],[98.5479174,8.3571028]]]},{"type":"Polygon","coordinates":[[[98.5476475,8.3574201],[98.5476475,8.3573738],[98.5473751,8.3573735],[98.5473747,8.3576448],[98.5474562,8.3576449],[98.5476475,8.3574201]]]},{"type":"Polygon","coordinates":[[[98.5473746,8.3577408],[98.5473747,8.3576448],[98.5471023,8.3576445],[98.547102,8.3579159],[98.5472255,8.357916],[98.5473746,8.3577408]]]},{"type":"Polygon","coordinates":[[[98.5468292,8.3581312],[98.5468295,8.3579156],[98.546557,8.3579153],[98.5465567,8.3581866],[98.5466934,8.3581868],[98.5468292,8.3581312]]]},{"type":"Polygon","coordinates":[[[98.5465566,8.3582427],[98.5465567,8.3581866],[98.5462842,8.3581863],[98.546284,8.3583543],[98.5465566,8.3582427]]]},{"type":"Polygon","coordinates":[[[98.5441051,8.3576411],[98.5439541,8.3576409],[98.5439023,8.3579381],[98.5438318,8.3583793],[98.5438317,8.3584548],[98.5441042,8.3584551],[98.5441051,8.3576411]]]},{"type":"Polygon","coordinates":[[[98.5460114,8.3584658],[98.5460115,8.3584573],[98.5454665,8.3584567],[98.5454663,8.3586889],[98.5460114,8.3584658]]]},{"type":"Polygon","coordinates":[[[98.5451937,8.3588004],[98.5451937,8.3587278],[98.5446488,8.3587271],[98.5446485,8.3589985],[98.5447094,8.3589985],[98.5451937,8.3588004]]]},{"type":"Polygon","coordinates":[[[98.5443759,8.3590891],[98.544376,8.3589982],[98.5441035,8.3589979],[98.5441039,8.3587265],[98.5438314,8.3587262],[98.5437764,8.3587261],[98.543728,8.3590292],[98.5437423,8.3591297],[98.5438576,8.3591586],[98.5440306,8.3591588],[98.5443759,8.3590891]]]},{"type":"Polygon","coordinates":[[[98.5451937,8.3587278],[98.5453708,8.358728],[98.5454663,8.3586889],[98.5454665,8.3584567],[98.5460115,8.3584573],[98.5460321,8.3584574],[98.546284,8.3583543],[98.5462842,8.3581863],[98.5465567,8.3581866],[98.546557,8.3579153],[98.5468295,8.3579156],[98.547102,8.3579159],[98.5471023,8.3576445],[98.5473747,8.3576448],[98.5473751,8.3573735],[98.5476475,8.3573738],[98.5476478,8.3571024],[98.5479174,8.3571028],[98.5479203,8.3570994],[98.5479206,8.3568314],[98.548148,8.3568317],[98.5481931,8.3567786],[98.5481934,8.3565604],[98.5483787,8.3565606],[98.548466,8.3564579],[98.5484662,8.3562893],[98.5484665,8.356018],[98.548739,8.3560183],[98.5487393,8.3557469],[98.5490117,8.3557472],[98.5490124,8.3552045],[98.5492848,8.3552048],[98.5492854,8.3546621],[98.5495579,8.3546624],[98.5495582,8.3543911],[98.5498307,8.3543914],[98.5498344,8.3511352],[98.549562,8.3511348],[98.5495626,8.3505921],[98.5482003,8.3505906],[98.5482,8.3508619],[98.5479275,8.3508616],[98.5479272,8.351133],[98.5476547,8.3511327],[98.5476463,8.3511327],[98.5468362,8.3521187],[98.5468361,8.3522171],[98.5467554,8.3522171],[98.5465633,8.3524509],[98.5465633,8.3524882],[98.5465327,8.3524882],[98.5465179,8.3525062],[98.5462903,8.352924],[98.5462902,8.3530306],[98.5462323,8.3530305],[98.5460173,8.3534253],[98.5460171,8.353573],[98.5459369,8.3535729],[98.5457442,8.3539266],[98.5457437,8.3543867],[98.5454938,8.3543864],[98.5454712,8.354428],[98.5454709,8.3546578],[98.5453461,8.3546576],[98.5451981,8.3549293],[98.5451978,8.3552002],[98.5450507,8.3552],[98.5449251,8.3554306],[98.544925,8.3554712],[98.5449244,8.3560139],[98.5446519,8.3560136],[98.5446516,8.3562849],[98.5446513,8.3565563],[98.5443788,8.356556],[98.5443785,8.3568273],[98.5443782,8.3570987],[98.5441058,8.3570984],[98.5441051,8.3576411],[98.5441042,8.3584551],[98.5438317,8.3584548],[98.5438314,8.3587262],[98.5441039,8.3587265],[98.5441035,8.3589979],[98.544376,8.3589982],[98.5446485,8.3589985],[98.5446488,8.3587271],[98.5451937,8.3587278]]]},{"type":"Polygon","coordinates":[[[98.5517422,8.350707],[98.5515239,8.3508322],[98.5514836,8.3508657],[98.551742,8.350866],[98.5517422,8.350707]]]},{"type":"Polygon","coordinates":[[[98.5511967,8.3511367],[98.5511573,8.3511367],[98.5511063,8.351179],[98.5510179,8.3513985],[98.5510154,8.3514078],[98.5511964,8.3514081],[98.5511967,8.3511367]]]},{"type":"Polygon","coordinates":[[[98.5524633,8.3509963],[98.552431,8.3508667],[98.5522869,8.3508666],[98.5522863,8.3514093],[98.5523473,8.3514094],[98.5524633,8.3509963]]]},{"type":"Polygon","coordinates":[[[98.5509236,8.3517517],[98.5508876,8.3518865],[98.5508835,8.3519504],[98.5509234,8.3519505],[98.5509236,8.3517517]]]},{"type":"Polygon","coordinates":[[[98.5520381,8.3522231],[98.5520129,8.352223],[98.5520129,8.3522476],[98.5520381,8.3522231]]]},{"type":"Polygon","coordinates":[[[98.55176,8.3524941],[98.5517401,8.3524941],[98.5517401,8.3525135],[98.55176,8.3524941]]]},{"type":"Polygon","coordinates":[[[98.5509227,8.3524932],[98.5508488,8.3524931],[98.5508435,8.3525757],[98.5508433,8.3527644],[98.5509224,8.3527645],[98.5509227,8.3524932]]]},{"type":"Polygon","coordinates":[[[98.551482,8.3527651],[98.5514674,8.3527651],[98.5514673,8.3527795],[98.551482,8.3527651]]]},{"type":"Polygon","coordinates":[[[98.551204,8.3530362],[98.5511946,8.3530362],[98.5511946,8.3530454],[98.551204,8.3530362]]]},{"type":"Polygon","coordinates":[[[98.5509221,8.3530359],[98.550818,8.3530357],[98.5508142,8.3530639],[98.5508428,8.3531932],[98.5509005,8.3532076],[98.5509219,8.3532076],[98.5509221,8.3530359]]]},{"type":"Polygon","coordinates":[[[98.552286,8.3516276],[98.5522863,8.3514093],[98.5522869,8.3508666],[98.552287,8.3507513],[98.5522298,8.350725],[98.552028,8.3506673],[98.5518117,8.350667],[98.5517422,8.350707],[98.551742,8.350866],[98.5514836,8.3508657],[98.5511968,8.3511039],[98.5511967,8.3511367],[98.5520141,8.3511376],[98.5520129,8.352223],[98.5520381,8.3522231],[98.5521493,8.3521147],[98.552286,8.3516276]]]},{"type":"Polygon","coordinates":[[[98.5509234,8.3519505],[98.5508835,8.3519504],[98.5508488,8.3524931],[98.5509227,8.3524932],[98.5509234,8.3519505]]]},{"type":"Polygon","coordinates":[[[98.5520129,8.3522476],[98.5520129,8.352223],[98.5517404,8.3522227],[98.5517401,8.3524941],[98.55176,8.3524941],[98.5520129,8.3522476]]]},{"type":"Polygon","coordinates":[[[98.5517401,8.3525135],[98.5517401,8.3524941],[98.5514677,8.3524938],[98.5514674,8.3527651],[98.551482,8.3527651],[98.5517401,8.3525135]]]},{"type":"Polygon","coordinates":[[[98.5514673,8.3527795],[98.5514674,8.3527651],[98.5511949,8.3527648],[98.5511946,8.3530362],[98.551204,8.3530362],[98.5514673,8.3527795]]]},{"type":"Polygon","coordinates":[[[98.5510416,8.3531945],[98.5511946,8.3530454],[98.5511946,8.3530362],[98.5509221,8.3530359],[98.5509219,8.3532076],[98.550987,8.3532077],[98.5510416,8.3531945]]]},{"type":"Polygon","coordinates":[[[98.5514674,8.3527651],[98.5514677,8.3524938],[98.5517401,8.3524941],[98.5517404,8.3522227],[98.5520129,8.352223],[98.5520141,8.3511376],[98.5511967,8.3511367],[98.5511964,8.3514081],[98.5510154,8.3514078],[98.5509236,8.3517517],[98.5509234,8.3519505],[98.5509227,8.3524932],[98.5509224,8.3527645],[98.5509221,8.3530359],[98.5511946,8.3530362],[98.5511949,8.3527648],[98.5514674,8.3527651]]]},{"type":"Polygon","coordinates":[[[98.5514761,8.3451111],[98.5512726,8.3451343],[98.5512489,8.345167],[98.551476,8.3451672],[98.5514761,8.3451111]]]},{"type":"Polygon","coordinates":[[[98.5517485,8.3451441],[98.5517485,8.3451675],[98.5517974,8.3451676],[98.5517796,8.3451507],[98.5517485,8.3451441]]]},{"type":"Polygon","coordinates":[[[98.5512035,8.3452297],[98.5510526,8.3454381],[98.5512033,8.3454383],[98.5512035,8.3452297]]]},{"type":"Polygon","coordinates":[[[98.5509305,8.3457093],[98.5508563,8.3457092],[98.5507123,8.3459081],[98.5506781,8.3459804],[98.5509302,8.3459807],[98.5509305,8.3457093]]]},{"type":"Polygon","coordinates":[[[98.5519112,8.3465245],[98.5517469,8.3465243],[98.5517465,8.3469169],[98.5519112,8.3465245]]]},{"type":"Polygon","coordinates":[[[98.5515697,8.3473382],[98.5514735,8.3473381],[98.5514733,8.3475678],[98.5515697,8.3473382]]]},{"type":"Polygon","coordinates":[[[98.5512004,8.3479369],[98.5512005,8.3478805],[98.550928,8.3478801],[98.5509278,8.3480593],[98.5512004,8.3479369]]]},{"type":"Polygon","coordinates":[[[98.5509302,8.3459807],[98.5506781,8.3459804],[98.5506577,8.3460237],[98.5506574,8.3462517],[98.5509299,8.346252],[98.5509302,8.3459807]]]},{"type":"Polygon","coordinates":[[[98.5506574,8.3462517],[98.55055,8.3462516],[98.5504218,8.3465228],[98.5506571,8.3465231],[98.5506574,8.3462517]]]},{"type":"Polygon","coordinates":[[[98.5503843,8.3467941],[98.5502936,8.346794],[98.5501569,8.3470833],[98.5501113,8.3472825],[98.5501112,8.3473365],[98.5503837,8.3473368],[98.5503843,8.3467941]]]},{"type":"Polygon","coordinates":[[[98.5517465,8.3469169],[98.5517469,8.3465243],[98.5519112,8.3465245],[98.5520197,8.3462659],[98.5520206,8.3454394],[98.5520076,8.3453663],[98.5517974,8.3451676],[98.5517485,8.3451675],[98.5517485,8.3451441],[98.5515513,8.3451026],[98.5514761,8.3451111],[98.551476,8.3451672],[98.5512489,8.345167],[98.5512035,8.3452297],[98.5512033,8.3454383],[98.5510526,8.3454381],[98.5509306,8.3456066],[98.5509305,8.3457093],[98.5509302,8.3459807],[98.5514751,8.3459813],[98.5514735,8.3473381],[98.5515697,8.3473382],[98.5517465,8.3469169]]]},{"type":"Polygon","coordinates":[[[98.5514733,8.3475678],[98.5514735,8.3473381],[98.5512011,8.3473377],[98.5512008,8.3476091],[98.5509283,8.3476088],[98.550928,8.3478801],[98.5512005,8.3478805],[98.5513257,8.3478806],[98.5513458,8.3478716],[98.5514733,8.3475678]]]},{"type":"Polygon","coordinates":[[[98.5509278,8.3480593],[98.550928,8.3478801],[98.5506555,8.3478798],[98.5506552,8.3481512],[98.5507231,8.3481513],[98.5509278,8.3480593]]]},{"type":"Polygon","coordinates":[[[98.5506552,8.3481818],[98.5506552,8.3481512],[98.5501103,8.3481506],[98.5501109,8.3476079],[98.5500368,8.3476078],[98.5498707,8.3483324],[98.5499322,8.3484217],[98.5501205,8.3484219],[98.5506552,8.3481818]]]},{"type":"Polygon","coordinates":[[[98.550928,8.3478801],[98.5509283,8.3476088],[98.5512008,8.3476091],[98.5512011,8.3473377],[98.5514735,8.3473381],[98.5514751,8.3459813],[98.5509302,8.3459807],[98.5509299,8.346252],[98.5506574,8.3462517],[98.5506571,8.3465231],[98.5504218,8.3465228],[98.5503845,8.3466016],[98.5503843,8.3467941],[98.5503837,8.3473368],[98.5501112,8.3473365],[98.5501109,8.3476079],[98.5501103,8.3481506],[98.5506552,8.3481512],[98.5506555,8.3478798],[98.550928,8.3478801]]]}]}},{"type":"Feature","id":"41-VSD","properties":{"sequence":4,"plotId":"41-VSD","villageNumber":3,"village":"เกาะไม้ไผ่","subdistrict":"เกาะปันหยี","district":"เมือง","province":"พังงา","landCondition":"แปลงปลูกเสริมและปรับปรุงสภาพป่าชายเลน","allocatedAreaRai":181.5,"waterAreaRai":2.58,"officialParticipatingAreaRai":178.92,"geometryAreaRai":178.92,"areaDifferenceRai":0.0,"waterGeometryAreaRai":2.58,"fcdAreaRaiByClass":{"0":0.35,"1":1.11,"2":11.74,"3":165.72},"sourceCrs":"EPSG:32647","sourceFile":"Company-data/T-VER  Standard กลุ่ม 2  สยามทีซี&วิสุทธิ  ขึ้นทะเบียน/Shape/Shp-แปลงปลูกเสริม+น้ำ+FCD/แปลงปลูกเสริม_All_รวมน้ำ_V3_Uni.shp","sourceFeatureCount":52,"excludedWaterClass":"W"},"geometry":{"type":"GeometryCollection","geometries":[{"type":"MultiPolygon","coordinates":[[[[98.5386503,8.3622478],[98.5385924,8.3622477],[98.5386502,8.3623214],[98.5386503,8.3622478]]],[[[98.5378342,8.3611614],[98.5376855,8.3611612],[98.5378028,8.3612961],[98.537834,8.3613499],[98.5378342,8.3611614]]],[[[98.5353836,8.3598018],[98.5353049,8.3598017],[98.5353835,8.3598354],[98.5353836,8.3598018]]],[[[98.5351114,8.3595301],[98.534971,8.3595299],[98.5351113,8.3596478],[98.5351114,8.3595301]]],[[[98.5345686,8.357734],[98.5345305,8.3579013],[98.5345684,8.3579013],[98.5345686,8.357734]]],[[[98.5348423,8.3567107],[98.5348081,8.3568162],[98.5348422,8.3568162],[98.5348423,8.3567107]]],[[[98.5351156,8.3560025],[98.5351158,8.3558668],[98.5350718,8.3560025],[98.5351156,8.3560025]]],[[[98.535389,8.3551888],[98.5353892,8.3550229],[98.5353355,8.3551887],[98.535389,8.3551888]]],[[[98.5367533,8.3535623],[98.5367535,8.353405],[98.5366575,8.3535621],[98.5367533,8.3535623]]],[[[98.5370264,8.3530199],[98.5370265,8.3529582],[98.5369888,8.3530198],[98.5370264,8.3530199]]]]},{"type":"Polygon","coordinates":[[[98.5351153,8.3562739],[98.5351156,8.3560025],[98.5350718,8.3560025],[98.5349839,8.3562737],[98.5351153,8.3562739]]]},{"type":"Polygon","coordinates":[[[98.5345671,8.3589868],[98.5345674,8.3587154],[98.534481,8.3587153],[98.5345397,8.3591676],[98.5345669,8.3591905],[98.5345671,8.3589868]]]},{"type":"Polygon","coordinates":[[[98.5348393,8.3592584],[98.5346475,8.3592582],[98.5348391,8.3594191],[98.5348393,8.3592584]]]},{"type":"Polygon","coordinates":[[[98.535656,8.3598021],[98.5353836,8.3598018],[98.5353835,8.3598354],[98.5356559,8.359952],[98.535656,8.3598021]]]},{"type":"Polygon","coordinates":[[[98.5362007,8.3600741],[98.5359403,8.3600738],[98.5362005,8.3601852],[98.5362007,8.3600741]]]},{"type":"Polygon","coordinates":[[[98.5367453,8.3603461],[98.5365757,8.3603459],[98.5367452,8.3604184],[98.5367453,8.3603461]]]},{"type":"Polygon","coordinates":[[[98.5372899,8.3606181],[98.5371994,8.360618],[98.5372898,8.3607151],[98.5372899,8.3606181]]]},{"type":"Polygon","coordinates":[[[98.537562,8.3608897],[98.5374492,8.3608896],[98.5375619,8.3610192],[98.537562,8.3608897]]]},{"type":"Polygon","coordinates":[[[98.5398195,8.3611637],[98.5397415,8.3611636],[98.5397413,8.361294],[98.5398323,8.3611818],[98.5398195,8.3611637]]]},{"type":"Polygon","coordinates":[[[98.5396271,8.3614348],[98.5394687,8.3614347],[98.5394685,8.3616305],[98.5396271,8.3614348]]]},{"type":"Polygon","coordinates":[[[98.5389677,8.3622481],[98.5389228,8.3622481],[98.5389227,8.3623036],[98.5389677,8.3622481]]]},{"type":"Polygon","coordinates":[[[98.5370264,8.3530199],[98.5369888,8.3530198],[98.5367535,8.353405],[98.5367533,8.3535623],[98.5370257,8.3535626],[98.5370264,8.3530199]]]},{"type":"Polygon","coordinates":[[[98.5367533,8.3535623],[98.5366575,8.3535621],[98.5364918,8.3538333],[98.536753,8.3538336],[98.5367533,8.3535623]]]},{"type":"Polygon","coordinates":[[[98.5364805,8.3538519],[98.5364532,8.3538966],[98.5362342,8.3541043],[98.5364802,8.3541046],[98.5364805,8.3538519]]]},{"type":"Polygon","coordinates":[[[98.5362077,8.3541295],[98.5359485,8.3543754],[98.5362074,8.3543757],[98.5362077,8.3541295]]]},{"type":"Polygon","coordinates":[[[98.5378428,8.3538349],[98.5375704,8.3538346],[98.5375697,8.3543773],[98.5378422,8.3543776],[98.5378428,8.3538349]]]},{"type":"Polygon","coordinates":[[[98.5359349,8.3543883],[98.5356883,8.3546223],[98.5357301,8.3546465],[98.5359346,8.3546467],[98.5359349,8.3543883]]]},{"type":"Polygon","coordinates":[[[98.535662,8.3547238],[98.535612,8.3546947],[98.5354439,8.3548542],[98.5354234,8.3549175],[98.5356618,8.3549177],[98.535662,8.3547238]]]},{"type":"Polygon","coordinates":[[[98.535389,8.3551888],[98.5353355,8.3551887],[98.5351597,8.3557312],[98.5353884,8.3557315],[98.535389,8.3551888]]]},{"type":"Polygon","coordinates":[[[98.5351153,8.3562739],[98.5349839,8.3562737],[98.534896,8.356545],[98.535115,8.3565452],[98.5351153,8.3562739]]]},{"type":"Polygon","coordinates":[[[98.5348422,8.3568162],[98.5348081,8.3568162],[98.5347056,8.3571327],[98.5346541,8.3573587],[98.5348415,8.357359],[98.5348422,8.3568162]]]},{"type":"Polygon","coordinates":[[[98.5345674,8.3587154],[98.5345684,8.3579013],[98.5345305,8.3579013],[98.5344317,8.3583353],[98.534481,8.3587153],[98.5345674,8.3587154]]]},{"type":"Polygon","coordinates":[[[98.5345671,8.3589868],[98.5345669,8.3591905],[98.5346475,8.3592582],[98.5348393,8.3592584],[98.5348396,8.3589871],[98.5345671,8.3589868]]]},{"type":"Polygon","coordinates":[[[98.5351114,8.3595301],[98.5351117,8.3592587],[98.5348393,8.3592584],[98.5348391,8.3594191],[98.534971,8.3595299],[98.5351114,8.3595301]]]},{"type":"Polygon","coordinates":[[[98.5353836,8.3598018],[98.5353839,8.3595304],[98.5351114,8.3595301],[98.5351113,8.3596478],[98.5352837,8.3597926],[98.5353049,8.3598017],[98.5353836,8.3598018]]]},{"type":"Polygon","coordinates":[[[98.535656,8.3598021],[98.5356559,8.359952],[98.5359282,8.3600686],[98.5359285,8.3598024],[98.535656,8.3598021]]]},{"type":"Polygon","coordinates":[[[98.5362007,8.3600741],[98.5362005,8.3601852],[98.5364729,8.3603018],[98.5364731,8.3600744],[98.5362007,8.3600741]]]},{"type":"MultiPolygon","coordinates":[[[[98.5372008,8.3603466],[98.5371714,8.3603864],[98.5371425,8.3604394],[98.5371323,8.3604839],[98.5371375,8.3605514],[98.5371994,8.360618],[98.5372899,8.3606181],[98.5372902,8.3603467],[98.5372008,8.3603466]]],[[[98.5371206,8.3603465],[98.5367453,8.3603461],[98.5367452,8.3604184],[98.536763,8.360426],[98.5368907,8.3604335],[98.5369789,8.3604432],[98.5370175,8.3604435],[98.5370488,8.3604316],[98.5370752,8.3604124],[98.5370993,8.3603814],[98.5371206,8.3603465]]]]},{"type":"Polygon","coordinates":[[[98.5372899,8.3606181],[98.5372898,8.3607151],[98.5374069,8.360841],[98.5374492,8.3608896],[98.537562,8.3608897],[98.5375624,8.3606184],[98.5372899,8.3606181]]]},{"type":"Polygon","coordinates":[[[98.537562,8.3608897],[98.5375619,8.3610192],[98.5376855,8.3611612],[98.5378342,8.3611614],[98.5378345,8.3608901],[98.537562,8.3608897]]]},{"type":"Polygon","coordinates":[[[98.5398195,8.3611637],[98.5397416,8.3610535],[98.5397415,8.3611636],[98.5398195,8.3611637]]]},{"type":"Polygon","coordinates":[[[98.5396271,8.3614348],[98.5397413,8.361294],[98.5397415,8.3611636],[98.539469,8.3611633],[98.5394687,8.3614347],[98.5396271,8.3614348]]]},{"type":"Polygon","coordinates":[[[98.5394073,8.3617059],[98.5391959,8.3617057],[98.5391956,8.3619671],[98.5394073,8.3617059]]]},{"type":"Polygon","coordinates":[[[98.537882,8.3614328],[98.5378834,8.3614353],[98.5382512,8.3618131],[98.5383782,8.3619749],[98.5383788,8.3614334],[98.537882,8.3614328]]]},{"type":"Polygon","coordinates":[[[98.5386503,8.3622478],[98.5386507,8.3619764],[98.5383792,8.3619761],[98.5385924,8.3622477],[98.5386503,8.3622478]]]},{"type":"Polygon","coordinates":[[[98.5389677,8.3622481],[98.5391875,8.361977],[98.5389231,8.3619767],[98.5389228,8.3622481],[98.5389677,8.3622481]]]},{"type":"Polygon","coordinates":[[[98.5389227,8.3623036],[98.5389228,8.3622481],[98.5386503,8.3622478],[98.5386502,8.3623214],[98.5387772,8.3624831],[98.5389227,8.3623036]]]},{"type":"Polygon","coordinates":[[[98.5391875,8.361977],[98.5391956,8.3619671],[98.5391959,8.3617057],[98.5394073,8.3617059],[98.5394685,8.3616305],[98.5394687,8.3614347],[98.539469,8.3611633],[98.5397415,8.3611636],[98.5397416,8.3610535],[98.5377287,8.3582035],[98.5380529,8.352804],[98.5370993,8.352839],[98.5370265,8.3529582],[98.5370264,8.3530199],[98.5370257,8.3535626],[98.5367533,8.3535623],[98.536753,8.3538336],[98.5364918,8.3538333],[98.5364805,8.3538519],[98.5364802,8.3541046],[98.5362342,8.3541043],[98.5362077,8.3541295],[98.5362074,8.3543757],[98.5359485,8.3543754],[98.5359349,8.3543883],[98.5359346,8.3546467],[98.5357301,8.3546465],[98.5357505,8.3546583],[98.5359209,8.3547733],[98.5360626,8.3548549],[98.5362163,8.3549316],[98.5362932,8.3549652],[98.5363508,8.3549749],[98.5364133,8.3549702],[98.5364999,8.3549463],[98.5365912,8.3549369],[98.5366969,8.3549418],[98.5367786,8.3549849],[98.536829,8.3550305],[98.5368842,8.3551047],[98.5369346,8.3551574],[98.5370018,8.3552006],[98.5370594,8.3552198],[98.5371556,8.3552127],[98.5372565,8.3551793],[98.5372926,8.3551842],[98.5372926,8.3551961],[98.5372781,8.3552368],[98.5372228,8.3552703],[98.537105,8.3552964],[98.5370377,8.3552964],[98.5369321,8.3552508],[98.5367568,8.35515],[98.5366848,8.3550494],[98.5365406,8.3550253],[98.5364325,8.3550444],[98.53637,8.3550563],[98.5362787,8.3550562],[98.5361994,8.3550393],[98.5360889,8.3549722],[98.535662,8.3547238],[98.5356618,8.3549177],[98.5354234,8.3549175],[98.5353892,8.3550229],[98.535389,8.3551888],[98.5353884,8.3557315],[98.5351597,8.3557312],[98.5351158,8.3558668],[98.5351156,8.3560025],[98.5351153,8.3562739],[98.535115,8.3565452],[98.534896,8.356545],[98.5348423,8.3567107],[98.5348422,8.3568162],[98.5348415,8.357359],[98.5346541,8.3573587],[98.5345686,8.357734],[98.5345684,8.3579013],[98.5345674,8.3587154],[98.5345671,8.3589868],[98.5348396,8.3589871],[98.5348393,8.3592584],[98.5351117,8.3592587],[98.5351114,8.3595301],[98.5353839,8.3595304],[98.5353836,8.3598018],[98.535656,8.3598021],[98.5359285,8.3598024],[98.5359282,8.3600686],[98.5359403,8.3600738],[98.5362007,8.3600741],[98.5364731,8.3600744],[98.5364729,8.3603018],[98.5365757,8.3603459],[98.5367453,8.3603461],[98.5371206,8.3603465],[98.5371475,8.3603024],[98.537186,8.3602427],[98.5372606,8.3601494],[98.5373255,8.3600801],[98.5373905,8.3600371],[98.5374794,8.3600061],[98.537578,8.3600038],[98.5377774,8.3600399],[98.5379095,8.3600784],[98.5379671,8.3601024],[98.5380536,8.3601479],[98.5380992,8.36016],[98.5381208,8.3601791],[98.538116,8.3601959],[98.538092,8.3601982],[98.5380463,8.3601886],[98.5379574,8.3601718],[98.5377028,8.3600829],[98.5375899,8.3600589],[98.5374553,8.3600563],[98.5373952,8.3601017],[98.5372869,8.36023],[98.5372008,8.3603466],[98.5372902,8.3603467],[98.5372899,8.3606181],[98.5375624,8.3606184],[98.537562,8.3608897],[98.5378345,8.3608901],[98.5378342,8.3611614],[98.537834,8.3613499],[98.537882,8.3614328],[98.5383788,8.3614334],[98.5383782,8.3619749],[98.5383792,8.3619761],[98.5386507,8.3619764],[98.5386503,8.3622478],[98.5389228,8.3622481],[98.5389231,8.3619767],[98.5391875,8.361977]],[[98.5378428,8.3538349],[98.5378422,8.3543776],[98.5375697,8.3543773],[98.5375704,8.3538346],[98.5378428,8.3538349]]]}]}},{"type":"Feature","id":"42-VSD","properties":{"sequence":5,"plotId":"42-VSD","villageNumber":3,"village":"เกาะไม้ไผ่","subdistrict":"เกาะปันหยี","district":"เมือง","province":"พังงา","landCondition":"แปลงปลูกเสริมและปรับปรุงสภาพป่าชายเลน","allocatedAreaRai":228.88,"waterAreaRai":5.87,"officialParticipatingAreaRai":223.01,"geometryAreaRai":223.01,"areaDifferenceRai":-0.0,"waterGeometryAreaRai":5.87,"fcdAreaRaiByClass":{"0":0.94,"1":1.5,"2":11.28,"3":209.29},"sourceCrs":"EPSG:32647","sourceFile":"Company-data/T-VER  Standard กลุ่ม 2  สยามทีซี&วิสุทธิ  ขึ้นทะเบียน/Shape/Shp-แปลงปลูกเสริม+น้ำ+FCD/แปลงปลูกเสริม_All_รวมน้ำ_V3_Uni.shp","sourceFeatureCount":52,"excludedWaterClass":"W"},"geometry":{"type":"GeometryCollection","geometries":[{"type":"MultiPolygon","coordinates":[[[[98.5334725,8.3614276],[98.5334743,8.361428],[98.5334743,8.3614276],[98.5334725,8.3614276]]],[[[98.5319898,8.3611545],[98.5321123,8.3611771],[98.5321123,8.3611547],[98.5319898,8.3611545]]],[[[98.5307507,8.3605812],[98.5307048,8.3609178],[98.5307502,8.3609262],[98.5307507,8.3605812]]],[[[98.5351108,8.3600141],[98.5351108,8.3600728],[98.5351823,8.3600729],[98.5351108,8.3600141]]],[[[98.5348519,8.3598011],[98.5348386,8.3597902],[98.5348386,8.3598011],[98.5348519,8.3598011]]],[[[98.5310255,8.3585615],[98.5309682,8.3589825],[98.531025,8.3589826],[98.5310255,8.3585615]]],[[[98.531026,8.3581685],[98.5309463,8.3581684],[98.5310257,8.3584608],[98.531026,8.3581685]]],[[[98.5307548,8.3570828],[98.5306517,8.3570827],[98.5307544,8.357461],[98.5307548,8.3570828]]],[[[98.5304833,8.3562684],[98.5304308,8.3562683],[98.5304831,8.3564611],[98.5304833,8.3562684]]],[[[98.5299397,8.3551823],[98.5299,8.3551823],[98.5299396,8.3552463],[98.5299397,8.3551823]]],[[[98.534322,8.3550128],[98.5342994,8.355014],[98.5342992,8.3551875],[98.5345333,8.3551878],[98.5345445,8.3550973],[98.534322,8.3550128]]],[[[98.5334821,8.354878],[98.5334821,8.3549152],[98.5335996,8.3549153],[98.5335811,8.3549109],[98.5334821,8.354878]]],[[[98.5296682,8.354346],[98.5295861,8.3546754],[98.5296677,8.3548071],[98.5296682,8.354346]]],[[[98.5299413,8.3538247],[98.5299396,8.3538256],[98.5299413,8.3538256],[98.5299413,8.3538247]]],[[[98.5304866,8.3535549],[98.5304866,8.353551],[98.5304789,8.3535549],[98.5304866,8.3535549]]],[[[98.531058,8.3534715],[98.5310316,8.3534727],[98.5310315,8.3535555],[98.531217,8.3535557],[98.531058,8.3534715]]]]},{"type":"Polygon","coordinates":[[[98.5310316,8.3534727],[98.5307591,8.3534848],[98.530759,8.3535552],[98.5310315,8.3535555],[98.5310316,8.3534727]]]},{"type":"Polygon","coordinates":[[[98.5315762,8.3537531],[98.5315761,8.3538275],[98.5316898,8.3538276],[98.5315762,8.3537531]]]},{"type":"Polygon","coordinates":[[[98.5318485,8.3539318],[98.5318483,8.3540992],[98.5320711,8.3540995],[98.5320249,8.3540476],[98.5318485,8.3539318]]]},{"type":"Polygon","coordinates":[[[98.5323928,8.3544631],[98.5323925,8.3546425],[98.5327771,8.354643],[98.5324569,8.3545363],[98.5323928,8.3544631]]]},{"type":"Polygon","coordinates":[[[98.5334821,8.354878],[98.5332098,8.3547872],[98.5332096,8.3549149],[98.5334821,8.3549152],[98.5334821,8.354878]]]},{"type":"Polygon","coordinates":[[[98.5342994,8.355014],[98.5340711,8.3550264],[98.5340269,8.355016],[98.5340267,8.3551872],[98.5342992,8.3551875],[98.5342994,8.355014]]]},{"type":"Polygon","coordinates":[[[98.5307548,8.3570828],[98.5307552,8.3568114],[98.5305781,8.3568112],[98.5306517,8.3570827],[98.5307548,8.3570828]]]},{"type":"Polygon","coordinates":[[[98.5340649,8.3587148],[98.5340228,8.3584816],[98.5340225,8.3587148],[98.5340649,8.3587148]]]},{"type":"Polygon","coordinates":[[[98.5353831,8.360238],[98.5353829,8.3603445],[98.535558,8.3603447],[98.5354466,8.3602903],[98.5353831,8.360238]]]},{"type":"Polygon","coordinates":[[[98.5371118,8.3611606],[98.5370623,8.3610791],[98.5370169,8.3610569],[98.5370168,8.3611605],[98.5371118,8.3611606]]]},{"type":"Polygon","coordinates":[[[98.5307591,8.3534848],[98.5306047,8.3534917],[98.5304866,8.353551],[98.5304866,8.3535549],[98.530759,8.3535552],[98.5307591,8.3534848]]]},{"type":"Polygon","coordinates":[[[98.5315762,8.3537531],[98.5315207,8.3537167],[98.5313039,8.3536018],[98.5313037,8.3538272],[98.5315761,8.3538275],[98.5315762,8.3537531]]]},{"type":"Polygon","coordinates":[[[98.5321207,8.3541551],[98.5321204,8.3543709],[98.5323121,8.3543711],[98.5322553,8.3543063],[98.5321207,8.3541551]]]},{"type":"Polygon","coordinates":[[[98.5332098,8.3547872],[98.5329374,8.3546964],[98.5329372,8.3549145],[98.5332096,8.3549149],[98.5332098,8.3547872]]]},{"type":"Polygon","coordinates":[[[98.5297318,8.3549107],[98.5299,8.3551823],[98.5299397,8.3551823],[98.52994,8.354911],[98.5297318,8.3549107]]]},{"type":"Polygon","coordinates":[[[98.5340269,8.355016],[98.5337545,8.3549518],[98.5337542,8.3551868],[98.5340267,8.3551872],[98.5340269,8.355016]]]},{"type":"Polygon","coordinates":[[[98.5345333,8.3551878],[98.5342992,8.3551875],[98.5342988,8.3554588],[98.5344997,8.3554591],[98.5345333,8.3551878]]]},{"type":"Polygon","coordinates":[[[98.5300681,8.3554538],[98.5302116,8.3556855],[98.5302118,8.355454],[98.5300681,8.3554538]]]},{"type":"Polygon","coordinates":[[[98.5304833,8.3562684],[98.5304837,8.355997],[98.5303572,8.3559969],[98.5304308,8.3562683],[98.5304833,8.3562684]]]},{"type":"Polygon","coordinates":[[[98.5344325,8.3560017],[98.5342982,8.3560015],[98.5342972,8.3568066],[98.5343519,8.3566529],[98.5344325,8.3560017]]]},{"type":"Polygon","coordinates":[[[98.5307552,8.3568114],[98.5307555,8.3565401],[98.5305045,8.3565398],[98.5305781,8.3568112],[98.5307552,8.3568114]]]},{"type":"Polygon","coordinates":[[[98.5341011,8.3573581],[98.5340241,8.357358],[98.5340239,8.3575751],[98.5341011,8.3573581]]]},{"type":"Polygon","coordinates":[[[98.531026,8.3581685],[98.5310267,8.3576258],[98.530799,8.3576255],[98.5309463,8.3581684],[98.531026,8.3581685]]]},{"type":"Polygon","coordinates":[[[98.5341912,8.3592577],[98.5341581,8.3592305],[98.5340649,8.3587148],[98.5340225,8.3587148],[98.5340219,8.3592575],[98.5341912,8.3592577]]]},{"type":"Polygon","coordinates":[[[98.531025,8.3589826],[98.5309682,8.3589825],[98.5308575,8.3597964],[98.5310241,8.3597966],[98.531025,8.3589826]]]},{"type":"Polygon","coordinates":[[[98.5348386,8.3598011],[98.5348386,8.3597902],[98.5342942,8.3593424],[98.534294,8.3595291],[98.5340215,8.3595288],[98.5340209,8.3600715],[98.5342934,8.3600718],[98.5342937,8.3598005],[98.5348386,8.3598011]]]},{"type":"Polygon","coordinates":[[[98.5351108,8.3600141],[98.5348519,8.3598011],[98.5348386,8.3598011],[98.5348383,8.3600725],[98.5351108,8.3600728],[98.5351108,8.3600141]]]},{"type":"Polygon","coordinates":[[[98.5353831,8.360238],[98.5351823,8.3600729],[98.5351108,8.3600728],[98.5351105,8.3603442],[98.5353829,8.3603445],[98.5353831,8.360238]]]},{"type":"Polygon","coordinates":[[[98.5356553,8.3603922],[98.5356551,8.3606161],[98.5361151,8.3606167],[98.5356553,8.3603922]]]},{"type":"Polygon","coordinates":[[[98.5366723,8.3608887],[98.5362,8.3606581],[98.5361994,8.3611595],[98.5364718,8.3611598],[98.5364722,8.3608885],[98.5366723,8.3608887]]]},{"type":"Polygon","coordinates":[[[98.5351094,8.3611979],[98.5351115,8.3611973],[98.5351977,8.3612044],[98.5352003,8.3612035],[98.5352083,8.3612053],[98.5353819,8.3612197],[98.535382,8.3611585],[98.5351095,8.3611582],[98.5351094,8.3611979]]]},{"type":"Polygon","coordinates":[[[98.5370168,8.3611605],[98.5370169,8.3610569],[98.5367446,8.360924],[98.536744,8.3614315],[98.5370165,8.3614318],[98.5370168,8.3611605]]]},{"type":"Polygon","coordinates":[[[98.536744,8.3614315],[98.5364715,8.3614312],[98.5364712,8.3616889],[98.5364893,8.3617025],[98.5367437,8.3617028],[98.536744,8.3614315]]]},{"type":"Polygon","coordinates":[[[98.5372889,8.3614518],[98.5372885,8.3618411],[98.5375246,8.3618394],[98.5372889,8.3614518]]]},{"type":"MultiPolygon","coordinates":[[[[98.5372885,8.3618411],[98.5372889,8.3614518],[98.5371118,8.3611606],[98.5370168,8.3611605],[98.5370165,8.3614318],[98.536744,8.3614315],[98.5367437,8.3617028],[98.5364893,8.3617025],[98.5366791,8.3618455],[98.5372885,8.3618411]]],[[[98.536744,8.3614315],[98.5367446,8.360924],[98.5366723,8.3608887],[98.5364722,8.3608885],[98.5364718,8.3611598],[98.5361994,8.3611595],[98.5362,8.3606581],[98.5361151,8.3606167],[98.5356551,8.3606161],[98.5356553,8.3603922],[98.535558,8.3603447],[98.5353829,8.3603445],[98.5351105,8.3603442],[98.5351108,8.3600728],[98.5348383,8.3600725],[98.5348386,8.3598011],[98.5342937,8.3598005],[98.5342934,8.3600718],[98.5340209,8.3600715],[98.5340215,8.3595288],[98.534294,8.3595291],[98.5342942,8.3593424],[98.5341912,8.3592577],[98.5340219,8.3592575],[98.5340225,8.3587148],[98.5340228,8.3584816],[98.5339145,8.3578825],[98.5340239,8.3575751],[98.5340241,8.357358],[98.5341011,8.3573581],[98.5342972,8.3568066],[98.5342982,8.3560015],[98.5344325,8.3560017],[98.5344997,8.3554591],[98.5342988,8.3554588],[98.5342992,8.3551875],[98.5340267,8.3551872],[98.5337542,8.3551868],[98.5337545,8.3549518],[98.5335996,8.3549153],[98.5334821,8.3549152],[98.5332096,8.3549149],[98.5329372,8.3549145],[98.5329374,8.3546964],[98.5327771,8.354643],[98.5323925,8.3546425],[98.5323928,8.3544631],[98.5323121,8.3543711],[98.5321204,8.3543709],[98.5321207,8.3541551],[98.5320711,8.3540995],[98.5318483,8.3540992],[98.5318485,8.3539318],[98.5316898,8.3538276],[98.5315761,8.3538275],[98.5313037,8.3538272],[98.5313039,8.3536018],[98.531217,8.3535557],[98.5310315,8.3535555],[98.530759,8.3535552],[98.5304866,8.3535549],[98.5304789,8.3535549],[98.5299413,8.3538247],[98.5299413,8.3538256],[98.5299396,8.3538256],[98.5297778,8.3539068],[98.5296682,8.354346],[98.5296677,8.3548071],[98.5297318,8.3549107],[98.52994,8.354911],[98.5299397,8.3551823],[98.5299396,8.3552463],[98.5300681,8.3554538],[98.5302118,8.355454],[98.5302116,8.3556855],[98.5303203,8.3558612],[98.5303572,8.3559969],[98.5304837,8.355997],[98.5304833,8.3562684],[98.5304831,8.3564611],[98.5305045,8.3565398],[98.5307555,8.3565401],[98.5307552,8.3568114],[98.5307548,8.3570828],[98.5307544,8.357461],[98.530799,8.3576255],[98.5310267,8.3576258],[98.531026,8.3581685],[98.5310257,8.3584608],[98.5310347,8.3584941],[98.5310255,8.3585615],[98.531025,8.3589826],[98.5310241,8.3597966],[98.5308575,8.3597964],[98.5307507,8.3605812],[98.5307502,8.3609262],[98.5319898,8.3611545],[98.5321123,8.3611547],[98.5321123,8.3611771],[98.5334725,8.3614276],[98.5334743,8.3614276],[98.5334743,8.361428],[98.5341008,8.3615434],[98.5341259,8.3615311],[98.5346067,8.3613403],[98.5351094,8.3611979],[98.5351095,8.3611582],[98.535382,8.3611585],[98.5353819,8.3612197],[98.5358444,8.361258],[98.5363606,8.3616056],[98.5364712,8.3616889],[98.5364715,8.3614312],[98.536744,8.3614315]]]]}]}},{"type":"Feature","id":"43-VSD","properties":{"sequence":6,"plotId":"43-VSD","villageNumber":5,"village":"เกาะเคี่ยม","subdistrict":"บางเตย","district":"เมือง","province":"พังงา","landCondition":"แปลงปลูกเสริมและปรับปรุงสภาพป่าชายเลน","allocatedAreaRai":123.91,"waterAreaRai":1.09,"officialParticipatingAreaRai":122.82,"geometryAreaRai":122.82,"areaDifferenceRai":0.0,"waterGeometryAreaRai":1.09,"fcdAreaRaiByClass":{"0":0.13,"1":1.28,"2":121.41},"sourceCrs":"EPSG:32647","sourceFile":"Company-data/T-VER  Standard กลุ่ม 2  สยามทีซี&วิสุทธิ  ขึ้นทะเบียน/Shape/Shp-แปลงปลูกเสริม+น้ำ+FCD/แปลงปลูกเสริม_All_รวมน้ำ_V3_Uni.shp","sourceFeatureCount":14,"excludedWaterClass":"W"},"geometry":{"type":"GeometryCollection","geometries":[{"type":"MultiPolygon","coordinates":[[[[98.592997,8.4309602],[98.592744,8.4309599],[98.5928644,8.4309781],[98.592997,8.4309602]]],[[[98.5917152,8.426712],[98.5916879,8.4267347],[98.591714,8.42783],[98.5917152,8.426712]]],[[[98.5930784,8.4260703],[98.5930697,8.4260759],[98.5930784,8.4260759],[98.5930784,8.4260703]]]]},{"type":"Polygon","coordinates":[[[98.5968926,8.4282506],[98.5968914,8.4282506],[98.5968911,8.4285416],[98.5970911,8.4283865],[98.5968926,8.4282506]]]},{"type":"Polygon","coordinates":[[[98.5965668,8.428793],[98.5963458,8.4287928],[98.5963456,8.4289644],[98.5965668,8.428793]]]},{"type":"Polygon","coordinates":[[[98.5962213,8.429064],[98.596073,8.4290639],[98.5960729,8.4291901],[98.5962213,8.429064]]]},{"type":"Polygon","coordinates":[[[98.5959022,8.429335],[98.5958002,8.4293349],[98.5958001,8.4294217],[98.5959022,8.429335]]]},{"type":"Polygon","coordinates":[[[98.5955936,8.4296061],[98.5955274,8.429606],[98.5955274,8.4296678],[98.5955936,8.4296061]]]},{"type":"Polygon","coordinates":[[[98.595303,8.4298771],[98.5952546,8.4298771],[98.5952546,8.4299223],[98.595303,8.4298771]]]},{"type":"Polygon","coordinates":[[[98.5950124,8.4301482],[98.5949818,8.4301481],[98.5949818,8.4301768],[98.5950124,8.4301482]]]},{"type":"Polygon","coordinates":[[[98.5946416,8.4304192],[98.5944365,8.4304189],[98.5944364,8.4305187],[98.5946416,8.4304192]]]},{"type":"Polygon","coordinates":[[[98.5938978,8.4307636],[98.5939164,8.4306898],[98.5936186,8.4306894],[98.5936185,8.4308577],[98.5938978,8.4307636]]]},{"type":"Polygon","coordinates":[[[98.5917821,8.4306875],[98.5917836,8.4307509],[98.5922558,8.4308725],[98.592256,8.430688],[98.5917821,8.4306875]]]},{"type":"Polygon","coordinates":[[[98.592997,8.4309602],[98.5935276,8.4308883],[98.5936185,8.4308577],[98.5936186,8.4306894],[98.5939164,8.4306898],[98.5939244,8.4306581],[98.5938932,8.4304829],[98.593906,8.4302702],[98.5938623,8.4299698],[98.5938059,8.4297883],[98.5936929,8.4296755],[98.5934731,8.4296002],[98.5933285,8.4296313],[98.5931902,8.4296562],[98.5930771,8.4296999],[98.5930582,8.4297062],[98.5929891,8.4296998],[98.5930143,8.429656],[98.59314,8.4296374],[98.593272,8.4295937],[98.5934543,8.4295501],[98.5935988,8.4295503],[98.5937621,8.4296193],[98.5938876,8.4297946],[98.5939502,8.43007],[98.5939688,8.4302452],[98.5939687,8.4303703],[98.5939874,8.4304955],[98.5940313,8.4305894],[98.5940878,8.430627],[98.5941444,8.4306333],[98.5942002,8.4306334],[98.5944364,8.4305187],[98.5944365,8.4304189],[98.5946416,8.4304192],[98.594809,8.4303379],[98.5949818,8.4301768],[98.5949818,8.4301481],[98.5950124,8.4301482],[98.5952546,8.4299223],[98.5952546,8.4298771],[98.595303,8.4298771],[98.5955274,8.4296678],[98.5955274,8.429606],[98.5955936,8.4296061],[98.5957001,8.4295067],[98.5958001,8.4294217],[98.5958002,8.4293349],[98.5959022,8.429335],[98.5960729,8.4291901],[98.596073,8.4290639],[98.5962213,8.429064],[98.5962638,8.4290279],[98.5963456,8.4289644],[98.5963458,8.4287928],[98.5965668,8.428793],[98.5968911,8.4285416],[98.5968914,8.4282506],[98.5968926,8.4282506],[98.5964557,8.4279517],[98.5955567,8.4276613],[98.5945033,8.4273618],[98.5938769,8.4269903],[98.5935777,8.426402],[98.5935417,8.4261035],[98.5931693,8.4260126],[98.5930784,8.4260703],[98.5930784,8.4260759],[98.5930697,8.4260759],[98.5928421,8.4262203],[98.5922516,8.426265],[98.5917152,8.426712],[98.591714,8.42783],[98.5917821,8.4306875],[98.592256,8.430688],[98.5922558,8.4308725],[98.592383,8.4309053],[98.592744,8.4309599],[98.592997,8.4309602]]]}]}},{"type":"Feature","id":"44-VSD","properties":{"sequence":7,"plotId":"44-VSD","villageNumber":1,"village":"โคกไคร","subdistrict":"มะรุ่ย","district":"ทับปุด","province":"พังงา","landCondition":"แปลงปลูกเสริมและปรับปรุงสภาพป่าชายเลน","allocatedAreaRai":223.49,"waterAreaRai":2.42,"officialParticipatingAreaRai":221.07000000000002,"geometryAreaRai":221.07,"areaDifferenceRai":0.0,"waterGeometryAreaRai":2.42,"fcdAreaRaiByClass":{"0":0.49,"1":1.0,"2":48.3,"3":171.28},"sourceCrs":"EPSG:32647","sourceFile":"Company-data/T-VER  Standard กลุ่ม 2  สยามทีซี&วิสุทธิ  ขึ้นทะเบียน/Shape/Shp-แปลงปลูกเสริม+น้ำ+FCD/แปลงปลูกเสริม_All_รวมน้ำ_V3_Uni.shp","sourceFeatureCount":44,"excludedWaterClass":"W"},"geometry":{"type":"GeometryCollection","geometries":[{"type":"MultiPolygon","coordinates":[[[[98.6353484,8.3944649],[98.6352747,8.3949114],[98.635348,8.3949115],[98.6353484,8.3944649]]],[[[98.6356224,8.3928048],[98.6355882,8.3930122],[98.6356222,8.3930122],[98.6356224,8.3928048]]],[[[98.6352736,8.3916551],[98.6353509,8.391772],[98.635351,8.3916552],[98.6352736,8.3916551]]],[[[98.6418929,8.3894904],[98.6418578,8.3894903],[98.6418929,8.3895148],[98.6418929,8.3894904]]],[[[98.6410061,8.3889468],[98.6410759,8.388991],[98.6410759,8.3889469],[98.6410061,8.3889468]]],[[[98.6402145,8.3884034],[98.6402589,8.3884387],[98.6402589,8.3884034],[98.6402145,8.3884034]]],[[[98.6398725,8.3881317],[98.6399866,8.3882224],[98.6399867,8.3881318],[98.6398725,8.3881317]]],[[[98.6369906,8.3866398],[98.6369235,8.3867722],[98.6369905,8.3867723],[98.6369906,8.3866398]]],[[[98.6372636,8.3861011],[98.6371984,8.3862298],[98.6372635,8.3862298],[98.6372636,8.3861011]]],[[[98.6375366,8.3855624],[98.6374733,8.3856873],[98.6375365,8.3856874],[98.6375366,8.3855624]]],[[[98.6378096,8.3850237],[98.6377482,8.3851449],[98.6378095,8.3851449],[98.6378096,8.3850237]]],[[[98.6380826,8.3844851],[98.6380231,8.3846024],[98.6380825,8.3846025],[98.6380826,8.3844851]]],[[[98.6383556,8.3839464],[98.638298,8.3840599],[98.6383555,8.38406],[98.6383556,8.3839464]]],[[[98.6386286,8.3834077],[98.6385729,8.3835175],[98.6386285,8.3835175],[98.6386286,8.3834077]]],[[[98.6389016,8.382869],[98.6388478,8.382975],[98.6389015,8.3829751],[98.6389016,8.382869]]],[[[98.6391745,8.3823303],[98.6391227,8.3824326],[98.6391745,8.3824326],[98.6391745,8.3823303]]]]},{"type":"Polygon","coordinates":[[[98.6397193,8.3825882],[98.6397192,8.3827045],[98.6397807,8.3827045],[98.6397193,8.3825882]]]},{"type":"Polygon","coordinates":[[[98.6408072,8.3847847],[98.6408071,8.3848763],[98.6408419,8.3848763],[98.6408072,8.3847847]]]},{"type":"Polygon","coordinates":[[[98.6414306,8.386505],[98.6414143,8.3863874],[98.6413509,8.38622],[98.6413509,8.3862336],[98.6413506,8.3865049],[98.6414306,8.386505]]]},{"type":"Polygon","coordinates":[[[98.6416673,8.3875907],[98.6416222,8.3874877],[98.6416221,8.3875906],[98.6416673,8.3875907]]]},{"type":"Polygon","coordinates":[[[98.6394422,8.3875886],[98.6392098,8.3875884],[98.639442,8.3877847],[98.6394422,8.3875886]]]},{"type":"Polygon","coordinates":[[[98.6383132,8.3875876],[98.6380797,8.3875874],[98.6380795,8.3878088],[98.6383132,8.3875876]]]},{"type":"Polygon","coordinates":[[[98.6397144,8.3878602],[98.6395311,8.3878601],[98.6395418,8.3878691],[98.6397143,8.3880061],[98.6397144,8.3878602]]]},{"type":"Polygon","coordinates":[[[98.6419047,8.3881336],[98.6418941,8.3881096],[98.6418941,8.3881336],[98.6419047,8.3881336]]]},{"type":"Polygon","coordinates":[[[98.6375402,8.3886723],[98.6375337,8.3886723],[98.6375337,8.3886874],[98.6375402,8.3886723]]]},{"type":"Polygon","coordinates":[[[98.6408037,8.3886753],[98.6405769,8.3886751],[98.6408035,8.3888186],[98.6408037,8.3886753]]]},{"type":"Polygon","coordinates":[[[98.6422607,8.388948],[98.6421661,8.3887315],[98.6421659,8.3889479],[98.6422607,8.388948]]]},{"type":"Polygon","coordinates":[[[98.6416206,8.3892187],[98.6414353,8.3892186],[98.6416205,8.3893358],[98.6416206,8.3892187]]]},{"type":"Polygon","coordinates":[[[98.6424981,8.3894909],[98.6424379,8.3894908],[98.6424377,8.3896435],[98.6425377,8.3895814],[98.6424981,8.3894909]]]},{"type":"Polygon","coordinates":[[[98.6370047,8.3900286],[98.6369875,8.3900286],[98.6369875,8.3900582],[98.6370047,8.3900286]]]},{"type":"Polygon","coordinates":[[[98.6363488,8.3908421],[98.6363144,8.390842],[98.6363456,8.3908445],[98.6363488,8.3908421]]]},{"type":"Polygon","coordinates":[[[98.6364676,8.3916562],[98.636441,8.3916148],[98.636441,8.3916562],[98.6364676,8.3916562]]]},{"type":"Polygon","coordinates":[[[98.6392602,8.3821613],[98.6394472,8.3821615],[98.6394469,8.3824329],[98.6396374,8.382433],[98.6393747,8.3819353],[98.6392602,8.3821613]]]},{"type":"Polygon","coordinates":[[[98.6397807,8.3827045],[98.6397192,8.3827045],[98.6397189,8.3829758],[98.639924,8.382976],[98.6397807,8.3827045]]]},{"type":"Polygon","coordinates":[[[98.6399913,8.3831036],[98.6399912,8.3832474],[98.6400672,8.3832475],[98.6399913,8.3831036]]]},{"type":"Polygon","coordinates":[[[98.6402633,8.3836191],[98.6402629,8.3840617],[98.6404971,8.384062],[98.6402633,8.3836191]]]},{"type":"Polygon","coordinates":[[[98.6405353,8.3841345],[98.6405349,8.3846047],[98.6407391,8.3846049],[98.640626,8.3843063],[98.6405353,8.3841345]]]},{"type":"Polygon","coordinates":[[[98.6410476,8.3854192],[98.6408419,8.3848763],[98.6408071,8.3848763],[98.6408066,8.385419],[98.6410476,8.3854192]]]},{"type":"Polygon","coordinates":[[[98.6412532,8.3859621],[98.6410791,8.3855023],[98.6410786,8.385962],[98.6412532,8.3859621]]]},{"type":"Polygon","coordinates":[[[98.6408052,8.3870472],[98.6405327,8.3870469],[98.6405324,8.3873183],[98.6408049,8.3873185],[98.6408052,8.3870472]]]},{"type":"Polygon","coordinates":[[[98.6415486,8.3873192],[98.6415406,8.3873011],[98.6414306,8.386505],[98.6413506,8.3865049],[98.6413509,8.3862336],[98.6410784,8.3862333],[98.6410779,8.386776],[98.6413504,8.3867763],[98.6413499,8.387319],[98.6415486,8.3873192]]]},{"type":"Polygon","coordinates":[[[98.6380797,8.3875874],[98.6383132,8.3875876],[98.6383704,8.3875334],[98.6390064,8.3874164],[98.6392098,8.3875884],[98.6394422,8.3875886],[98.6394424,8.3873173],[98.63808,8.387316],[98.6380797,8.3875874]]]},{"type":"Polygon","coordinates":[[[98.6394422,8.3875886],[98.639442,8.3877847],[98.6395311,8.3878601],[98.6397144,8.3878602],[98.6397147,8.3875889],[98.6394422,8.3875886]]]},{"type":"Polygon","coordinates":[[[98.6418941,8.3881096],[98.6416673,8.3875907],[98.6416221,8.3875906],[98.6416216,8.3881333],[98.6418941,8.3881336],[98.6418941,8.3881096]]]},{"type":"Polygon","coordinates":[[[98.6380795,8.3878088],[98.6380797,8.3875874],[98.6378072,8.3875871],[98.637807,8.3878585],[98.6375345,8.3878582],[98.6375337,8.3886723],[98.6375402,8.3886723],[98.6377977,8.3880756],[98.6380795,8.3878088]]]},{"type":"Polygon","coordinates":[[[98.6397144,8.3878602],[98.6397143,8.3880061],[98.6398725,8.3881317],[98.6399867,8.3881318],[98.6399866,8.3882224],[98.6402145,8.3884034],[98.6402589,8.3884034],[98.6402589,8.3884387],[98.6404767,8.3886117],[98.6405769,8.3886751],[98.6408037,8.3886753],[98.6408039,8.3884039],[98.6405314,8.3884037],[98.6405317,8.3881323],[98.6402592,8.3881321],[98.6402594,8.3878607],[98.6397144,8.3878602]]]},{"type":"Polygon","coordinates":[[[98.642142,8.3886765],[98.6419047,8.3881336],[98.6418941,8.3881336],[98.6418936,8.3886763],[98.642142,8.3886765]]]},{"type":"Polygon","coordinates":[[[98.6408037,8.3886753],[98.6408035,8.3888186],[98.6410061,8.3889468],[98.6410759,8.3889469],[98.6410759,8.388991],[98.6414353,8.3892186],[98.6416206,8.3892187],[98.6416209,8.3889474],[98.6413484,8.3889471],[98.6413486,8.3886758],[98.6408037,8.3886753]]]},{"type":"Polygon","coordinates":[[[98.6416206,8.3892187],[98.6416205,8.3893358],[98.641793,8.389445],[98.6418578,8.3894903],[98.6418929,8.3894904],[98.6418931,8.389219],[98.6416206,8.3892187]]]},{"type":"Polygon","coordinates":[[[98.6424377,8.3896435],[98.6424379,8.3894908],[98.6424981,8.3894909],[98.6422607,8.388948],[98.6421659,8.3889479],[98.6421654,8.3894906],[98.6418929,8.3894904],[98.6418929,8.3895148],[98.6422469,8.389762],[98.6424377,8.3896435]]]},{"type":"Polygon","coordinates":[[[98.6375337,8.3886874],[98.6375337,8.3886723],[98.6372612,8.3886721],[98.6372607,8.3892148],[98.6369882,8.3892145],[98.6369875,8.3900286],[98.6370047,8.3900286],[98.6371785,8.3897303],[98.6374973,8.3887718],[98.6375337,8.3886874]]]},{"type":"Polygon","coordinates":[[[98.636168,8.3921987],[98.6358955,8.3921984],[98.6358952,8.3924698],[98.6361677,8.39247],[98.636168,8.3921987]]]},{"type":"MultiPolygon","coordinates":[[[[98.636422,8.3933723],[98.6364148,8.3932703],[98.636463,8.3931028],[98.6367637,8.3927681],[98.6369708,8.3925054],[98.6366768,8.3919821],[98.6364676,8.3916562],[98.636441,8.3916562],[98.636441,8.3916148],[98.6362023,8.3912431],[98.6359507,8.3909293],[98.6356866,8.3906563],[98.635312,8.3903783],[98.635166,8.3902402],[98.6350797,8.3904105],[98.6350795,8.3905695],[98.635352,8.3905698],[98.6353518,8.3908411],[98.6356243,8.3908414],[98.635624,8.3911127],[98.6358965,8.391113],[98.6358963,8.3913844],[98.6356238,8.3913841],[98.6356235,8.3916555],[98.635896,8.3916557],[98.6358957,8.3919271],[98.6361682,8.3919273],[98.636168,8.3921987],[98.6364405,8.3921989],[98.6364402,8.3924703],[98.6361677,8.39247],[98.6361675,8.3927414],[98.635895,8.3927411],[98.6358942,8.3935552],[98.6361667,8.3935555],[98.6361655,8.3949122],[98.635893,8.394912],[98.6358935,8.3943693],[98.635621,8.394369],[98.6356215,8.3938263],[98.6354538,8.3938261],[98.6353484,8.3944649],[98.635348,8.3949115],[98.6352747,8.3949114],[98.6351657,8.3955716],[98.6359831,8.3956447],[98.6360109,8.3951201],[98.6366472,8.394587],[98.6364121,8.3933838],[98.636422,8.3933723]]],[[[98.6369875,8.3900582],[98.6369875,8.3900286],[98.636715,8.3900283],[98.6367147,8.3902997],[98.6364423,8.3902994],[98.636442,8.3905708],[98.6361695,8.3905705],[98.6361698,8.3902992],[98.6356248,8.3902987],[98.635625,8.3900273],[98.635274,8.390027],[98.6352304,8.3901132],[98.6356579,8.3905078],[98.6359654,8.3906948],[98.6361623,8.3908099],[98.6362728,8.3908387],[98.6363144,8.390842],[98.6363488,8.3908421],[98.6366781,8.3905891],[98.6369875,8.3900582]]]]},{"type":"Polygon","coordinates":[[[98.636168,8.3921987],[98.6361677,8.39247],[98.6364402,8.3924703],[98.6364405,8.3921989],[98.636168,8.3921987]]]},{"type":"Polygon","coordinates":[[[98.6361677,8.39247],[98.6358952,8.3924698],[98.6358955,8.3921984],[98.636168,8.3921987],[98.6361682,8.3919273],[98.6358957,8.3919271],[98.635896,8.3916557],[98.6356235,8.3916555],[98.6356238,8.3913841],[98.6358963,8.3913844],[98.6358965,8.391113],[98.635624,8.3911127],[98.6356243,8.3908414],[98.6353518,8.3908411],[98.635352,8.3905698],[98.6350795,8.3905695],[98.6350797,8.3904105],[98.6348067,8.3909492],[98.6352736,8.3916551],[98.635351,8.3916552],[98.6353509,8.391772],[98.6357046,8.3923068],[98.6356224,8.3928048],[98.6356222,8.3930122],[98.6355882,8.3930122],[98.6354538,8.3938261],[98.6356215,8.3938263],[98.635621,8.394369],[98.6358935,8.3943693],[98.635893,8.394912],[98.6361655,8.3949122],[98.6361667,8.3935555],[98.6358942,8.3935552],[98.635895,8.3927411],[98.6361675,8.3927414],[98.6361677,8.39247]]]},{"type":"Polygon","coordinates":[[[98.6369875,8.3900286],[98.6369882,8.3892145],[98.6372607,8.3892148],[98.6372612,8.3886721],[98.6375337,8.3886723],[98.6375345,8.3878582],[98.637807,8.3878585],[98.6378072,8.3875871],[98.6380797,8.3875874],[98.63808,8.387316],[98.6394424,8.3873173],[98.6394422,8.3875886],[98.6397147,8.3875889],[98.6397144,8.3878602],[98.6402594,8.3878607],[98.6402592,8.3881321],[98.6405317,8.3881323],[98.6405314,8.3884037],[98.6408039,8.3884039],[98.6408037,8.3886753],[98.6413486,8.3886758],[98.6413484,8.3889471],[98.6416209,8.3889474],[98.6416206,8.3892187],[98.6418931,8.389219],[98.6418929,8.3894904],[98.6421654,8.3894906],[98.6421659,8.3889479],[98.6421661,8.3887315],[98.642142,8.3886765],[98.6418936,8.3886763],[98.6418941,8.3881336],[98.6416216,8.3881333],[98.6416221,8.3875906],[98.6416222,8.3874877],[98.6415486,8.3873192],[98.6413499,8.387319],[98.6413504,8.3867763],[98.6410779,8.386776],[98.6410784,8.3862333],[98.6413509,8.3862336],[98.6413509,8.38622],[98.6412532,8.3859621],[98.6410786,8.385962],[98.6410791,8.3855023],[98.6410476,8.3854192],[98.6408066,8.385419],[98.6408071,8.3848763],[98.6408072,8.3847847],[98.6407391,8.3846049],[98.6405349,8.3846047],[98.6405353,8.3841345],[98.6404971,8.384062],[98.6402629,8.3840617],[98.6402633,8.3836191],[98.6400672,8.3832475],[98.6399912,8.3832474],[98.6399913,8.3831036],[98.639924,8.382976],[98.6397189,8.3829758],[98.6397192,8.3827045],[98.6397193,8.3825882],[98.6396374,8.382433],[98.6394469,8.3824329],[98.6394472,8.3821615],[98.6392602,8.3821613],[98.6391745,8.3823303],[98.6391745,8.3824326],[98.6391227,8.3824326],[98.6389016,8.382869],[98.6389015,8.3829751],[98.6388478,8.382975],[98.6386286,8.3834077],[98.6386285,8.3835175],[98.6385729,8.3835175],[98.6383556,8.3839464],[98.6383555,8.38406],[98.638298,8.3840599],[98.6380826,8.3844851],[98.6380825,8.3846025],[98.6380231,8.3846024],[98.6378096,8.3850237],[98.6378095,8.3851449],[98.6377482,8.3851449],[98.6375366,8.3855624],[98.6375365,8.3856874],[98.6374733,8.3856873],[98.6372636,8.3861011],[98.6372635,8.3862298],[98.6371984,8.3862298],[98.6369906,8.3866398],[98.6369905,8.3867723],[98.6369235,8.3867722],[98.635274,8.390027],[98.635625,8.3900273],[98.6356248,8.3902987],[98.6361698,8.3902992],[98.6361695,8.3905705],[98.636442,8.3905708],[98.6364423,8.3902994],[98.6367147,8.3902997],[98.636715,8.3900283],[98.6369875,8.3900286]],[[98.6408052,8.3870472],[98.6408049,8.3873185],[98.6405324,8.3873183],[98.6405327,8.3870469],[98.6408052,8.3870472]]]}]}},{"type":"Feature","id":"66-VSD","properties":{"sequence":8,"plotId":"66-VSD","villageNumber":"5","village":"บ้านหัวควน","subdistrict":"บ้านนา","district":"ปะเหลียน","province":"ตรัง","landCondition":"พื้นที่ผ่านการรื้อถอน (พื้นที่พร้อมปลูก)","allocatedAreaRai":97.17,"waterAreaRai":0.0,"officialParticipatingAreaRai":97.17,"geometryAreaRai":97.17,"areaDifferenceRai":-0.0,"waterGeometryAreaRai":0.0,"fcdAreaRaiByClass":{"0":0.13,"1":47.05,"2":44.57,"3":5.42},"sourceCrs":"EPSG:32647","sourceFile":"Company-data/T-VER  Standard กลุ่ม 2  สยามทีซี&วิสุทธิ  ขึ้นทะเบียน/Shape/Shp-แปลงปลูกเสริม+น้ำ+FCD/แปลงปลูกเสริม_All_รวมน้ำ_V3_Uni.shp","sourceFeatureCount":33,"excludedWaterClass":"W"},"geometry":{"type":"GeometryCollection","geometries":[{"type":"MultiPolygon","coordinates":[[[[99.6197874,7.3504271],[99.6196958,7.3504273],[99.6196961,7.3506986],[99.6196962,7.350725],[99.6197227,7.3506528],[99.6197874,7.3504271]]],[[[99.6200106,7.3501555],[99.6199672,7.3501555],[99.6199672,7.3501694],[99.6200106,7.3501555]]],[[[99.6207996,7.349883],[99.6207822,7.3498831],[99.6207823,7.3498895],[99.6207996,7.349883]]],[[[99.6251581,7.3487915],[99.6251296,7.3487916],[99.6251297,7.348846],[99.6251581,7.3487915]]],[[[99.6254006,7.3482186],[99.6254008,7.3483276],[99.6254393,7.3482539],[99.6254006,7.3482186]]],[[[99.6251285,7.3479702],[99.6251285,7.3479775],[99.6251364,7.3479775],[99.6251285,7.3479702]]],[[[99.62111,7.347169],[99.6211269,7.347169],[99.6211178,7.3471663],[99.62111,7.347169]]]]},{"type":"Polygon","coordinates":[[[99.6196081,7.3515128],[99.6195411,7.3515129],[99.6196089,7.3515336],[99.6196081,7.3515128]]]},{"type":"Polygon","coordinates":[[[99.6188811,7.3509711],[99.6188807,7.3506998],[99.6188096,7.3506999],[99.6188412,7.3510943],[99.6187071,7.3512477],[99.61911,7.3513812],[99.6191535,7.3513944],[99.6191533,7.3512421],[99.6188815,7.3512425],[99.6188811,7.3509711]]]},{"type":"Polygon","coordinates":[[[99.6196962,7.350725],[99.6196961,7.3506986],[99.6194243,7.350699],[99.6194247,7.3509704],[99.6188811,7.3509711],[99.6188815,7.3512425],[99.6191533,7.3512421],[99.6191535,7.3513944],[99.6195411,7.3515129],[99.6196081,7.3515128],[99.619589,7.3510167],[99.6196962,7.350725]]]},{"type":"Polygon","coordinates":[[[99.6180647,7.3502688],[99.6179004,7.3502915],[99.6180653,7.3506729],[99.6180647,7.3502688]]]},{"type":"Polygon","coordinates":[[[99.6183365,7.3502312],[99.6180647,7.3502688],[99.6180653,7.3506729],[99.6180721,7.3506887],[99.6188063,7.3506595],[99.6188096,7.3506999],[99.6188807,7.3506998],[99.6188804,7.3504284],[99.6183367,7.3504291],[99.6183365,7.3502312]]]},{"type":"Polygon","coordinates":[[[99.6199672,7.3501694],[99.6199672,7.3501555],[99.6196954,7.3501559],[99.6196958,7.3504273],[99.6197874,7.3504271],[99.6198506,7.350207],[99.6199672,7.3501694]]]},{"type":"Polygon","coordinates":[[[99.6183356,7.3496151],[99.6183014,7.3496151],[99.6183356,7.3496292],[99.6183356,7.3496151]]]},{"type":"Polygon","coordinates":[[[99.6183356,7.3496151],[99.6183356,7.3496292],[99.6186076,7.3497409],[99.6186074,7.3496147],[99.6183356,7.3496151]]]},{"type":"Polygon","coordinates":[[[99.6183353,7.3493481],[99.6181484,7.3493722],[99.6181295,7.3495445],[99.6183014,7.3496151],[99.6183356,7.3496151],[99.6183353,7.3493481]]]},{"type":"Polygon","coordinates":[[[99.6221388,7.3493385],[99.6218687,7.3493388],[99.6215969,7.3493392],[99.6215972,7.349584],[99.6217651,7.3495211],[99.6221388,7.3493385]]]},{"type":"Polygon","coordinates":[[[99.6183696,7.3493437],[99.6184784,7.3493435],[99.6184374,7.3493349],[99.6183696,7.3493437]]]},{"type":"Polygon","coordinates":[[[99.6194221,7.3490709],[99.6193763,7.3490709],[99.6194221,7.3490934],[99.6194221,7.3490709]]]},{"type":"Polygon","coordinates":[[[99.6194221,7.3490709],[99.6194221,7.3490934],[99.6195667,7.3491642],[99.6196803,7.3493419],[99.6196943,7.3493418],[99.6196939,7.3490705],[99.6194221,7.3490709]]]},{"type":"Polygon","coordinates":[[[99.6188775,7.3483446],[99.6187606,7.3483374],[99.6186459,7.3485865],[99.6189339,7.3488541],[99.6193763,7.3490709],[99.6194221,7.3490709],[99.6194217,7.3487995],[99.6191499,7.3487999],[99.6191495,7.3485285],[99.6188777,7.3485289],[99.6188775,7.3483446]]]},{"type":"Polygon","coordinates":[[[99.6237709,7.3489868],[99.6237706,7.3487935],[99.6245021,7.3487925],[99.6245081,7.3487909],[99.6245255,7.3487924],[99.624586,7.3487923],[99.6245856,7.348521],[99.6248574,7.3485206],[99.624857,7.3482492],[99.6237698,7.3482508],[99.6237702,7.3485221],[99.6221394,7.3485244],[99.6221398,7.3487957],[99.6224116,7.3487954],[99.6224119,7.3490667],[99.6218683,7.3490675],[99.6218687,7.3493388],[99.6221388,7.3493385],[99.6225036,7.3491602],[99.6235483,7.3490459],[99.6237709,7.3489868]]]},{"type":"Polygon","coordinates":[[[99.624857,7.3482492],[99.6248574,7.3485206],[99.6251292,7.3485202],[99.6251288,7.3482489],[99.624857,7.3482492]]]},{"type":"Polygon","coordinates":[[[99.6194209,7.3482348],[99.6194136,7.3482568],[99.619421,7.3482568],[99.6194209,7.3482348]]]},{"type":"Polygon","coordinates":[[[99.6200106,7.3501555],[99.6204495,7.3500143],[99.6207823,7.3498895],[99.6207822,7.3498831],[99.6207996,7.349883],[99.6215972,7.349584],[99.6215969,7.3493392],[99.6205097,7.3493407],[99.6205089,7.348798],[99.6199653,7.3487987],[99.6199646,7.348256],[99.6196928,7.3482564],[99.6196924,7.347985],[99.6195763,7.3479852],[99.6194317,7.3482025],[99.6194209,7.3482348],[99.619421,7.3482568],[99.6194136,7.3482568],[99.6193744,7.3483749],[99.6188775,7.3483446],[99.6188777,7.3485289],[99.6191495,7.3485285],[99.6191499,7.3487999],[99.6194217,7.3487995],[99.6194221,7.3490709],[99.6196939,7.3490705],[99.6196943,7.3493418],[99.6196943,7.3493638],[99.6197648,7.3494741],[99.6196945,7.3494976],[99.6196946,7.3496132],[99.6199664,7.3496128],[99.6199672,7.3501555],[99.6200106,7.3501555]]]},{"type":"Polygon","coordinates":[[[99.6196922,7.3478845],[99.6195848,7.3479725],[99.6195763,7.3479852],[99.6196924,7.347985],[99.6196922,7.3478845]]]},{"type":"Polygon","coordinates":[[[99.6205074,7.3477126],[99.6204814,7.3477126],[99.6202941,7.3477992],[99.6201498,7.3477131],[99.6199011,7.3477134],[99.6196922,7.3478845],[99.6196924,7.347985],[99.620236,7.3479843],[99.6202364,7.3482557],[99.6205082,7.3482553],[99.6205074,7.3477126]]]},{"type":"Polygon","coordinates":[[[99.624857,7.3482492],[99.6248567,7.3479779],[99.6245849,7.3479783],[99.6245846,7.3478078],[99.6242054,7.3477074],[99.6234021,7.3477085],[99.6233488,7.3477211],[99.6232736,7.3477087],[99.6226819,7.3477095],[99.6226822,7.3479809],[99.6218668,7.347982],[99.6218664,7.3477107],[99.6213228,7.3477114],[99.6213232,7.3479828],[99.6207796,7.3479835],[99.6207792,7.3477122],[99.6205074,7.3477126],[99.6205082,7.3482553],[99.6202364,7.3482557],[99.620236,7.3479843],[99.6196924,7.347985],[99.6196928,7.3482564],[99.6199646,7.348256],[99.6199653,7.3487987],[99.6205089,7.348798],[99.6205097,7.3493407],[99.6215969,7.3493392],[99.6218687,7.3493388],[99.6218683,7.3490675],[99.6224119,7.3490667],[99.6224116,7.3487954],[99.6221398,7.3487957],[99.6221394,7.3485244],[99.6237702,7.3485221],[99.6237698,7.3482508],[99.624857,7.3482492]]]},{"type":"Polygon","coordinates":[[[99.6254008,7.3483276],[99.6254006,7.3482186],[99.6251364,7.3479775],[99.6251285,7.3479775],[99.6251285,7.3479702],[99.6251,7.3479442],[99.6245846,7.3478078],[99.6245849,7.3479783],[99.6248567,7.3479779],[99.624857,7.3482492],[99.6251288,7.3482489],[99.6251292,7.3485202],[99.6251296,7.3487916],[99.6251581,7.3487915],[99.6254008,7.3483276]]]},{"type":"Polygon","coordinates":[[[99.6207786,7.3472846],[99.620677,7.34732],[99.6206325,7.347441],[99.6207789,7.3474408],[99.6207786,7.3472846]]]},{"type":"Polygon","coordinates":[[[99.621866,7.3473913],[99.6218661,7.3474393],[99.622025,7.3474391],[99.621866,7.3473913]]]},{"type":"Polygon","coordinates":[[[99.6196943,7.3493418],[99.6196803,7.3493419],[99.6196943,7.3493638],[99.6196943,7.3493418]]]},{"type":"Polygon","coordinates":[[[99.6196961,7.3506986],[99.6196958,7.3504273],[99.6196954,7.3501559],[99.6199672,7.3501555],[99.6199664,7.3496128],[99.6196946,7.3496132],[99.6196945,7.3494976],[99.6195108,7.349559],[99.6184784,7.3493435],[99.6183696,7.3493437],[99.6183353,7.3493481],[99.6183356,7.3496151],[99.6186074,7.3496147],[99.6186076,7.3497409],[99.6189008,7.3498613],[99.6191162,7.3501234],[99.6183365,7.3502312],[99.6183367,7.3504291],[99.6188804,7.3504284],[99.6188807,7.3506998],[99.6188811,7.3509711],[99.6194247,7.3509704],[99.6194243,7.350699],[99.6196961,7.3506986]]]},{"type":"Polygon","coordinates":[[[99.6251297,7.348846],[99.6251296,7.3487916],[99.6251292,7.3485202],[99.6248574,7.3485206],[99.6245856,7.348521],[99.624586,7.3487923],[99.6245255,7.3487924],[99.6251295,7.3488464],[99.6251297,7.348846]]]},{"type":"Polygon","coordinates":[[[99.6245021,7.3487925],[99.6237706,7.3487935],[99.6237709,7.3489868],[99.6245021,7.3487925]]]},{"type":"Polygon","coordinates":[[[99.6199011,7.3477134],[99.6201498,7.3477131],[99.6200062,7.3476273],[99.6199011,7.3477134]]]},{"type":"Polygon","coordinates":[[[99.6205074,7.3477006],[99.6204814,7.3477126],[99.6205074,7.3477126],[99.6205074,7.3477006]]]},{"type":"Polygon","coordinates":[[[99.6234021,7.3477085],[99.6242054,7.3477074],[99.6240784,7.3476738],[99.6235877,7.3476647],[99.6234021,7.3477085]]]},{"type":"Polygon","coordinates":[[[99.6232736,7.3477087],[99.6224937,7.3475801],[99.622025,7.3474391],[99.6218661,7.3474393],[99.621866,7.3473913],[99.6211269,7.347169],[99.62111,7.347169],[99.6207786,7.3472846],[99.6207789,7.3474408],[99.6206325,7.347441],[99.6205432,7.347684],[99.6205074,7.3477006],[99.6205074,7.3477126],[99.6207792,7.3477122],[99.6207796,7.3479835],[99.6213232,7.3479828],[99.6213228,7.3477114],[99.6218664,7.3477107],[99.6218668,7.347982],[99.6226822,7.3479809],[99.6226819,7.3477095],[99.6232736,7.3477087]]]}]}},{"type":"Feature","id":"85-VSD","properties":{"sequence":9,"plotId":"85-VSD","villageNumber":3,"village":"ปูยู","subdistrict":"ปูยู","district":"เมืองสตูล","province":"สตูล","landCondition":"แปลงปลูกเสริมและปรับปรุงสภาพป่าชายเลน","allocatedAreaRai":607.58,"waterAreaRai":8.0,"officialParticipatingAreaRai":599.58,"geometryAreaRai":599.58,"areaDifferenceRai":0.0,"waterGeometryAreaRai":8.0,"fcdAreaRaiByClass":{"0":3.33,"1":12.76,"2":148.05,"3":435.45},"sourceCrs":"EPSG:32647","sourceFile":"Company-data/T-VER  Standard กลุ่ม 2  สยามทีซี&วิสุทธิ  ขึ้นทะเบียน/Shape/Shp-แปลงปลูกเสริม+น้ำ+FCD/แปลงปลูกเสริม_All_รวมน้ำ_V3_Uni.shp","sourceFeatureCount":99,"excludedWaterClass":"W"},"geometry":{"type":"GeometryCollection","geometries":[{"type":"MultiPolygon","coordinates":[[[[100.1158107,6.4654756],[100.1155846,6.4654761],[100.1156754,6.4656387],[100.1158111,6.465649],[100.1158107,6.4654756]]],[[[100.1155388,6.4652049],[100.1155388,6.4652009],[100.1154939,6.4653135],[100.1155393,6.4653948],[100.1155388,6.4652049]]],[[[100.1220492,6.4651905],[100.1212458,6.4651923],[100.1220494,6.4653017],[100.1220492,6.4651905]]],[[[100.1187173,6.4651979],[100.1182515,6.4651989],[100.1182516,6.4652662],[100.118342,6.4652439],[100.1187173,6.4651979]]],[[[100.1158095,6.4649329],[100.1158089,6.4646616],[100.1158088,6.4646202],[100.1157083,6.4647764],[100.1156456,6.4649333],[100.1158095,6.4649329]]],[[[100.1160791,6.464162],[100.1160391,6.4642625],[100.1159571,6.4643899],[100.1160796,6.4643897],[100.1160791,6.464162]]],[[[100.1163489,6.463483],[100.1163122,6.4635752],[100.1163491,6.4635751],[100.1163489,6.463483]]],[[[100.1228626,6.4630181],[100.1228581,6.4629905],[100.1228582,6.4630181],[100.1228626,6.4630181]]],[[[100.1166186,6.4627852],[100.116534,6.4630171],[100.1165281,6.463032],[100.1166191,6.4630318],[100.1166186,6.4627852]]],[[[100.116888,6.4619502],[100.1168765,6.4620782],[100.1167267,6.4624889],[100.1168892,6.4624886],[100.116888,6.4619502]]],[[[100.1168844,6.4603179],[100.1168827,6.4595039],[100.116752,6.4595042],[100.116756,6.4595132],[100.1168847,6.4604345],[100.1168844,6.4603179]]],[[[100.1228688,6.4600334],[100.1228516,6.4600334],[100.1228517,6.4600727],[100.1228688,6.4600334]]],[[[100.1231225,6.4592188],[100.1231211,6.4592181],[100.1231211,6.4592188],[100.1231225,6.4592188]]],[[[100.1166096,6.4586905],[100.1163916,6.458691],[100.1166107,6.4591853],[100.1166096,6.4586905]]],[[[100.1163378,6.4584198],[100.1163372,6.4581484],[100.1160938,6.458149],[100.1162559,6.4583848],[100.1163381,6.4585702],[100.1163378,6.4584198]]],[[[100.1160653,6.4578777],[100.1159481,6.4578779],[100.1160085,6.4580248],[100.1160658,6.4581082],[100.1160653,6.4578777]]],[[[100.1157935,6.4576069],[100.1157929,6.4573356],[100.1155931,6.457336],[100.1157935,6.4576319],[100.1157935,6.4576069]]],[[[100.115521,6.4570649],[100.1154096,6.4570651],[100.1155214,6.4572302],[100.115521,6.4570649]]],[[[100.1152486,6.4565228],[100.1151683,6.456523],[100.1152491,6.4567512],[100.1152486,6.4565228]]],[[[100.1149737,6.4548954],[100.1149468,6.4548955],[100.1149485,6.4556883],[100.1149757,6.4558027],[100.1149737,6.4548954]]],[[[100.1152414,6.4532668],[100.115241,6.4530776],[100.1151826,6.4532669],[100.1152414,6.4532668]]],[[[100.1218064,6.4532524],[100.1217516,6.453236],[100.1217516,6.4532525],[100.1218064,6.4532524]]],[[[100.1190342,6.4524445],[100.1190373,6.4524445],[100.1191063,6.4524443],[100.1190463,6.4524264],[100.1190342,6.4524445]]]]},{"type":"Polygon","coordinates":[[[100.1190379,6.4527158],[100.1190373,6.4524445],[100.1190342,6.4524445],[100.118854,6.4527162],[100.1190379,6.4527158]]]},{"type":"Polygon","coordinates":[[[100.1152664,6.4529954],[100.1155044,6.4529949],[100.1152859,6.4529321],[100.1152664,6.4529954]]]},{"type":"Polygon","coordinates":[[[100.1182254,6.453323],[100.1179543,6.4534017],[100.1179546,6.4535322],[100.1182259,6.4535316],[100.1182254,6.453323]]]},{"type":"Polygon","coordinates":[[[100.1152426,6.4538095],[100.115242,6.4535381],[100.1152414,6.4532668],[100.1151826,6.4532669],[100.1150215,6.4537891],[100.1150016,6.4540813],[100.1152432,6.4540808],[100.1152426,6.4538095]]]},{"type":"Polygon","coordinates":[[[100.1149729,6.4545018],[100.1149468,6.4548843],[100.1149468,6.4548955],[100.1149737,6.4548954],[100.1149729,6.4545018]]]},{"type":"Polygon","coordinates":[[[100.115248,6.4562515],[100.1152474,6.4559801],[100.115018,6.4559806],[100.1151031,6.4563389],[100.1151683,6.456523],[100.1152486,6.4565228],[100.115248,6.4562515]]]},{"type":"Polygon","coordinates":[[[100.115521,6.4570649],[100.1155204,6.4567935],[100.1152642,6.4567941],[100.1153061,6.4569125],[100.1154096,6.4570651],[100.115521,6.4570649]]]},{"type":"Polygon","coordinates":[[[100.1160653,6.4578777],[100.1160647,6.4576063],[100.1157935,6.4576069],[100.1157935,6.4576319],[100.1159296,6.4578328],[100.1159481,6.4578779],[100.1160653,6.4578777]]]},{"type":"Polygon","coordinates":[[[100.116609,6.4584192],[100.1163378,6.4584198],[100.1163381,6.4585702],[100.1163916,6.458691],[100.1166096,6.4586905],[100.116609,6.4584192]]]},{"type":"Polygon","coordinates":[[[100.1206789,6.4588497],[100.1204074,6.4587456],[100.1204079,6.4589535],[100.1206791,6.4589529],[100.1206789,6.4588497]]]},{"type":"Polygon","coordinates":[[[100.1231225,6.4592188],[100.1231211,6.4592188],[100.1231216,6.4594505],[100.1232025,6.4592639],[100.1231225,6.4592188]]]},{"type":"Polygon","coordinates":[[[100.1168821,6.4592326],[100.1166319,6.4592331],[100.116752,6.4595042],[100.1168827,6.4595039],[100.1168821,6.4592326]]]},{"type":"Polygon","coordinates":[[[100.1228688,6.4600334],[100.1229866,6.4597618],[100.122851,6.4597621],[100.1228516,6.4600334],[100.1228688,6.4600334]]]},{"type":"Polygon","coordinates":[[[100.1171557,6.4603173],[100.1168844,6.4603179],[100.1168847,6.4604345],[100.1169442,6.4608604],[100.1171569,6.46086],[100.1171557,6.4603173]]]},{"type":"Polygon","coordinates":[[[100.1226734,6.4605765],[100.1225815,6.4605767],[100.1225825,6.4610316],[100.1226734,6.4605765]]]},{"type":"Polygon","coordinates":[[[100.1171575,6.4611313],[100.116962,6.4611317],[100.1169375,6.4614031],[100.1171581,6.4614026],[100.1171575,6.4611313]]]},{"type":"Polygon","coordinates":[[[100.1227157,6.4622044],[100.1225837,6.4615658],[100.1225839,6.461662],[100.1225845,6.4619334],[100.1225851,6.4622047],[100.1227157,6.4622044]]]},{"type":"Polygon","coordinates":[[[100.1168892,6.4624886],[100.1167267,6.4624889],[100.1166276,6.4627605],[100.1168898,6.4627599],[100.1168892,6.4624886]]]},{"type":"Polygon","coordinates":[[[100.1166191,6.4630318],[100.1165281,6.463032],[100.1164202,6.4633036],[100.1166197,6.4633032],[100.1166191,6.4630318]]]},{"type":"Polygon","coordinates":[[[100.1229066,6.4632893],[100.1228626,6.4630181],[100.1228582,6.4630181],[100.1228588,6.4632894],[100.1229066,6.4632893]]]},{"type":"Polygon","coordinates":[[[100.1163491,6.4635751],[100.1163122,6.4635752],[100.1162043,6.4638467],[100.1163497,6.4638464],[100.1163491,6.4635751]]]},{"type":"Polygon","coordinates":[[[100.1160796,6.4643897],[100.1159571,6.4643899],[100.1158088,6.4646202],[100.1158089,6.4646616],[100.1160802,6.464661],[100.1160796,6.4643897]]]},{"type":"Polygon","coordinates":[[[100.1231331,6.4646841],[100.1231336,6.4648797],[100.1231606,6.4648534],[100.1231331,6.4646841]]]},{"type":"Polygon","coordinates":[[[100.1212348,6.464921],[100.1206923,6.4649222],[100.1198785,6.464924],[100.1190647,6.4649258],[100.1190652,6.4651552],[100.1200686,6.4650321],[100.1212354,6.4651909],[100.1212348,6.464921]]]},{"type":"Polygon","coordinates":[[[100.1158095,6.4649329],[100.1156456,6.4649333],[100.1155388,6.4652009],[100.1155388,6.4652049],[100.1158101,6.4652043],[100.1158095,6.4649329]]]},{"type":"Polygon","coordinates":[[[100.1182516,6.4652662],[100.1182515,6.4651989],[100.1179802,6.4651995],[100.1179805,6.465333],[100.1182516,6.4652662]]]},{"type":"Polygon","coordinates":[[[100.1228153,6.4651889],[100.1220492,6.4651905],[100.1220494,6.4653017],[100.1226193,6.4653792],[100.1228153,6.4651889]]]},{"type":"Polygon","coordinates":[[[100.1174157,6.4654721],[100.117167,6.4654726],[100.1168958,6.4654732],[100.116896,6.4656001],[100.1174157,6.4654721]]]},{"type":"Polygon","coordinates":[[[100.1217516,6.453236],[100.1191063,6.4524443],[100.1190373,6.4524445],[100.1190379,6.4527158],[100.1198516,6.452714],[100.1198522,6.4529854],[100.120666,6.4529836],[100.1206666,6.4532549],[100.1217516,6.4532525],[100.1217516,6.453236]]]},{"type":"Polygon","coordinates":[[[100.1164406,6.4532642],[100.1155044,6.4529949],[100.1152664,6.4529954],[100.115241,6.4530776],[100.1152414,6.4532668],[100.115242,6.4535381],[100.1155133,6.4535375],[100.1155127,6.4532662],[100.1164406,6.4532642]]]},{"type":"Polygon","coordinates":[[[100.1190379,6.4527158],[100.118854,6.4527162],[100.1185055,6.4532416],[100.1182254,6.453323],[100.1182259,6.4535316],[100.1187684,6.4535304],[100.1187678,6.4532591],[100.119039,6.4532585],[100.1190379,6.4527158]]]},{"type":"Polygon","coordinates":[[[100.1182259,6.4535316],[100.1179546,6.4535322],[100.1179543,6.4534017],[100.1174393,6.4535514],[100.1168693,6.4533875],[100.1168696,6.4535346],[100.1171408,6.453534],[100.1171414,6.4538053],[100.1182265,6.4538029],[100.1182259,6.4535316]]]},{"type":"Polygon","coordinates":[[[100.1152426,6.4538095],[100.1152432,6.4540808],[100.1155145,6.4540802],[100.1155139,6.4538089],[100.1152426,6.4538095]]]},{"type":"Polygon","coordinates":[[[100.1163312,6.4554351],[100.11606,6.4554357],[100.1160606,6.455707],[100.1163318,6.4557064],[100.1163312,6.4554351]]]},{"type":"Polygon","coordinates":[[[100.1152432,6.4540808],[100.1150016,6.4540813],[100.1149729,6.4545018],[100.1149737,6.4548954],[100.1149757,6.4558027],[100.115018,6.4559806],[100.1152474,6.4559801],[100.1152432,6.4540808]]]},{"type":"Polygon","coordinates":[[[100.1176881,6.4557034],[100.1171456,6.4557046],[100.1171462,6.455976],[100.1176887,6.4559748],[100.1176881,6.4557034]]]},{"type":"Polygon","coordinates":[[[100.1182306,6.4557023],[100.1179594,6.4557029],[100.11796,6.4559742],[100.1182312,6.4559736],[100.1182306,6.4557023]]]},{"type":"Polygon","coordinates":[[[100.115248,6.4562515],[100.1152486,6.4565228],[100.1152491,6.4567512],[100.1152642,6.4567941],[100.1155204,6.4567935],[100.1155192,6.4562509],[100.115248,6.4562515]]]},{"type":"Polygon","coordinates":[[[100.1157929,6.4573356],[100.1157923,6.4570643],[100.115521,6.4570649],[100.1155214,6.4572302],[100.1155931,6.457336],[100.1157929,6.4573356]]]},{"type":"Polygon","coordinates":[[[100.1157929,6.4573356],[100.1157935,6.4576069],[100.1160647,6.4576063],[100.1160641,6.457335],[100.1157929,6.4573356]]]},{"type":"Polygon","coordinates":[[[100.1160647,6.4576063],[100.1160653,6.4578777],[100.1160658,6.4581082],[100.1160938,6.458149],[100.1163372,6.4581484],[100.116336,6.4576058],[100.1160647,6.4576063]]]},{"type":"Polygon","coordinates":[[[100.1166084,6.4581478],[100.1163372,6.4581484],[100.1163378,6.4584198],[100.116609,6.4584192],[100.1166084,6.4581478]]]},{"type":"Polygon","coordinates":[[[100.1166084,6.4581478],[100.1171509,6.4581466],[100.1171515,6.458418],[100.1174228,6.4584174],[100.1174216,6.4578747],[100.1168791,6.4578759],[100.1168785,6.4576046],[100.1166072,6.4576052],[100.1166084,6.4581478]]]},{"type":"Polygon","coordinates":[[[100.1182366,6.4584156],[100.1179653,6.4584162],[100.1179659,6.4586875],[100.1182372,6.4586869],[100.1182366,6.4584156]]]},{"type":"Polygon","coordinates":[[[100.1166096,6.4586905],[100.1166107,6.4591853],[100.1166319,6.4592331],[100.1168821,6.4592326],[100.1168809,6.4586899],[100.1166096,6.4586905]]]},{"type":"Polygon","coordinates":[[[100.1223085,6.4597633],[100.1220372,6.4597639],[100.1220378,6.4600352],[100.1223091,6.4600346],[100.1223085,6.4597633]]]},{"type":"Polygon","coordinates":[[[100.1168827,6.4595039],[100.1168844,6.4603179],[100.1171557,6.4603173],[100.1171551,6.460046],[100.1174264,6.4600454],[100.1174258,6.459774],[100.1171545,6.4597746],[100.1171539,6.4595033],[100.1168827,6.4595039]]]},{"type":"Polygon","coordinates":[[[100.1226734,6.4605765],[100.1227077,6.4604046],[100.1228517,6.4600727],[100.1228516,6.4600334],[100.122851,6.4597621],[100.1225797,6.4597627],[100.1225815,6.4605767],[100.1226734,6.4605765]]]},{"type":"Polygon","coordinates":[[[100.1190551,6.4605845],[100.1187839,6.4605851],[100.1187845,6.4608564],[100.1190557,6.4608558],[100.1190551,6.4605845]]]},{"type":"Polygon","coordinates":[[[100.1171569,6.46086],[100.1169442,6.4608604],[100.1169699,6.4610443],[100.116962,6.4611317],[100.1171575,6.4611313],[100.1171569,6.46086]]]},{"type":"Polygon","coordinates":[[[100.1185144,6.4613997],[100.1177006,6.4614014],[100.1177012,6.4616728],[100.118515,6.461671],[100.1185144,6.4613997]]]},{"type":"Polygon","coordinates":[[[100.1225837,6.4615658],[100.1225289,6.4613004],[100.1225825,6.4610316],[100.1225815,6.4605767],[100.122039,6.4605779],[100.1220414,6.4616632],[100.1225839,6.461662],[100.1225837,6.4615658]]]},{"type":"Polygon","coordinates":[[[100.1182449,6.4622142],[100.1185162,6.4622137],[100.1185156,6.4619423],[100.1182443,6.4619429],[100.1182449,6.4622142]]]},{"type":"Polygon","coordinates":[[[100.120957,6.4619369],[100.1209564,6.4616656],[100.1212276,6.461665],[100.121227,6.4613937],[100.1214983,6.4613931],[100.1214977,6.4611218],[100.1206839,6.4611235],[100.1206845,6.4613949],[100.1204132,6.4613955],[100.120412,6.4608528],[100.1198695,6.460854],[100.1198701,6.4611253],[100.1190563,6.4611271],[100.1190575,6.4616698],[100.1193288,6.4616692],[100.1193282,6.4613979],[100.1198707,6.4613967],[100.1198713,6.461668],[100.1206851,6.4616662],[100.1206863,6.4622089],[100.1212288,6.4622077],[100.1212282,6.4619363],[100.120957,6.4619369]]]},{"type":"Polygon","coordinates":[[[100.1228186,6.4627468],[100.1227848,6.4625389],[100.1227157,6.4622044],[100.1225851,6.4622047],[100.1225845,6.4619334],[100.1223133,6.461934],[100.1223151,6.462748],[100.1228186,6.4627468]]]},{"type":"Polygon","coordinates":[[[100.1168898,6.4627599],[100.1166276,6.4627605],[100.1166186,6.4627852],[100.1166191,6.4630318],[100.1166197,6.4633032],[100.116891,6.4633026],[100.1168898,6.4627599]]]},{"type":"Polygon","coordinates":[[[100.1166197,6.4633032],[100.1164202,6.4633036],[100.1163489,6.463483],[100.1163491,6.4635751],[100.1163497,6.4638464],[100.1166209,6.4638458],[100.1166197,6.4633032]]]},{"type":"Polygon","coordinates":[[[100.1225881,6.4635614],[100.1223169,6.463562],[100.1223175,6.4638333],[100.1225887,6.4638327],[100.1225881,6.4635614]]]},{"type":"Polygon","coordinates":[[[100.1229066,6.4632893],[100.1228588,6.4632894],[100.1228606,6.4641034],[100.1230388,6.464103],[100.1229066,6.4632893]]]},{"type":"Polygon","coordinates":[[[100.1163497,6.4638464],[100.1162043,6.4638467],[100.1160791,6.464162],[100.1160796,6.4643897],[100.1163508,6.4643891],[100.1163497,6.4638464]]]},{"type":"Polygon","coordinates":[[[100.1182449,6.4622142],[100.1171599,6.4622166],[100.1171587,6.461674],[100.1174299,6.4616734],[100.1174288,6.4611307],[100.1171575,6.4611313],[100.1171581,6.4614026],[100.1169375,6.4614031],[100.116888,6.4619502],[100.1168892,6.4624886],[100.1168898,6.4627599],[100.1171611,6.4627593],[100.1171605,6.462488],[100.1174317,6.4624874],[100.1174323,6.4627587],[100.1179749,6.4627575],[100.1179772,6.4638428],[100.117706,6.4638434],[100.1177066,6.4641148],[100.1179778,6.4641142],[100.1179784,6.4643855],[100.1187922,6.4643837],[100.118791,6.4638411],[100.1182485,6.4638422],[100.1182449,6.4622142]]]},{"type":"Polygon","coordinates":[[[100.1220462,6.4638339],[100.1215037,6.4638351],[100.1215049,6.4643777],[100.1220474,6.4643765],[100.1220462,6.4638339]]]},{"type":"Polygon","coordinates":[[[100.1160802,6.464661],[100.1158089,6.4646616],[100.1158095,6.4649329],[100.1160808,6.4649323],[100.1160802,6.464661]]]},{"type":"Polygon","coordinates":[[[100.1198785,6.464924],[100.1206923,6.4649222],[100.1206917,6.4646509],[100.1198779,6.4646527],[100.1198785,6.464924]]]},{"type":"Polygon","coordinates":[[[100.1231336,6.4648797],[100.1231331,6.4646841],[100.1231269,6.4646455],[100.1228618,6.4646461],[100.1228629,6.4651426],[100.1231336,6.4648797]]]},{"type":"Polygon","coordinates":[[[100.1187173,6.4651979],[100.1190652,6.4651552],[100.1190647,6.4649258],[100.1182509,6.4649276],[100.1182515,6.4651989],[100.1187173,6.4651979]]]},{"type":"Polygon","coordinates":[[[100.1220492,6.4651905],[100.1220486,6.4649192],[100.1212348,6.464921],[100.1212354,6.4651909],[100.1212458,6.4651923],[100.1220492,6.4651905]]]},{"type":"Polygon","coordinates":[[[100.1158101,6.4652043],[100.1155388,6.4652049],[100.1155393,6.4653948],[100.1155846,6.4654761],[100.1158107,6.4654756],[100.1158101,6.4652043]]]},{"type":"Polygon","coordinates":[[[100.1179805,6.465333],[100.1179802,6.4651995],[100.1171664,6.4652013],[100.117167,6.4654726],[100.1174157,6.4654721],[100.1179805,6.465333]]]},{"type":"Polygon","coordinates":[[[100.116896,6.4656001],[100.1168958,6.4654732],[100.1158107,6.4654756],[100.1158111,6.465649],[100.1164894,6.4657002],[100.116896,6.4656001]]]},{"type":"Polygon","coordinates":[[[100.1225666,6.4537934],[100.1222953,6.453794],[100.1222959,6.4540653],[100.1225672,6.4540647],[100.1225666,6.4537934]]]},{"type":"Polygon","coordinates":[[[100.1204085,6.4592248],[100.1201372,6.4592254],[100.1201378,6.4594967],[100.1204091,6.4594961],[100.1204085,6.4592248]]]},{"type":"Polygon","coordinates":[[[100.1218064,6.4532524],[100.1217516,6.4532525],[100.1217522,6.4535238],[100.1220235,6.4535232],[100.1220241,6.4537946],[100.1214816,6.4537958],[100.1214828,6.4543384],[100.1220253,6.4543372],[100.1220289,6.4559652],[100.1223001,6.4559646],[100.1223007,6.456236],[100.122572,6.4562354],[100.1225738,6.4570494],[100.1231163,6.4570482],[100.1231173,6.4574991],[100.1232887,6.4573372],[100.1228165,6.4564157],[100.1223901,6.4557836],[100.1221811,6.4552866],[100.1226667,6.4540735],[100.1232803,6.4535205],[100.1237944,6.4529405],[100.1233145,6.452616],[100.1224664,6.4534499],[100.1218064,6.4532524]],[[100.1225666,6.4537934],[100.1225672,6.4540647],[100.1222959,6.4540653],[100.1222953,6.453794],[100.1225666,6.4537934]]]},{"type":"Polygon","coordinates":[[[100.122851,6.4597621],[100.1229866,6.4597618],[100.1231216,6.4594505],[100.1231211,6.4592188],[100.1231211,6.4592181],[100.1227861,6.4590296],[100.1219725,6.4591038],[100.1210859,6.4588977],[100.1208056,6.4588983],[100.1206789,6.4588497],[100.1206791,6.4589529],[100.1204079,6.4589535],[100.1204074,6.4587456],[100.1202898,6.4587005],[100.1200358,6.4583302],[100.1202496,6.4569007],[100.120773,6.4564021],[100.1214058,6.4563374],[100.1217861,6.4565989],[100.1219777,6.4573944],[100.1228376,6.4577633],[100.1230199,6.4575911],[100.122575,6.457592],[100.1225744,6.4573207],[100.1220318,6.4573219],[100.12203,6.4565079],[100.1217588,6.4565085],[100.1217582,6.4562372],[100.1214869,6.4562378],[100.1214863,6.4559664],[100.1212151,6.455967],[100.1212145,6.4556957],[100.1209432,6.4556963],[100.120942,6.4551536],[100.1203995,6.4551548],[100.1204007,6.4556975],[100.1198582,6.4556987],[100.11986,6.4565127],[100.1201312,6.4565121],[100.1201324,6.4570547],[100.1198612,6.4570553],[100.119863,6.4578693],[100.1195917,6.4578699],[100.1195911,6.4575986],[100.1190486,6.4575998],[100.1190504,6.4584138],[100.1187791,6.4584144],[100.1187803,6.4589571],[100.1193228,6.4589559],[100.1193246,6.4597699],[100.1206809,6.4597669],[100.1206815,6.4600382],[100.121224,6.460037],[100.1212228,6.4594944],[100.1214941,6.4594938],[100.1214935,6.4592224],[100.1217648,6.4592218],[100.1217654,6.4594932],[100.1225791,6.4594914],[100.1225785,6.45922],[100.1228498,6.4592194],[100.122851,6.4597621]],[[100.1204085,6.4592248],[100.1204091,6.4594961],[100.1201378,6.4594967],[100.1201372,6.4592254],[100.1204085,6.4592248]]]},{"type":"Polygon","coordinates":[[[100.1179802,6.4651995],[100.1182515,6.4651989],[100.1182509,6.4649276],[100.1190647,6.4649258],[100.1198785,6.464924],[100.1198779,6.4646527],[100.1206917,6.4646509],[100.1206923,6.4649222],[100.1212348,6.464921],[100.1220486,6.4649192],[100.1220492,6.4651905],[100.1228153,6.4651889],[100.1228629,6.4651426],[100.1228618,6.4646461],[100.1231269,6.4646455],[100.1230388,6.464103],[100.1228606,6.4641034],[100.1228588,6.4632894],[100.1228582,6.4630181],[100.1228581,6.4629905],[100.1228186,6.4627468],[100.1223151,6.462748],[100.1223133,6.461934],[100.1225845,6.4619334],[100.1225839,6.461662],[100.1220414,6.4616632],[100.122039,6.4605779],[100.1225815,6.4605767],[100.1225797,6.4597627],[100.122851,6.4597621],[100.1228498,6.4592194],[100.1225785,6.45922],[100.1225791,6.4594914],[100.1217654,6.4594932],[100.1217648,6.4592218],[100.1214935,6.4592224],[100.1214941,6.4594938],[100.1212228,6.4594944],[100.121224,6.460037],[100.1206815,6.4600382],[100.1206809,6.4597669],[100.1193246,6.4597699],[100.1193228,6.4589559],[100.1187803,6.4589571],[100.1187791,6.4584144],[100.1190504,6.4584138],[100.1190486,6.4575998],[100.1195911,6.4575986],[100.1195917,6.4578699],[100.119863,6.4578693],[100.1198612,6.4570553],[100.1201324,6.4570547],[100.1201312,6.4565121],[100.11986,6.4565127],[100.1198582,6.4556987],[100.1204007,6.4556975],[100.1203995,6.4551548],[100.120942,6.4551536],[100.1209432,6.4556963],[100.1212145,6.4556957],[100.1212151,6.455967],[100.1214863,6.4559664],[100.1214869,6.4562378],[100.1217582,6.4562372],[100.1217588,6.4565085],[100.12203,6.4565079],[100.1220318,6.4573219],[100.1225744,6.4573207],[100.122575,6.457592],[100.1230199,6.4575911],[100.1231173,6.4574991],[100.1231163,6.4570482],[100.1225738,6.4570494],[100.122572,6.4562354],[100.1223007,6.456236],[100.1223001,6.4559646],[100.1220289,6.4559652],[100.1220253,6.4543372],[100.1214828,6.4543384],[100.1214816,6.4537958],[100.1220241,6.4537946],[100.1220235,6.4535232],[100.1217522,6.4535238],[100.1217516,6.4532525],[100.1206666,6.4532549],[100.120666,6.4529836],[100.1198522,6.4529854],[100.1198516,6.452714],[100.1190379,6.4527158],[100.119039,6.4532585],[100.1187678,6.4532591],[100.1187684,6.4535304],[100.1182259,6.4535316],[100.1182265,6.4538029],[100.1171414,6.4538053],[100.1171408,6.453534],[100.1168696,6.4535346],[100.1168693,6.4533875],[100.1164406,6.4532642],[100.1155127,6.4532662],[100.1155133,6.4535375],[100.115242,6.4535381],[100.1152426,6.4538095],[100.1155139,6.4538089],[100.1155145,6.4540802],[100.1152432,6.4540808],[100.1152474,6.4559801],[100.115248,6.4562515],[100.1155192,6.4562509],[100.1155204,6.4567935],[100.115521,6.4570649],[100.1157923,6.4570643],[100.1157929,6.4573356],[100.1160641,6.457335],[100.1160647,6.4576063],[100.116336,6.4576058],[100.1163372,6.4581484],[100.1166084,6.4581478],[100.1166072,6.4576052],[100.1168785,6.4576046],[100.1168791,6.4578759],[100.1174216,6.4578747],[100.1174228,6.4584174],[100.1171515,6.458418],[100.1171509,6.4581466],[100.1166084,6.4581478],[100.116609,6.4584192],[100.1166096,6.4586905],[100.1168809,6.4586899],[100.1168821,6.4592326],[100.1168827,6.4595039],[100.1171539,6.4595033],[100.1171545,6.4597746],[100.1174258,6.459774],[100.1174264,6.4600454],[100.1171551,6.460046],[100.1171557,6.4603173],[100.1171569,6.46086],[100.1171575,6.4611313],[100.1174288,6.4611307],[100.1174299,6.4616734],[100.1171587,6.461674],[100.1171599,6.4622166],[100.1182449,6.4622142],[100.1182443,6.4619429],[100.1185156,6.4619423],[100.1185162,6.4622137],[100.1182449,6.4622142],[100.1182485,6.4638422],[100.118791,6.4638411],[100.1187922,6.4643837],[100.1179784,6.4643855],[100.1179778,6.4641142],[100.1177066,6.4641148],[100.117706,6.4638434],[100.1179772,6.4638428],[100.1179749,6.4627575],[100.1174323,6.4627587],[100.1174317,6.4624874],[100.1171605,6.462488],[100.1171611,6.4627593],[100.1168898,6.4627599],[100.116891,6.4633026],[100.1166197,6.4633032],[100.1166209,6.4638458],[100.1163497,6.4638464],[100.1163508,6.4643891],[100.1160796,6.4643897],[100.1160802,6.464661],[100.1160808,6.4649323],[100.1158095,6.4649329],[100.1158101,6.4652043],[100.1158107,6.4654756],[100.1168958,6.4654732],[100.117167,6.4654726],[100.1171664,6.4652013],[100.1179802,6.4651995]],[[100.1220462,6.4638339],[100.1220474,6.4643765],[100.1215049,6.4643777],[100.1215037,6.4638351],[100.1220462,6.4638339]],[[100.1225881,6.4635614],[100.1225887,6.4638327],[100.1223175,6.4638333],[100.1223169,6.463562],[100.1225881,6.4635614]],[[100.120957,6.4619369],[100.1212282,6.4619363],[100.1212288,6.4622077],[100.1206863,6.4622089],[100.1206851,6.4616662],[100.1198713,6.461668],[100.1198707,6.4613967],[100.1193282,6.4613979],[100.1193288,6.4616692],[100.1190575,6.4616698],[100.1190563,6.4611271],[100.1198701,6.4611253],[100.1198695,6.460854],[100.120412,6.4608528],[100.1204132,6.4613955],[100.1206845,6.4613949],[100.1206839,6.4611235],[100.1214977,6.4611218],[100.1214983,6.4613931],[100.121227,6.4613937],[100.1212276,6.461665],[100.1209564,6.4616656],[100.120957,6.4619369]],[[100.1185144,6.4613997],[100.118515,6.461671],[100.1177012,6.4616728],[100.1177006,6.4614014],[100.1185144,6.4613997]],[[100.1190551,6.4605845],[100.1190557,6.4608558],[100.1187845,6.4608564],[100.1187839,6.4605851],[100.1190551,6.4605845]],[[100.1223085,6.4597633],[100.1223091,6.4600346],[100.1220378,6.4600352],[100.1220372,6.4597639],[100.1223085,6.4597633]],[[100.1182366,6.4584156],[100.1182372,6.4586869],[100.1179659,6.4586875],[100.1179653,6.4584162],[100.1182366,6.4584156]],[[100.1182306,6.4557023],[100.1182312,6.4559736],[100.11796,6.4559742],[100.1179594,6.4557029],[100.1182306,6.4557023]],[[100.1176881,6.4557034],[100.1176887,6.4559748],[100.1171462,6.455976],[100.1171456,6.4557046],[100.1176881,6.4557034]],[[100.1163312,6.4554351],[100.1163318,6.4557064],[100.1160606,6.455707],[100.11606,6.4554357],[100.1163312,6.4554351]]]}]}},{"type":"Feature","id":"86-VSD","properties":{"sequence":10,"plotId":"86-VSD","villageNumber":3,"village":"คลองน้ำเวียน","subdistrict":"คลองขุด","district":"เมืองสตูล","province":"สตูล","landCondition":"แปลงปลูกเสริมและปรับปรุงสภาพป่าชายเลน","allocatedAreaRai":1162.47,"waterAreaRai":20.51,"officialParticipatingAreaRai":1141.96,"geometryAreaRai":1141.96,"areaDifferenceRai":0.0,"waterGeometryAreaRai":20.51,"fcdAreaRaiByClass":{"0":6.06,"1":13.65,"2":135.67,"3":986.58},"sourceCrs":"EPSG:32647","sourceFile":"Company-data/T-VER  Standard กลุ่ม 2  สยามทีซี&วิสุทธิ  ขึ้นทะเบียน/Shape/Shp-แปลงปลูกเสริม+น้ำ+FCD/แปลงปลูกเสริม_All_รวมน้ำ_V3_Uni.shp","sourceFeatureCount":129,"excludedWaterClass":"W"},"geometry":{"type":"GeometryCollection","geometries":[{"type":"MultiPolygon","coordinates":[[[[100.0934077,6.5794853],[100.0932713,6.5794856],[100.0932714,6.5794959],[100.0934077,6.5794853]]],[[[100.0944131,6.5792117],[100.0943561,6.5792119],[100.0943561,6.5792373],[100.0944131,6.5792117]]],[[[100.0883868,6.5792249],[100.088369,6.5792249],[100.0883868,6.5792284],[100.0883868,6.5792249]]],[[[100.0873003,6.5786846],[100.0871443,6.5786849],[100.0873005,6.5787737],[100.0873003,6.5786846]]],[[[100.0870284,6.5784139],[100.0868818,6.5784142],[100.0870017,6.5786038],[100.0870289,6.5786193],[100.0870284,6.5784139]]],[[[100.1006431,6.5783841],[100.1004727,6.5783844],[100.1006555,6.5784343],[100.1006431,6.5783841]]],[[[100.0969598,6.5783922],[100.0967962,6.5783925],[100.0967963,6.5784278],[100.0968543,6.5784078],[100.0969598,6.5783922]]],[[[100.0995091,6.5781948],[100.0995089,6.5781152],[100.0981523,6.5781182],[100.0981525,6.578216],[100.0984331,6.5781746],[100.0995091,6.5781948]]],[[[100.0867565,6.5781431],[100.0867559,6.5778718],[100.0865392,6.5778722],[100.0867567,6.5782162],[100.0867565,6.5781431]]],[[[100.0864834,6.5773297],[100.0862121,6.5773303],[100.0862109,6.5767876],[100.0862097,6.5762449],[100.0861067,6.5762452],[100.0861395,6.57724],[100.0864844,6.5777855],[100.0864834,6.5773297]]],[[[100.0862081,6.575516],[100.0860911,6.5757749],[100.0860977,6.5759739],[100.0862091,6.5759736],[100.0862081,6.575516]]],[[[100.0864783,6.5749818],[100.0863737,6.5751592],[100.0864787,6.575159],[100.0864783,6.5749818]]],[[[100.099773,6.5748474],[100.0997731,6.5748586],[100.0997758,6.5748586],[100.099773,6.5748474]]],[[[100.0867486,6.5745233],[100.0866941,6.5746159],[100.0867488,6.5746158],[100.0867486,6.5745233]]],[[[100.087019,6.5740648],[100.0870145,6.5740725],[100.087019,6.5740725],[100.087019,6.5740648]]],[[[100.0994993,6.5737346],[100.0994994,6.5737739],[100.0995089,6.5737739],[100.0994993,6.5737346]]],[[[100.0872893,6.5736064],[100.0871746,6.5738008],[100.0872897,6.5738006],[100.0872893,6.5736064]]],[[[100.0875595,6.5730654],[100.0874657,6.5732575],[100.0875599,6.5732573],[100.0875595,6.5730654]]],[[[100.0878296,6.5725121],[100.0877309,6.5727143],[100.08783,6.5727141],[100.0878296,6.5725121]]],[[[100.0880997,6.5719515],[100.0880963,6.5719657],[100.0879961,6.572171],[100.0881002,6.5721708],[100.0880997,6.5719515]]],[[[100.0883697,6.5713562],[100.0883692,6.5711188],[100.0882495,6.5713565],[100.0883697,6.5713562]]],[[[100.0886381,6.5699989],[100.0884896,6.5699993],[100.0884941,6.5700121],[100.0885811,6.570414],[100.0886104,6.5706723],[100.0886396,6.5707014],[100.0886381,6.5699989]]],[[[100.0883644,6.5689142],[100.0881802,6.5689146],[100.088202,6.5691589],[100.0883656,6.5694505],[100.0883644,6.5689142]]],[[[100.0880925,6.5686435],[100.0879961,6.5686437],[100.0880461,6.5686921],[100.0880927,6.568754],[100.0880925,6.5686435]]],[[[100.0975888,6.5686152],[100.0975888,6.5686227],[100.0976126,6.5686227],[100.0975888,6.5686152]]],[[[100.0878206,6.5683727],[100.08782,6.5681014],[100.087609,6.5681018],[100.087814,6.5684673],[100.0878208,6.5684738],[100.0878206,6.5683727]]],[[[100.0867551,6.5672897],[100.0869204,6.5675606],[100.0875485,6.5680401],[100.0875481,6.5678306],[100.0872768,6.5678312],[100.0872762,6.5675599],[100.0870049,6.5675605],[100.0870043,6.5672891],[100.0867551,6.5672897]]],[[[100.086461,6.567019],[100.0863748,6.5670192],[100.0864612,6.5670764],[100.086461,6.567019]]],[[[100.0861891,6.5667482],[100.085947,6.5667488],[100.0860032,6.5667726],[100.0861894,6.5668961],[100.0861891,6.5667482]]],[[[100.0916155,6.5667274],[100.0916156,6.5667364],[100.091644,6.5667364],[100.0916155,6.5667274]]],[[[100.0856459,6.5664781],[100.0853094,6.5664788],[100.0856462,6.5666214],[100.0856459,6.5664781]]],[[[100.0848313,6.5662085],[100.0842977,6.5662097],[100.0845692,6.5662543],[100.0846409,6.5662864],[100.0846525,6.5662873],[100.0848316,6.5663361],[100.0848313,6.5662085]]],[[[100.0829315,6.5659413],[100.0826692,6.5659418],[100.0829316,6.565985],[100.0829315,6.5659413]]],[[[100.0856423,6.5648395],[100.0856424,6.5648501],[100.0856754,6.56485],[100.0856423,6.5648395]]]]},{"type":"Polygon","coordinates":[[[100.0840168,6.5659389],[100.0829315,6.5659413],[100.0829316,6.565985],[100.0840173,6.5661635],[100.0840168,6.5659389]]]},{"type":"Polygon","coordinates":[[[100.0851027,6.5662079],[100.0848313,6.5662085],[100.0848316,6.5663361],[100.0851031,6.5664102],[100.0851027,6.5662079]]]},{"type":"Polygon","coordinates":[[[100.0859172,6.5664775],[100.0856459,6.5664781],[100.0856462,6.5666214],[100.0859178,6.5667364],[100.0859172,6.5664775]]]},{"type":"Polygon","coordinates":[[[100.0864604,6.5667476],[100.0861891,6.5667482],[100.0861894,6.5668961],[100.0863748,6.5670192],[100.086461,6.567019],[100.0864604,6.5667476]]]},{"type":"Polygon","coordinates":[[[100.086461,6.567019],[100.0864612,6.5670764],[100.0867329,6.5672567],[100.0867324,6.5670184],[100.086461,6.567019]]]},{"type":"Polygon","coordinates":[[[100.0878206,6.5683727],[100.0878208,6.5684738],[100.0879961,6.5686437],[100.0880925,6.5686435],[100.0880919,6.5683721],[100.0878206,6.5683727]]]},{"type":"Polygon","coordinates":[[[100.0880925,6.5686435],[100.0880927,6.568754],[100.0881757,6.5688641],[100.0881802,6.5689146],[100.0883644,6.5689142],[100.0883638,6.5686429],[100.0880925,6.5686435]]]},{"type":"Polygon","coordinates":[[[100.0883692,6.5694569],[100.0884654,6.5696285],[100.088464,6.569927],[100.0884896,6.5699993],[100.0886381,6.5699989],[100.0886369,6.5694563],[100.0883692,6.5694569]]]},{"type":"Polygon","coordinates":[[[100.0886402,6.5709512],[100.0885247,6.5709023],[100.0884594,6.5709175],[100.0884593,6.57094],[100.0883863,6.5710848],[100.0886405,6.5710843],[100.0886402,6.5709512]]]},{"type":"Polygon","coordinates":[[[100.0883697,6.5713562],[100.0882495,6.5713565],[100.0882331,6.5713891],[100.0881764,6.571628],[100.0883703,6.5716275],[100.0883697,6.5713562]]]},{"type":"Polygon","coordinates":[[[100.0881002,6.5721708],[100.0879961,6.572171],[100.0878296,6.5725121],[100.08783,6.5727141],[100.0881013,6.5727135],[100.0881002,6.5721708]]]},{"type":"Polygon","coordinates":[[[100.08783,6.5727141],[100.0877309,6.5727143],[100.0875983,6.5729859],[100.0878306,6.5729854],[100.08783,6.5727141]]]},{"type":"Polygon","coordinates":[[[100.0875599,6.5732573],[100.0874657,6.5732575],[100.0873331,6.5735291],[100.0875605,6.5735287],[100.0875599,6.5732573]]]},{"type":"Polygon","coordinates":[[[100.0872897,6.5738006],[100.0871746,6.5738008],[100.087019,6.5740648],[100.087019,6.5740725],[100.0872903,6.5740719],[100.0872897,6.5738006]]]},{"type":"Polygon","coordinates":[[[100.087019,6.5740725],[100.0870145,6.5740725],[100.0868543,6.5743442],[100.0870196,6.5743438],[100.087019,6.5740725]]]},{"type":"Polygon","coordinates":[[[100.0867488,6.5746158],[100.0866941,6.5746159],[100.0865339,6.5748876],[100.0867494,6.5748871],[100.0867488,6.5746158]]]},{"type":"Polygon","coordinates":[[[100.0864787,6.575159],[100.0863737,6.5751592],[100.0863552,6.5751906],[100.0862466,6.5754309],[100.0864793,6.5754304],[100.0864787,6.575159]]]},{"type":"Polygon","coordinates":[[[100.0862091,6.5759736],[100.0860977,6.5759739],[100.0861067,6.5762452],[100.0862097,6.5762449],[100.0862091,6.5759736]]]},{"type":"Polygon","coordinates":[[[100.0981525,6.578216],[100.0981523,6.5781182],[100.0976096,6.5781194],[100.0973383,6.57812],[100.0973388,6.5783362],[100.0981525,6.578216]]]},{"type":"Polygon","coordinates":[[[100.1003229,6.5781134],[100.1000516,6.578114],[100.0995089,6.5781152],[100.0995091,6.5781948],[100.0997972,6.5782003],[100.1003234,6.5783437],[100.1003229,6.5781134]]]},{"type":"Polygon","coordinates":[[[100.0967205,6.5784541],[100.0967963,6.5784278],[100.0967962,6.5783925],[100.0962536,6.5783937],[100.0962538,6.5785072],[100.0967205,6.5784541]]]},{"type":"Polygon","coordinates":[[[100.0950209,6.5789391],[100.0948981,6.5789394],[100.0948982,6.5789941],[100.0950209,6.5789391]]]},{"type":"Polygon","coordinates":[[[100.0881149,6.5789542],[100.0878436,6.5789547],[100.0876197,6.5789552],[100.0879525,6.5791444],[100.0881154,6.5791759],[100.0881149,6.5789542]]]},{"type":"Polygon","coordinates":[[[100.0943561,6.5792373],[100.0943561,6.5792119],[100.0940847,6.5792125],[100.0940851,6.5793589],[100.0943561,6.5792373]]]},{"type":"MultiPolygon","coordinates":[[[[100.0891858,6.5792232],[100.0891277,6.5793716],[100.0892012,6.5793858],[100.0892008,6.5792231],[100.0891858,6.5792232]]],[[[100.0890746,6.5792234],[100.0889295,6.5792237],[100.0886582,6.5792243],[100.0883868,6.5792249],[100.0883868,6.5792284],[100.0890162,6.57935],[100.0890659,6.5792479],[100.0890746,6.5792234]]]]},{"type":"Polygon","coordinates":[[[100.0932714,6.5794959],[100.0932713,6.5794856],[100.0927287,6.5794868],[100.091372,6.5794897],[100.0913724,6.5796436],[100.0932714,6.5794959]]]},{"type":"Polygon","coordinates":[[[100.0911011,6.5796647],[100.0911007,6.5794903],[100.0897574,6.5794933],[100.0907756,6.57969],[100.0911011,6.5796647]]]},{"type":"Polygon","coordinates":[[[100.0834703,6.564153],[100.0833164,6.5641044],[100.0832431,6.5643126],[100.0834706,6.5643121],[100.0834703,6.564153]]]},{"type":"Polygon","coordinates":[[[100.0829315,6.5659413],[100.0840168,6.5659389],[100.0840162,6.5656676],[100.0832022,6.5656694],[100.0832016,6.565398],[100.0828605,6.5653988],[100.0826692,6.5659418],[100.0829315,6.5659413]]]},{"type":"Polygon","coordinates":[[[100.0840168,6.5659389],[100.0840173,6.5661635],[100.0842977,6.5662097],[100.0848313,6.5662085],[100.0851027,6.5662079],[100.0851021,6.5659366],[100.0840168,6.5659389]]]},{"type":"Polygon","coordinates":[[[100.0851027,6.5662079],[100.0851031,6.5664102],[100.0852272,6.566444],[100.0853094,6.5664788],[100.0856459,6.5664781],[100.0856453,6.5662067],[100.0851027,6.5662079]]]},{"type":"Polygon","coordinates":[[[100.0859172,6.5664775],[100.0859178,6.5667364],[100.085947,6.5667488],[100.0861891,6.5667482],[100.0861885,6.5664769],[100.0859172,6.5664775]]]},{"type":"Polygon","coordinates":[[[100.0924301,6.5669848],[100.0924301,6.567006],[100.0924966,6.5670058],[100.0924301,6.5669848]]]},{"type":"MultiPolygon","coordinates":[[[[100.0949842,6.567792],[100.094977,6.5678144],[100.0950546,6.5678143],[100.0949842,6.567792]]],[[[100.0948947,6.5678146],[100.0949166,6.5677706],[100.0948737,6.5677571],[100.0948738,6.5678147],[100.0948947,6.5678146]]]]},{"type":"MultiPolygon","coordinates":[[[[100.0954189,6.5689554],[100.0954087,6.5689703],[100.095148,6.5691531],[100.0951481,6.5691707],[100.0954194,6.5691701],[100.0954189,6.5689554]]],[[[100.0953522,6.568899],[100.0951475,6.5688994],[100.0951478,6.5690532],[100.0952675,6.568973],[100.0953488,6.5689059],[100.0953522,6.568899]]]]},{"type":"Polygon","coordinates":[[[100.0976126,6.5686227],[100.0975888,6.5686227],[100.0975888,6.5686152],[100.0962312,6.5681861],[100.0962316,6.5683544],[100.0965029,6.5683538],[100.0965041,6.5688964],[100.0967754,6.5688958],[100.0967748,6.5686245],[100.0970461,6.5686239],[100.0970467,6.5688953],[100.0978607,6.5688935],[100.0978613,6.5691648],[100.0983748,6.5691637],[100.0982947,6.5688382],[100.0976126,6.5686227]]]},{"type":"Polygon","coordinates":[[[100.0932524,6.5708029],[100.0932512,6.5702602],[100.0929799,6.5702608],[100.092981,6.5708035],[100.0932524,6.5708029]]]},{"type":"Polygon","coordinates":[[[100.0932524,6.5708029],[100.093253,6.5710742],[100.0935243,6.5710736],[100.0935249,6.571345],[100.0937962,6.5713444],[100.093795,6.5708017],[100.0932524,6.5708029]]]},{"type":"Polygon","coordinates":[[[100.0946114,6.5718853],[100.09434,6.5718859],[100.0943406,6.5721572],[100.094612,6.5721566],[100.0946114,6.5718853]]]},{"type":"MultiPolygon","coordinates":[[[[100.0928147,6.5697185],[100.0926607,6.569644],[100.092553,6.5696155],[100.092456,6.5696589],[100.0922554,6.5698173],[100.0919267,6.5705215],[100.0915399,6.5709388],[100.0910236,6.5711983],[100.0904211,6.571415],[100.0900477,6.5714015],[100.0894014,6.5712737],[100.0886402,6.5709512],[100.0886405,6.5710843],[100.0883863,6.5710848],[100.0883692,6.5711188],[100.0883697,6.5713562],[100.0889124,6.571355],[100.0889135,6.5718977],[100.0883709,6.5718989],[100.0883703,6.5716275],[100.0881764,6.571628],[100.0880997,6.5719515],[100.0881002,6.5721708],[100.0881013,6.5727135],[100.08783,6.5727141],[100.0878306,6.5729854],[100.0886446,6.5729836],[100.0886452,6.573255],[100.0889165,6.5732544],[100.0889141,6.572169],[100.0891855,6.5721684],[100.0891843,6.5716258],[100.0910836,6.5716216],[100.091083,6.5713503],[100.0913543,6.5713497],[100.0913549,6.571621],[100.0916262,6.5716205],[100.091625,6.5710778],[100.0921677,6.5710766],[100.0921659,6.5702626],[100.0924372,6.570262],[100.0924366,6.5699907],[100.0927079,6.5699901],[100.0927074,6.5697187],[100.0928147,6.5697185]]],[[[100.0924269,6.5694867],[100.0924928,6.5694577],[100.0925598,6.5694624],[100.0926077,6.5694766],[100.0926796,6.5695243],[100.0927659,6.5696007],[100.092924,6.5696913],[100.0929691,6.5697182],[100.0929787,6.5697182],[100.0929787,6.5697239],[100.0930678,6.5697771],[100.093221,6.5697959],[100.0933406,6.5697861],[100.0936324,6.5697089],[100.0938428,6.5696414],[100.0941632,6.5695259],[100.0944168,6.5694822],[100.0945709,6.5694433],[100.0943347,6.5694439],[100.0943341,6.5691725],[100.0940628,6.5691731],[100.0940634,6.5694444],[100.0929781,6.5694468],[100.0929775,6.5691755],[100.0932488,6.5691749],[100.0932482,6.5689036],[100.0935195,6.568903],[100.093519,6.5686316],[100.0932476,6.5686322],[100.093247,6.5683609],[100.0927044,6.5683621],[100.0927062,6.5691761],[100.0924348,6.5691767],[100.0924354,6.569448],[100.0921641,6.5694486],[100.0921647,6.5697199],[100.0918934,6.5697205],[100.0918946,6.5702632],[100.0916232,6.5702638],[100.0916238,6.5705351],[100.0913525,6.5705357],[100.0913531,6.570807],[100.0908105,6.5708082],[100.090811,6.5710796],[100.0894544,6.5710825],[100.0894538,6.5708112],[100.0889112,6.5708124],[100.0889076,6.5691844],[100.0886363,6.5691849],[100.0886346,6.5683709],[100.0883632,6.5683715],[100.0883621,6.5678289],[100.0878194,6.56783],[100.0878182,6.5672874],[100.0872756,6.5672885],[100.087275,6.5670172],[100.0870037,6.5670178],[100.0870031,6.5667465],[100.0864604,6.5667476],[100.086461,6.567019],[100.0867324,6.5670184],[100.0867329,6.5672567],[100.0867365,6.5672592],[100.0867551,6.5672897],[100.0870043,6.5672891],[100.0870049,6.5675605],[100.0872762,6.5675599],[100.0872768,6.5678312],[100.0875481,6.5678306],[100.0875485,6.5680401],[100.0875938,6.5680747],[100.087609,6.5681018],[100.08782,6.5681014],[100.0878206,6.5683727],[100.0880919,6.5683721],[100.0880925,6.5686435],[100.0883638,6.5686429],[100.0883644,6.5689142],[100.0883656,6.5694505],[100.0883692,6.5694569],[100.0886369,6.5694563],[100.0886381,6.5699989],[100.0886396,6.5707014],[100.0888406,6.5709016],[100.0894298,6.57113],[100.0898895,6.5712726],[100.0902772,6.5712718],[100.0908369,6.5711844],[100.0913675,6.5708817],[100.091826,6.57045],[100.092112,6.5699037],[100.0923553,6.5695442],[100.0924269,6.5694867]]],[[[100.0951481,6.5691707],[100.0951227,6.5691708],[100.0951005,6.5691864],[100.0948282,6.5694095],[100.0947637,6.5694599],[100.0946203,6.5695392],[100.0944337,6.5695683],[100.0942974,6.5695902],[100.094161,6.5696264],[100.0939243,6.5697202],[100.0933504,6.5698866],[100.0931925,6.5698869],[100.0930273,6.5698586],[100.0929789,6.5698173],[100.0929793,6.5699895],[100.0940646,6.5699871],[100.094064,6.5697158],[100.0948779,6.569714],[100.0948773,6.5694427],[100.0951487,6.5694421],[100.0951481,6.5691707]]],[[[100.0949805,6.5691711],[100.0946054,6.5691719],[100.094606,6.5694345],[100.0946655,6.5694195],[100.0948328,6.5693282],[100.0949805,6.5691711]]]]},{"type":"Polygon","coordinates":[[[100.0908152,6.5729789],[100.0905439,6.5729795],[100.0905445,6.5732508],[100.0908158,6.5732502],[100.0908152,6.5729789]]]},{"type":"Polygon","coordinates":[[[100.0878306,6.5729854],[100.0875983,6.5729859],[100.0875595,6.5730654],[100.0875599,6.5732573],[100.0875605,6.5735287],[100.0878318,6.5735281],[100.0878306,6.5729854]]]},{"type":"Polygon","coordinates":[[[100.0921724,6.5732473],[100.0916298,6.5732485],[100.0916303,6.5735198],[100.092173,6.5735186],[100.0921724,6.5732473]]]},{"type":"Polygon","coordinates":[[[100.0927151,6.5732461],[100.0924437,6.5732467],[100.0924443,6.573518],[100.0927156,6.5735174],[100.0927151,6.5732461]]]},{"type":"Polygon","coordinates":[[[100.0875605,6.5735287],[100.0873331,6.5735291],[100.0873244,6.5735468],[100.0872893,6.5736064],[100.0872897,6.5738006],[100.0875611,6.5738],[100.0875605,6.5735287]]]},{"type":"Polygon","coordinates":[[[100.0872903,6.5740719],[100.087019,6.5740725],[100.0870196,6.5743438],[100.0872909,6.5743432],[100.0872903,6.5740719]]]},{"type":"Polygon","coordinates":[[[100.0870196,6.5743438],[100.0868543,6.5743442],[100.0867486,6.5745233],[100.0867488,6.5746158],[100.0870202,6.5746152],[100.0870196,6.5743438]]]},{"type":"Polygon","coordinates":[[[100.0867494,6.5748871],[100.0865339,6.5748876],[100.0864783,6.5749818],[100.0864787,6.575159],[100.08675,6.5751584],[100.0867494,6.5748871]]]},{"type":"Polygon","coordinates":[[[100.0916339,6.5751478],[100.0916333,6.5748765],[100.091362,6.5748771],[100.0913614,6.5746057],[100.0910901,6.5746063],[100.0910912,6.575149],[100.0916339,6.5751478]]]},{"type":"Polygon","coordinates":[[[100.0989591,6.5748604],[100.0986878,6.574861],[100.0986884,6.5751324],[100.0989597,6.5751318],[100.0989591,6.5748604]]]},{"type":"Polygon","coordinates":[[[100.0886493,6.5751543],[100.088378,6.5751549],[100.0883786,6.5754262],[100.0886499,6.5754256],[100.0886493,6.5751543]]]},{"type":"Polygon","coordinates":[[[100.0894627,6.5748812],[100.08892,6.5748824],[100.0889206,6.5751537],[100.089192,6.5751531],[100.0891926,6.5754245],[100.0897352,6.5754233],[100.0897346,6.5751519],[100.0894633,6.5751525],[100.0894627,6.5748812]]]},{"type":"Polygon","coordinates":[[[100.094077,6.5756851],[100.0938057,6.5756857],[100.0938063,6.5759571],[100.0940776,6.5759565],[100.094077,6.5756851]]]},{"type":"Polygon","coordinates":[[[100.0864793,6.5754304],[100.0862466,6.5754309],[100.0862081,6.575516],[100.0862091,6.5759736],[100.0862097,6.5762449],[100.0864811,6.5762444],[100.0864793,6.5754304]]]},{"type":"Polygon","coordinates":[[[100.0875664,6.576242],[100.087295,6.5762426],[100.0872956,6.5765139],[100.087567,6.5765133],[100.0875664,6.576242]]]},{"type":"Polygon","coordinates":[[[100.0883803,6.5762402],[100.088109,6.5762408],[100.0881096,6.5765121],[100.0883809,6.5765116],[100.0883803,6.5762402]]]},{"type":"Polygon","coordinates":[[[100.0919082,6.5765039],[100.0913655,6.5765051],[100.0913661,6.5767764],[100.0913903,6.5767763],[100.0914773,6.5767108],[100.0915251,6.5767011],[100.0915299,6.5767203],[100.0915013,6.5767682],[100.0914898,6.5767761],[100.0919088,6.5767752],[100.0919082,6.5765039]]]},{"type":"Polygon","coordinates":[[[100.0916339,6.5751478],[100.0916345,6.5754191],[100.0919058,6.5754185],[100.0919082,6.5765039],[100.0921795,6.5765033],[100.0921801,6.5767746],[100.0927228,6.5767734],[100.0927222,6.5765021],[100.0924508,6.5765027],[100.0924496,6.57596],[100.092721,6.5759594],[100.0927204,6.5756881],[100.0921777,6.5756893],[100.0921754,6.5746039],[100.091904,6.5746045],[100.0919052,6.5751472],[100.0916339,6.5751478]]]},{"type":"Polygon","coordinates":[[[100.0951647,6.5767681],[100.095436,6.5767675],[100.0954354,6.5764962],[100.0951641,6.5764968],[100.0951647,6.5767681]]]},{"type":"MultiPolygon","coordinates":[[[[100.0913663,6.5768609],[100.0912146,6.5769651],[100.0910953,6.577023],[100.0910954,6.5770483],[100.0913667,6.5770477],[100.0913663,6.5768609]]],[[[100.0913662,6.5767945],[100.0913661,6.5767764],[100.0910948,6.576777],[100.0910952,6.576943],[100.0911571,6.5769173],[100.0913626,6.5767972],[100.0913662,6.5767945]]]]},{"type":"Polygon","coordinates":[[[100.0959793,6.5770376],[100.0959787,6.5767663],[100.0957073,6.5767669],[100.0957079,6.5770382],[100.0959793,6.5770376]]]},{"type":"Polygon","coordinates":[[[100.1002428,6.5767569],[100.1001094,6.5762146],[100.099776,6.5762153],[100.0997778,6.5770293],[100.1000492,6.5770287],[100.1000486,6.5767574],[100.1002428,6.5767569]]]},{"type":"Polygon","coordinates":[[[100.0862109,6.5767876],[100.0862121,6.5773303],[100.0864834,6.5773297],[100.0864822,6.576787],[100.0862109,6.5767876]]]},{"type":"MultiPolygon","coordinates":[[[[100.0910954,6.5770483],[100.091043,6.5770484],[100.0909277,6.5771045],[100.0907539,6.5773204],[100.091096,6.5773197],[100.0910954,6.5770483]]],[[[100.0908879,6.5770488],[100.0905527,6.5770495],[100.0905533,6.5773208],[100.090638,6.5773206],[100.0907795,6.5771814],[100.0908368,6.5770903],[100.0908879,6.5770488]]]]},{"type":"Polygon","coordinates":[[[100.0867559,6.5778718],[100.0867547,6.5773291],[100.0864834,6.5773297],[100.0864844,6.5777855],[100.0865392,6.5778722],[100.0867559,6.5778718]]]},{"type":"Polygon","coordinates":[[[100.0951647,6.5767681],[100.0948934,6.5767687],[100.094894,6.57704],[100.0946226,6.5770406],[100.0946232,6.5773119],[100.0943519,6.5773125],[100.0943513,6.5770412],[100.09408,6.5770418],[100.0940818,6.5778558],[100.0943531,6.5778552],[100.0943537,6.5781265],[100.094625,6.5781259],[100.0946244,6.5778546],[100.0954384,6.5778528],[100.0954372,6.5773102],[100.0951659,6.5773108],[100.0951647,6.5767681]]]},{"type":"Polygon","coordinates":[[[100.0976096,6.5781194],[100.0981523,6.5781182],[100.0995089,6.5781152],[100.1000516,6.578114],[100.100051,6.5778427],[100.0989656,6.5778451],[100.0989651,6.5775738],[100.0986937,6.5775744],[100.0986943,6.5778457],[100.097609,6.5778481],[100.0976096,6.5781194]]]},{"type":"Polygon","coordinates":[[[100.0870284,6.5784139],[100.0870278,6.5781425],[100.0867565,6.5781431],[100.0867567,6.5782162],[100.0868818,6.5784142],[100.0870284,6.5784139]]]},{"type":"MultiPolygon","coordinates":[[[[100.0897407,6.577948],[100.0897092,6.577959],[100.0893122,6.5780508],[100.0890588,6.5781758],[100.0889681,6.5782909],[100.0889395,6.5783628],[100.0889498,6.5784097],[100.089199,6.5784091],[100.0891985,6.5781378],[100.0897411,6.5781366],[100.0897407,6.577948]]],[[[100.0896781,6.5778654],[100.0889265,6.577867],[100.0889272,6.5781748],[100.0889486,6.5781426],[100.0891351,6.5780464],[100.0893215,6.5779599],[100.0896781,6.5778654]]]]},{"type":"Polygon","coordinates":[[[100.1005764,6.5781129],[100.1003229,6.5781134],[100.1003234,6.5783437],[100.1004727,6.5783844],[100.1006431,6.5783841],[100.1005764,6.5781129]]]},{"type":"Polygon","coordinates":[[[100.0962538,6.5785072],[100.0962536,6.5783937],[100.0967962,6.5783925],[100.0969598,6.5783922],[100.0973388,6.5783362],[100.0973383,6.57812],[100.0967956,6.5781212],[100.0967932,6.5770359],[100.0959793,6.5770376],[100.0959822,6.5783943],[100.0957109,6.5783949],[100.0957114,6.5786293],[100.0958921,6.5785483],[100.0962538,6.5785072]]]},{"type":"Polygon","coordinates":[[[100.0873003,6.5786846],[100.0872998,6.5784133],[100.0870284,6.5784139],[100.0870289,6.5786193],[100.0871443,6.5786849],[100.0873003,6.5786846]]]},{"type":"Polygon","coordinates":[[[100.0956287,6.5786664],[100.0951689,6.5786674],[100.0951693,6.5788725],[100.0956287,6.5786664]]]},{"type":"Polygon","coordinates":[[[100.0878436,6.5789547],[100.087843,6.5786834],[100.0873003,6.5786846],[100.0873005,6.5787737],[100.0876197,6.5789552],[100.0878436,6.5789547]]]},{"type":"Polygon","coordinates":[[[100.0883868,6.5792249],[100.0886582,6.5792243],[100.0886576,6.578953],[100.0881149,6.5789542],[100.0881154,6.5791759],[100.088369,6.5792249],[100.0883868,6.5792249]]]},{"type":"Polygon","coordinates":[[[100.0948982,6.5789941],[100.0948981,6.5789394],[100.0943555,6.5789405],[100.0943561,6.5792119],[100.0944131,6.5792117],[100.0948982,6.5789941]]]},{"type":"MultiPolygon","coordinates":[[[[100.0890371,6.5786808],[100.089084,6.5787932],[100.0891754,6.5789988],[100.089195,6.5791998],[100.0891858,6.5792232],[100.0892008,6.5792231],[100.0892012,6.5793858],[100.0897441,6.5794907],[100.0897435,6.5792219],[100.0894722,6.5792225],[100.0894716,6.5789512],[100.0892002,6.5789518],[100.0891996,6.5786805],[100.0890371,6.5786808]]],[[[100.0889283,6.5786943],[100.0889295,6.5792237],[100.0890746,6.5792234],[100.0890897,6.5791808],[100.0890894,6.5790708],[100.089022,6.5788699],[100.0889403,6.5787217],[100.0889283,6.5786943]]]]},{"type":"Polygon","coordinates":[[[100.0940851,6.5793589],[100.0940847,6.5792125],[100.0927281,6.5792154],[100.0927287,6.5794868],[100.0932713,6.5794856],[100.0934077,6.5794853],[100.0938863,6.5794481],[100.0940851,6.5793589]]]},{"type":"Polygon","coordinates":[[[100.0913724,6.5796436],[100.091372,6.5794897],[100.0911007,6.5794903],[100.0911011,6.5796647],[100.0913724,6.5796436]]]},{"type":"Polygon","coordinates":[[[100.0883697,6.5713562],[100.0883703,6.5716275],[100.0883709,6.5718989],[100.0889135,6.5718977],[100.0889124,6.571355],[100.0883697,6.5713562]]]},{"type":"MultiPolygon","coordinates":[[[[100.0911007,6.5794903],[100.091372,6.5794897],[100.0927287,6.5794868],[100.0927281,6.5792154],[100.0940847,6.5792125],[100.0943561,6.5792119],[100.0943555,6.5789405],[100.0948981,6.5789394],[100.0950209,6.5789391],[100.0951693,6.5788725],[100.0951689,6.5786674],[100.0956287,6.5786664],[100.0957114,6.5786293],[100.0957109,6.5783949],[100.0959822,6.5783943],[100.0959793,6.5770376],[100.0957079,6.5770382],[100.0957073,6.5767669],[100.0959787,6.5767663],[100.0959793,6.5770376],[100.0967932,6.5770359],[100.0967956,6.5781212],[100.0973383,6.57812],[100.0976096,6.5781194],[100.097609,6.5778481],[100.0986943,6.5778457],[100.0986937,6.5775744],[100.0989651,6.5775738],[100.0989656,6.5778451],[100.100051,6.5778427],[100.1000516,6.578114],[100.1003229,6.5781134],[100.1005764,6.5781129],[100.1002428,6.5767569],[100.1000486,6.5767574],[100.1000492,6.5770287],[100.0997778,6.5770293],[100.099776,6.5762153],[100.1001094,6.5762146],[100.0997758,6.5748586],[100.0997731,6.5748586],[100.099773,6.5748474],[100.0995089,6.5737739],[100.0994994,6.5737739],[100.0994993,6.5737346],[100.0983748,6.5691637],[100.0978613,6.5691648],[100.0978607,6.5688935],[100.0970467,6.5688953],[100.0970461,6.5686239],[100.0967748,6.5686245],[100.0967754,6.5688958],[100.0965041,6.5688964],[100.0965029,6.5683538],[100.0962316,6.5683544],[100.0962312,6.5681861],[100.0950546,6.5678143],[100.094977,6.5678144],[100.094947,6.5679088],[100.0949184,6.5679951],[100.094933,6.568074],[100.0949762,6.5681601],[100.095041,6.5682317],[100.0951129,6.568289],[100.0953358,6.5684536],[100.0954366,6.5685683],[100.0954943,6.5687045],[100.0956208,6.568858],[100.0957361,6.5690253],[100.0958704,6.5691638],[100.0959951,6.5692784],[100.096067,6.5693404],[100.0961152,6.5695174],[100.0961156,6.5696801],[100.0961446,6.5698236],[100.0961975,6.5699145],[100.0962406,6.5699431],[100.0963412,6.5699955],[100.0964083,6.5700528],[100.0964755,6.5701436],[100.0966005,6.5703635],[100.0968308,6.5706262],[100.0969459,6.5707504],[100.0970322,6.5708172],[100.0970801,6.5708602],[100.097085,6.5708841],[100.0970754,6.5709033],[100.0970419,6.570889],[100.0969508,6.5708317],[100.0968261,6.5706884],[100.096663,6.5705117],[100.096543,6.5703684],[100.0964326,6.570182],[100.0963509,6.5700625],[100.0962359,6.5699957],[100.0961688,6.5699576],[100.0961161,6.5699003],[100.096092,6.5698429],[100.0960583,6.5697473],[100.096034,6.5695846],[100.0959954,6.5694124],[100.0959281,6.5693024],[100.0957986,6.5691591],[100.0956211,6.5689968],[100.0955492,6.5689204],[100.0954874,6.5688553],[100.0954189,6.5689554],[100.0954194,6.5691701],[100.0951481,6.5691707],[100.0951487,6.5694421],[100.0948773,6.5694427],[100.0948779,6.569714],[100.094064,6.5697158],[100.0940646,6.5699871],[100.0929793,6.5699895],[100.0929789,6.5698173],[100.0929266,6.5697726],[100.0928147,6.5697185],[100.0927074,6.5697187],[100.0927079,6.5699901],[100.0924366,6.5699907],[100.0924372,6.570262],[100.0921659,6.5702626],[100.0921677,6.5710766],[100.091625,6.5710778],[100.0916262,6.5716205],[100.0913549,6.571621],[100.0913543,6.5713497],[100.091083,6.5713503],[100.0910836,6.5716216],[100.0891843,6.5716258],[100.0891855,6.5721684],[100.0889141,6.572169],[100.0889165,6.5732544],[100.0886452,6.573255],[100.0886446,6.5729836],[100.0878306,6.5729854],[100.0878318,6.5735281],[100.0875605,6.5735287],[100.0875611,6.5738],[100.0872897,6.5738006],[100.0872903,6.5740719],[100.0872909,6.5743432],[100.0870196,6.5743438],[100.0870202,6.5746152],[100.0867488,6.5746158],[100.0867494,6.5748871],[100.08675,6.5751584],[100.0864787,6.575159],[100.0864793,6.5754304],[100.0864811,6.5762444],[100.0862097,6.5762449],[100.0862109,6.5767876],[100.0864822,6.576787],[100.0864834,6.5773297],[100.0867547,6.5773291],[100.0867559,6.5778718],[100.0867565,6.5781431],[100.0870278,6.5781425],[100.0870284,6.5784139],[100.0872998,6.5784133],[100.0873003,6.5786846],[100.087843,6.5786834],[100.0878436,6.5789547],[100.0881149,6.5789542],[100.0886576,6.578953],[100.0886582,6.5792243],[100.0889295,6.5792237],[100.0889283,6.5786943],[100.0888441,6.5785018],[100.0888438,6.5783725],[100.0888818,6.5782432],[100.0889272,6.5781748],[100.0889265,6.577867],[100.0896781,6.5778654],[100.0897951,6.5778344],[100.0901537,6.5776996],[100.0903497,6.5775939],[100.0905455,6.5774116],[100.090638,6.5773206],[100.0905533,6.5773208],[100.0905527,6.5770495],[100.0908879,6.5770488],[100.0909371,6.5770087],[100.0910952,6.576943],[100.0910948,6.576777],[100.0913661,6.5767764],[100.0913655,6.5765051],[100.0919082,6.5765039],[100.0919058,6.5754185],[100.0916345,6.5754191],[100.0916339,6.5751478],[100.0910912,6.575149],[100.0910901,6.5746063],[100.0913614,6.5746057],[100.091362,6.5748771],[100.0916333,6.5748765],[100.0916339,6.5751478],[100.0919052,6.5751472],[100.091904,6.5746045],[100.0921754,6.5746039],[100.0921777,6.5756893],[100.0927204,6.5756881],[100.092721,6.5759594],[100.0924496,6.57596],[100.0924508,6.5765027],[100.0927222,6.5765021],[100.0927228,6.5767734],[100.0921801,6.5767746],[100.0921795,6.5765033],[100.0919082,6.5765039],[100.0919088,6.5767752],[100.0914898,6.5767761],[100.0913663,6.5768609],[100.0913667,6.5770477],[100.0910954,6.5770483],[100.091096,6.5773197],[100.0907539,6.5773204],[100.0907464,6.5773298],[100.0904789,6.5775793],[100.0901922,6.5777905],[100.0897407,6.577948],[100.0897411,6.5781366],[100.0891985,6.5781378],[100.089199,6.5784091],[100.0889498,6.5784097],[100.0889782,6.5785398],[100.0890371,6.5786808],[100.0891996,6.5786805],[100.0892002,6.5789518],[100.0894716,6.5789512],[100.0894722,6.5792225],[100.0897435,6.5792219],[100.0897441,6.5794907],[100.0897574,6.5794933],[100.0911007,6.5794903]],[[100.0951647,6.5767681],[100.0951641,6.5764968],[100.0954354,6.5764962],[100.095436,6.5767675],[100.0951647,6.5767681],[100.0951659,6.5773108],[100.0954372,6.5773102],[100.0954384,6.5778528],[100.0946244,6.5778546],[100.094625,6.5781259],[100.0943537,6.5781265],[100.0943531,6.5778552],[100.0940818,6.5778558],[100.09408,6.5770418],[100.0943513,6.5770412],[100.0943519,6.5773125],[100.0946232,6.5773119],[100.0946226,6.5770406],[100.094894,6.57704],[100.0948934,6.5767687],[100.0951647,6.5767681]],[[100.094077,6.5756851],[100.0940776,6.5759565],[100.0938063,6.5759571],[100.0938057,6.5756857],[100.094077,6.5756851]],[[100.0989591,6.5748604],[100.0989597,6.5751318],[100.0986884,6.5751324],[100.0986878,6.574861],[100.0989591,6.5748604]],[[100.0894627,6.5748812],[100.0894633,6.5751525],[100.0897346,6.5751519],[100.0897352,6.5754233],[100.0891926,6.5754245],[100.089192,6.5751531],[100.0889206,6.5751537],[100.08892,6.5748824],[100.0894627,6.5748812]],[[100.0886493,6.5751543],[100.0886499,6.5754256],[100.0883786,6.5754262],[100.088378,6.5751549],[100.0886493,6.5751543]],[[100.0875664,6.576242],[100.087567,6.5765133],[100.0872956,6.5765139],[100.087295,6.5762426],[100.0875664,6.576242]],[[100.0883803,6.5762402],[100.0883809,6.5765116],[100.0881096,6.5765121],[100.088109,6.5762408],[100.0883803,6.5762402]],[[100.0927151,6.5732461],[100.0927156,6.5735174],[100.0924443,6.573518],[100.0924437,6.5732467],[100.0927151,6.5732461]],[[100.0921724,6.5732473],[100.092173,6.5735186],[100.0916303,6.5735198],[100.0916298,6.5732485],[100.0921724,6.5732473]],[[100.0908152,6.5729789],[100.0908158,6.5732502],[100.0905445,6.5732508],[100.0905439,6.5729795],[100.0908152,6.5729789]],[[100.0946114,6.5718853],[100.094612,6.5721566],[100.0943406,6.5721572],[100.09434,6.5718859],[100.0946114,6.5718853]],[[100.0932524,6.5708029],[100.092981,6.5708035],[100.0929799,6.5702608],[100.0932512,6.5702602],[100.0932524,6.5708029],[100.093795,6.5708017],[100.0937962,6.5713444],[100.0935249,6.571345],[100.0935243,6.5710736],[100.093253,6.5710742],[100.0932524,6.5708029]]],[[[100.0910953,6.577023],[100.091043,6.5770484],[100.0910954,6.5770483],[100.0910953,6.577023]]],[[[100.0913903,6.5767763],[100.0913661,6.5767764],[100.0913662,6.5767945],[100.0913903,6.5767763]]],[[[100.0945709,6.5694433],[100.094606,6.5694345],[100.0946054,6.5691719],[100.0949805,6.5691711],[100.0949951,6.5691555],[100.0951478,6.5690532],[100.0951475,6.5688994],[100.0953522,6.568899],[100.0953702,6.5688627],[100.0953916,6.5688196],[100.0954058,6.568743],[100.0954057,6.5686808],[100.0953624,6.5685995],[100.0953096,6.5685278],[100.0951946,6.5684467],[100.0950843,6.5683656],[100.0949693,6.5682893],[100.094878,6.568122],[100.0948347,6.5679928],[100.0948584,6.5678875],[100.0948947,6.5678146],[100.0948738,6.5678147],[100.0948737,6.5677571],[100.0924966,6.5670058],[100.0924301,6.567006],[100.0924301,6.5669848],[100.091644,6.5667364],[100.0916156,6.5667364],[100.0916155,6.5667274],[100.0856754,6.56485],[100.0856424,6.5648501],[100.0856423,6.5648395],[100.0834703,6.564153],[100.0834706,6.5643121],[100.0832431,6.5643126],[100.0828605,6.5653988],[100.0832016,6.565398],[100.0832022,6.5656694],[100.0840162,6.5656676],[100.0840168,6.5659389],[100.0851021,6.5659366],[100.0851027,6.5662079],[100.0856453,6.5662067],[100.0856459,6.5664781],[100.0859172,6.5664775],[100.0861885,6.5664769],[100.0861891,6.5667482],[100.0864604,6.5667476],[100.0870031,6.5667465],[100.0870037,6.5670178],[100.087275,6.5670172],[100.0872756,6.5672885],[100.0878182,6.5672874],[100.0878194,6.56783],[100.0883621,6.5678289],[100.0883632,6.5683715],[100.0886346,6.5683709],[100.0886363,6.5691849],[100.0889076,6.5691844],[100.0889112,6.5708124],[100.0894538,6.5708112],[100.0894544,6.5710825],[100.090811,6.5710796],[100.0908105,6.5708082],[100.0913531,6.570807],[100.0913525,6.5705357],[100.0916238,6.5705351],[100.0916232,6.5702638],[100.0918946,6.5702632],[100.0918934,6.5697205],[100.0921647,6.5697199],[100.0921641,6.5694486],[100.0924354,6.569448],[100.0924348,6.5691767],[100.0927062,6.5691761],[100.0927044,6.5683621],[100.093247,6.5683609],[100.0932476,6.5686322],[100.093519,6.5686316],[100.0935195,6.568903],[100.0932482,6.5689036],[100.0932488,6.5691749],[100.0929775,6.5691755],[100.0929781,6.5694468],[100.0940634,6.5694444],[100.0940628,6.5691731],[100.0943341,6.5691725],[100.0943347,6.5694439],[100.0945709,6.5694433]]],[[[100.0929691,6.5697182],[100.0929787,6.5697239],[100.0929787,6.5697182],[100.0929691,6.5697182]]],[[[100.095148,6.5691531],[100.0951227,6.5691708],[100.0951481,6.5691707],[100.095148,6.5691531]]]]}]}},{"type":"Feature","id":"87-VSD","properties":{"sequence":11,"plotId":"87-VSD","villageNumber":3,"village":"บ้านต้นลำแพน","subdistrict":"ยี่สาร","district":"อัมพวา","province":"สมุทรสงคราม","landCondition":"แปลงปลูกเสริมและปรับปรุงสภาพป่าชายเลน","allocatedAreaRai":101.62,"waterAreaRai":8.7,"officialParticipatingAreaRai":92.92,"geometryAreaRai":92.92,"areaDifferenceRai":0.0,"waterGeometryAreaRai":8.7,"fcdAreaRaiByClass":{"0":0.66,"1":1.86,"2":11.52,"3":78.88},"sourceCrs":"EPSG:32647","sourceFile":"Company-data/T-VER  Standard กลุ่ม 2  สยามทีซี&วิสุทธิ  ขึ้นทะเบียน/Shape/Shp-แปลงปลูกเสริม+น้ำ+FCD/แปลงปลูกเสริม_All_รวมน้ำ_V3_Uni.shp","sourceFeatureCount":68,"excludedWaterClass":"W"},"geometry":{"type":"GeometryCollection","geometries":[{"type":"MultiPolygon","coordinates":[[[[99.8634373,13.2646555],[99.8634346,13.2646555],[99.8634346,13.2646562],[99.8634373,13.2646555]]],[[[99.8673111,13.2645874],[99.8673104,13.2643711],[99.8670334,13.2643721],[99.8670343,13.2646109],[99.8673111,13.2645874]]],[[[99.8648205,13.2643796],[99.8645412,13.2643805],[99.8645414,13.2644213],[99.8648205,13.2643796]]],[[[99.8655982,13.2641057],[99.865371,13.2641065],[99.8653714,13.2642117],[99.8655982,13.2641057]]],[[[99.862325,13.2641168],[99.8623115,13.2641168],[99.862325,13.2641282],[99.862325,13.2641168]]],[[[99.8678567,13.2622647],[99.8678574,13.2624705],[99.867887,13.2624704],[99.8678742,13.2622746],[99.8678567,13.2622647]]],[[[99.860454,13.2619531],[99.8604557,13.2619631],[99.860656,13.2619718],[99.8606559,13.2619524],[99.860454,13.2619531]]]]},{"type":"Polygon","coordinates":[[[99.8664706,13.2618383],[99.8664706,13.261837],[99.8660682,13.2619341],[99.8660784,13.2619341],[99.8664706,13.2618383]]]},{"type":"Polygon","coordinates":[[[99.8625946,13.2620338],[99.8625946,13.262035],[99.86364,13.2622136],[99.8636674,13.2622135],[99.8625946,13.2620338]]]},{"type":"Polygon","coordinates":[[[99.865364,13.2621086],[99.8653639,13.2621041],[99.8649282,13.2622092],[99.8649521,13.2622092],[99.865364,13.2621086]]]},{"type":"Polygon","coordinates":[[[99.8645339,13.2623113],[99.8645339,13.2623044],[99.8644011,13.2623364],[99.864257,13.2623123],[99.864257,13.262319],[99.8644012,13.2623437],[99.8645339,13.2623113]]]},{"type":"Polygon","coordinates":[[[99.866914,13.26173],[99.8664706,13.261837],[99.8664706,13.2618383],[99.866914,13.26173]]]},{"type":"Polygon","coordinates":[[[99.8625946,13.2620338],[99.8622456,13.2619753],[99.8625946,13.262035],[99.8625946,13.2620338]]]},{"type":"Polygon","coordinates":[[[99.8660784,13.2619341],[99.8660682,13.2619341],[99.8653639,13.2621041],[99.865364,13.2621086],[99.8660784,13.2619341]]]},{"type":"Polygon","coordinates":[[[99.864257,13.2623123],[99.8636674,13.2622135],[99.86364,13.2622136],[99.864257,13.262319],[99.864257,13.2623123]]]},{"type":"Polygon","coordinates":[[[99.8649521,13.2622092],[99.8649282,13.2622092],[99.8645339,13.2623044],[99.8645339,13.2623113],[99.8649521,13.2622092]]]},{"type":"MultiPolygon","coordinates":[[[[99.8634342,13.2645638],[99.8633725,13.2645871],[99.863255,13.2645229],[99.86323,13.2644925],[99.8631639,13.2644496],[99.8631569,13.264445],[99.8631576,13.2646565],[99.8634346,13.2646555],[99.8634342,13.2645638]]],[[[99.8634337,13.2644154],[99.8634336,13.2643843],[99.8635882,13.2643838],[99.864166,13.2642656],[99.8642638,13.2642426],[99.8642634,13.2641102],[99.8648347,13.2641083],[99.8650738,13.264052],[99.8651275,13.2640566],[99.8651277,13.2640901],[99.8650646,13.2641075],[99.865371,13.2641065],[99.8655982,13.2641057],[99.8656478,13.2640825],[99.865647,13.2638343],[99.8661828,13.2638325],[99.8664139,13.2637245],[99.8664523,13.2638316],[99.8664777,13.2638315],[99.866478,13.2639032],[99.8665494,13.2641025],[99.8667556,13.2641018],[99.8667565,13.264373],[99.8668504,13.2643727],[99.8668532,13.2643065],[99.8669691,13.2642582],[99.8672438,13.2642573],[99.867427,13.2642627],[99.867574,13.2642924],[99.8680064,13.2642954],[99.8679973,13.2641569],[99.8678679,13.2641196],[99.8675113,13.2640873],[99.8668468,13.2640417],[99.8667635,13.2639703],[99.8667632,13.2638746],[99.867092,13.2619306],[99.8665689,13.2619324],[99.8661944,13.2620255],[99.866195,13.2622049],[99.8654728,13.2622074],[99.8650919,13.2623039],[99.8650877,13.262305],[99.8650884,13.2624799],[99.8645345,13.2624818],[99.8642576,13.2624828],[99.86315,13.2624865],[99.8631492,13.262259],[99.8630675,13.2622455],[99.8628891,13.2622161],[99.8625952,13.2622171],[99.8624989,13.2622175],[99.8625167,13.262289],[99.8625856,13.2625139],[99.8626503,13.2626841],[99.862715,13.2628543],[99.8627672,13.2631089],[99.862735,13.2633315],[99.8625717,13.2637627],[99.8625318,13.263892],[99.8625393,13.263935],[99.8626569,13.2640423],[99.862925,13.2642315],[99.8632296,13.264392],[99.8632526,13.2643977],[99.8634046,13.2644213],[99.8634337,13.2644154]],[[99.8668901,13.261973],[99.8669002,13.2620782],[99.8667893,13.26249],[99.8667134,13.2631171],[99.8666412,13.2634331],[99.8665977,13.2635528],[99.8664373,13.2636683],[99.8663503,13.2636779],[99.8664756,13.2635628],[99.8665827,13.2634524],[99.8667642,13.2622939],[99.8668266,13.2619732],[99.8668901,13.261973]]],[[[99.8675698,13.2643615],[99.8674883,13.2643402],[99.8674335,13.2643703],[99.8674336,13.2643707],[99.8675693,13.2643702],[99.8675698,13.2643615]]],[[[99.8669483,13.2643724],[99.8670334,13.2643721],[99.8673104,13.2643711],[99.8673182,13.2643711],[99.8672821,13.2643431],[99.8672198,13.2643146],[99.8671428,13.2643148],[99.867022,13.2643224],[99.8669488,13.2643621],[99.8669483,13.2643724]]],[[[99.8642641,13.2643264],[99.864076,13.2643821],[99.8642643,13.2643815],[99.8642641,13.2643264]]],[[[99.8625844,13.2635734],[99.8624379,13.2635739],[99.8623564,13.2637567],[99.8623237,13.2637435],[99.862325,13.2641168],[99.8626019,13.2641159],[99.8626028,13.2643614],[99.8626332,13.264387],[99.8628798,13.2643862],[99.8630678,13.2643855],[99.8625213,13.2640212],[99.8624588,13.2639676],[99.8624476,13.2638851],[99.8624947,13.2637522],[99.8625844,13.2635734]]],[[[99.8679881,13.2640156],[99.867887,13.2624704],[99.8678574,13.2624705],[99.8678567,13.2622647],[99.8672667,13.26193],[99.8671523,13.2619304],[99.8670083,13.2627542],[99.8668361,13.2637786],[99.8668172,13.2639557],[99.8668711,13.2639986],[99.8677211,13.2640196],[99.8679881,13.2640156]]],[[[99.8625453,13.2625032],[99.8624986,13.262368],[99.862464,13.2622176],[99.8620414,13.262219],[99.8620413,13.2621836],[99.8620196,13.2621875],[99.8619609,13.2621841],[99.8618827,13.2621927],[99.8617972,13.262184],[99.8617054,13.2621395],[99.8616318,13.2620351],[99.8615749,13.2619493],[99.8614866,13.2619496],[99.861487,13.262056],[99.8616297,13.2622204],[99.8617645,13.26222],[99.861765,13.2623763],[99.8618356,13.2624576],[99.8618652,13.2624909],[99.8620423,13.2624903],[99.8620431,13.2626904],[99.8621063,13.2627613],[99.8623202,13.2627606],[99.8623204,13.2628184],[99.8624925,13.2627452],[99.8625706,13.263031],[99.8625981,13.2630309],[99.8625984,13.2631328],[99.8626121,13.263183],[99.8625987,13.2632131],[99.8625999,13.2635425],[99.8626984,13.263346],[99.8627417,13.2631592],[99.8626894,13.2628723],[99.8625416,13.262514],[99.8625453,13.2625032]]],[[[99.8651598,13.2622085],[99.8650874,13.2622087],[99.8650875,13.2622258],[99.8651598,13.2622085]]],[[[99.8620411,13.2621364],[99.8620404,13.2619478],[99.8617635,13.2619487],[99.8616197,13.2619492],[99.8616308,13.2619618],[99.8617656,13.2621049],[99.8618268,13.2621525],[99.8619572,13.262159],[99.8620121,13.2621408],[99.8620411,13.2621364]]],[[[99.8663069,13.2619333],[99.8661941,13.2619337],[99.8661942,13.2619604],[99.8663069,13.2619333]]]]},{"type":"Polygon","coordinates":[[[99.8621612,13.2619474],[99.8617631,13.2618154],[99.8617635,13.2619487],[99.8620404,13.2619478],[99.8621612,13.2619474]]]},{"type":"Polygon","coordinates":[[[99.8664708,13.261894],[99.8664706,13.2618383],[99.8660784,13.2619341],[99.8661941,13.2619337],[99.8663069,13.2619333],[99.8664708,13.261894]]]},{"type":"MultiPolygon","coordinates":[[[[99.8625946,13.262035],[99.8625948,13.2620892],[99.8626677,13.2620992],[99.8630523,13.2621658],[99.8633342,13.2622146],[99.86364,13.2622136],[99.8625946,13.262035]]],[[[99.862595,13.2621678],[99.8625952,13.2622171],[99.8628891,13.2622161],[99.862595,13.2621678]]]]},{"type":"Polygon","coordinates":[[[99.8653641,13.2621594],[99.865364,13.2621086],[99.8649521,13.2622092],[99.8650874,13.2622087],[99.8651598,13.2622085],[99.8653641,13.2621594]]]},{"type":"MultiPolygon","coordinates":[[[[99.8645344,13.2624445],[99.8643687,13.2624451],[99.8642574,13.2624322],[99.8642576,13.2624828],[99.8645345,13.2624818],[99.8645344,13.2624445]]],[[[99.8645341,13.2623585],[99.8645339,13.2623113],[99.8644012,13.2623437],[99.864257,13.262319],[99.8642572,13.2623746],[99.8643538,13.2623913],[99.8644893,13.2623693],[99.8645341,13.2623585]]]]},{"type":"Polygon","coordinates":[[[99.8664523,13.2638316],[99.866478,13.2639032],[99.8664777,13.2638315],[99.8664523,13.2638316]]]},{"type":"Polygon","coordinates":[[[99.8645414,13.2644213],[99.8645412,13.2643805],[99.8642643,13.2643815],[99.8642646,13.2644626],[99.8645414,13.2644213]]]},{"type":"Polygon","coordinates":[[[99.8628798,13.2643862],[99.8626332,13.264387],[99.8628805,13.2645946],[99.8628798,13.2643862]]]},{"type":"MultiPolygon","coordinates":[[[[99.8673951,13.2645802],[99.8673372,13.2643859],[99.8673182,13.2643711],[99.8673104,13.2643711],[99.8673111,13.2645874],[99.8673951,13.2645802]]],[[[99.8675693,13.2643702],[99.8674336,13.2643707],[99.867452,13.264436],[99.8674883,13.2645723],[99.8675577,13.2645664],[99.8675693,13.2643702]]]]},{"type":"Polygon","coordinates":[[[99.8667575,13.2646345],[99.8667565,13.264373],[99.8666465,13.2643734],[99.8667406,13.2646359],[99.8667575,13.2646345]]]},{"type":"Polygon","coordinates":[[[99.8631579,13.264721],[99.8631576,13.2646565],[99.862955,13.2646572],[99.8630586,13.2647442],[99.8631579,13.264721]]]},{"type":"MultiPolygon","coordinates":[[[[99.8671074,13.2618397],[99.867057,13.2618111],[99.8665689,13.2619324],[99.867092,13.2619306],[99.8671074,13.2618397]]],[[[99.8672667,13.26193],[99.8671627,13.261871],[99.8671523,13.2619304],[99.8672667,13.26193]]],[[[99.8669737,13.2617639],[99.866914,13.26173],[99.8664706,13.2618383],[99.8664708,13.261894],[99.8666744,13.2618451],[99.8669737,13.2617639]]]]},{"type":"MultiPolygon","coordinates":[[[[99.8615749,13.2619493],[99.8615704,13.2619426],[99.8614846,13.2618562],[99.8614326,13.2618204],[99.8613381,13.2618066],[99.8611037,13.2618457],[99.8608546,13.2618441],[99.8604316,13.2618224],[99.860454,13.2619531],[99.8606559,13.2619524],[99.860656,13.2619718],[99.8610987,13.2619909],[99.8613784,13.2619309],[99.861487,13.262056],[99.8614866,13.2619496],[99.8615749,13.2619493]]],[[[99.8617631,13.2618154],[99.8614347,13.2617066],[99.860417,13.261737],[99.8604246,13.2617815],[99.8605516,13.2617949],[99.860957,13.2617935],[99.8612281,13.2617855],[99.8613208,13.2617708],[99.861408,13.2617757],[99.8615266,13.2618426],[99.8616197,13.2619492],[99.8617635,13.2619487],[99.8617631,13.2618154]]]]},{"type":"MultiPolygon","coordinates":[[[[99.862595,13.2621678],[99.8625726,13.2621641],[99.8624827,13.2621527],[99.8624989,13.2622175],[99.8625952,13.2622171],[99.862595,13.2621678]]],[[[99.862448,13.2621483],[99.8623234,13.2621326],[99.8621715,13.26216],[99.8620413,13.2621836],[99.8620414,13.262219],[99.862464,13.2622176],[99.862448,13.2621483]]],[[[99.8625948,13.2620892],[99.8625946,13.262035],[99.8622456,13.2619753],[99.8621612,13.2619474],[99.8620404,13.2619478],[99.8620411,13.2621364],[99.8624624,13.2620711],[99.8625948,13.2620892]]]]},{"type":"MultiPolygon","coordinates":[[[[99.8661944,13.2620255],[99.8660951,13.2620502],[99.8660012,13.2620735],[99.8654728,13.2622074],[99.866195,13.2622049],[99.8661944,13.2620255]]],[[[99.8661942,13.2619604],[99.8661941,13.2619337],[99.8660784,13.2619341],[99.865364,13.2621086],[99.8653641,13.2621594],[99.8661155,13.2619792],[99.8661942,13.2619604]]]]},{"type":"Polygon","coordinates":[[[99.8616297,13.2622204],[99.861765,13.2623763],[99.8617645,13.26222],[99.8616297,13.2622204]]]},{"type":"MultiPolygon","coordinates":[[[[99.8642574,13.2624322],[99.8640681,13.2624102],[99.8631492,13.262259],[99.86315,13.2624865],[99.8642576,13.2624828],[99.8642574,13.2624322]]],[[[99.864257,13.262319],[99.86364,13.2622136],[99.8633342,13.2622146],[99.8642572,13.2623746],[99.864257,13.262319]]]]},{"type":"MultiPolygon","coordinates":[[[[99.8650877,13.262305],[99.8646488,13.2624162],[99.8646362,13.2624194],[99.8645372,13.2624445],[99.8645344,13.2624445],[99.8645345,13.2624818],[99.8650884,13.2624799],[99.8650877,13.262305]]],[[[99.8650875,13.2622258],[99.8650874,13.2622087],[99.8649521,13.2622092],[99.8645339,13.2623113],[99.8645341,13.2623585],[99.8646271,13.2623362],[99.8646278,13.2623361],[99.8650875,13.2622258]]]]},{"type":"Polygon","coordinates":[[[99.8618652,13.2624909],[99.8620431,13.2626904],[99.8620423,13.2624903],[99.8618652,13.2624909]]]},{"type":"Polygon","coordinates":[[[99.8623204,13.2628184],[99.8623202,13.2627606],[99.8621063,13.2627613],[99.8621336,13.2627919],[99.8622384,13.2628532],[99.8623204,13.2628184]]]},{"type":"Polygon","coordinates":[[[99.8625706,13.263031],[99.8625984,13.2631328],[99.8625981,13.2630309],[99.8625706,13.263031]]]},{"type":"Polygon","coordinates":[[[99.8625844,13.2635734],[99.8625999,13.2635425],[99.8625987,13.2632131],[99.8624379,13.2635739],[99.8625844,13.2635734]]]},{"type":"Polygon","coordinates":[[[99.8661828,13.2638325],[99.865647,13.2638343],[99.8656478,13.2640825],[99.8661828,13.2638325]]]},{"type":"Polygon","coordinates":[[[99.8623237,13.2637435],[99.8621861,13.2636878],[99.8621082,13.2639462],[99.8623115,13.2641168],[99.862325,13.2641168],[99.8623237,13.2637435]]]},{"type":"Polygon","coordinates":[[[99.862325,13.2641168],[99.862325,13.2641282],[99.8626028,13.2643614],[99.8626019,13.2641159],[99.862325,13.2641168]]]},{"type":"MultiPolygon","coordinates":[[[[99.8648205,13.2643796],[99.8651021,13.2643375],[99.8653714,13.2642117],[99.865371,13.2641065],[99.8650646,13.2641075],[99.8650398,13.2641143],[99.8648202,13.2641486],[99.8646298,13.2642018],[99.8644485,13.2642717],[99.8642641,13.2643264],[99.8642643,13.2643815],[99.8645412,13.2643805],[99.8648205,13.2643796]]],[[[99.8648347,13.2641083],[99.8642634,13.2641102],[99.8642638,13.2642426],[99.8648347,13.2641083]]]]},{"type":"Polygon","coordinates":[[[99.8665494,13.2641025],[99.8666465,13.2643734],[99.8667565,13.264373],[99.8667556,13.2641018],[99.8665494,13.2641025]]]},{"type":"MultiPolygon","coordinates":[[[[99.8669144,13.2646211],[99.8668476,13.2644381],[99.8668504,13.2643727],[99.8667565,13.264373],[99.8667575,13.2646345],[99.8669144,13.2646211]]],[[[99.8670343,13.2646109],[99.8670334,13.2643721],[99.8669483,13.2643724],[99.8669419,13.2644842],[99.8669862,13.264615],[99.8670343,13.2646109]]]]},{"type":"Polygon","coordinates":[[[99.8631569,13.264445],[99.8630678,13.2643855],[99.8628798,13.2643862],[99.8628805,13.2645946],[99.862955,13.2646572],[99.8631576,13.2646565],[99.8631569,13.264445]]]},{"type":"MultiPolygon","coordinates":[[[[99.8634373,13.2646555],[99.8642551,13.264464],[99.8642646,13.2644626],[99.8642643,13.2643815],[99.864076,13.2643821],[99.8640458,13.2643911],[99.8635261,13.2645292],[99.8634342,13.2645638],[99.8634346,13.2646555],[99.8634373,13.2646555]]],[[[99.8635882,13.2643838],[99.8634336,13.2643843],[99.8634337,13.2644154],[99.8635882,13.2643838]]]]},{"type":"Polygon","coordinates":[[[99.8634346,13.2646562],[99.8634346,13.2646555],[99.8631576,13.2646565],[99.8631579,13.264721],[99.8634346,13.2646562]]]}]}},{"type":"Feature","id":"88-VSD","properties":{"sequence":12,"plotId":"88-VSD","villageNumber":7,"village":"แคนา","subdistrict":"บางเขา","district":"หนองจิก","province":"ปัตตานี","landCondition":"แปลงปลูกเสริมและปรับปรุงสภาพป่าชายเลน","allocatedAreaRai":307.41,"waterAreaRai":49.75,"officialParticipatingAreaRai":257.66,"geometryAreaRai":257.66,"areaDifferenceRai":0.0,"waterGeometryAreaRai":0.0,"fcdAreaRaiByClass":{"0":0.74,"1":38.23,"2":163.77,"3":54.92},"sourceCrs":"EPSG:32647","sourceFile":"Company-data/T-VER  Standard กลุ่ม 2  สยามทีซี&วิสุทธิ  ขึ้นทะเบียน/Shape/Shp-แปลงปลูกเสริม+น้ำ+FCD/แปลงปลูกเสริม_All_รวมน้ำ_V3_Uni.shp","sourceFeatureCount":32,"excludedWaterClass":"W"},"geometry":{"type":"GeometryCollection","geometries":[{"type":"MultiPolygon","coordinates":[[[[101.1048484,6.8547306],[101.1043967,6.8548457],[101.1039165,6.854968],[101.1038558,6.8550514],[101.1038549,6.8550526],[101.103684,6.8552872],[101.1039178,6.8549697],[101.1048484,6.8547306]]],[[[101.1049473,6.8545042],[101.1049379,6.8545042],[101.104938,6.8545256],[101.1049473,6.8545042]]],[[[101.1052067,6.8539433],[101.1052068,6.8539606],[101.1052283,6.8539605],[101.1052067,6.8539433]]],[[[101.1045535,6.8534211],[101.1043898,6.8532902],[101.1043904,6.8534218],[101.1045535,6.8534211]]],[[[101.1054669,6.8513878],[101.1054675,6.8515187],[101.105631,6.851518],[101.1054669,6.8513878]]],[[[101.1051946,6.8511717],[101.1051949,6.8512487],[101.105291,6.8512483],[101.1051946,6.8511717]]],[[[101.1049223,6.8509556],[101.1049224,6.8509787],[101.1049511,6.8509785],[101.1049223,6.8509556]]],[[[101.1044503,6.8504383],[101.1043758,6.8500865],[101.1043773,6.8504386],[101.1044503,6.8504383]]],[[[101.0973176,6.8493824],[101.0973158,6.8493847],[101.0973176,6.8493847],[101.0973176,6.8493824]]],[[[101.1041634,6.8490836],[101.1040987,6.8487779],[101.1041,6.8490839],[101.1041634,6.8490836]]],[[[101.0975874,6.8490335],[101.0975263,6.8491126],[101.0975878,6.8491123],[101.0975874,6.8490335]]],[[[101.0992144,6.8487688],[101.0987854,6.8488359],[101.0989433,6.8488352],[101.0992147,6.848834],[101.0992144,6.8487688]]],[[[101.1011125,6.8484718],[101.1005688,6.8485569],[101.1011129,6.8485545],[101.1011125,6.8484718]]],[[[101.1038216,6.8474693],[101.1038227,6.8477291],[101.1038766,6.8477288],[101.1038216,6.8474693]]],[[[101.1035488,6.8471458],[101.1035005,6.8471881],[101.103549,6.8471879],[101.1035488,6.8471458]]]]},{"type":"Polygon","coordinates":[[[101.103549,6.8471879],[101.1035005,6.8471881],[101.1031889,6.8474606],[101.1035502,6.8474591],[101.103549,6.8471879]]]},{"type":"Polygon","coordinates":[[[101.1030082,6.8476187],[101.1028773,6.8477332],[101.1030087,6.8477326],[101.1030082,6.8476187]]]},{"type":"Polygon","coordinates":[[[101.1027379,6.8478551],[101.1025657,6.8480058],[101.1027386,6.848005],[101.1027379,6.8478551]]]},{"type":"Polygon","coordinates":[[[101.1032813,6.8480026],[101.1030099,6.8480038],[101.1030111,6.848275],[101.1032824,6.8482738],[101.1032813,6.8480026]]]},{"type":"Polygon","coordinates":[[[101.1022541,6.8482783],[101.1022333,6.8482965],[101.1021972,6.8483022],[101.1021994,6.848821],[101.1027421,6.8488186],[101.1027398,6.8482762],[101.1022541,6.8482783]]]},{"type":"Polygon","coordinates":[[[101.1024779,6.850447],[101.1024744,6.8496334],[101.102203,6.8496346],[101.1022042,6.8499058],[101.1019329,6.8499069],[101.101934,6.8501781],[101.1016627,6.8501793],[101.1016651,6.8507217],[101.1019364,6.8507205],[101.1019352,6.8504493],[101.1024779,6.850447]]]},{"type":"Polygon","coordinates":[[[101.1024779,6.850447],[101.1024803,6.8509894],[101.1032943,6.8509858],[101.1032919,6.8504434],[101.1030206,6.8504446],[101.1030194,6.8501734],[101.1027481,6.8501746],[101.1027493,6.8504458],[101.1024779,6.850447]]]},{"type":"Polygon","coordinates":[[[101.1060115,6.8518199],[101.1060121,6.8519686],[101.1061295,6.8519135],[101.1060115,6.8518199]]]},{"type":"Polygon","coordinates":[[[101.1054675,6.8515187],[101.1054669,6.8513878],[101.105291,6.8512483],[101.1051949,6.8512487],[101.1051946,6.8511717],[101.1049511,6.8509785],[101.1049224,6.8509787],[101.1049223,6.8509556],[101.1044866,6.8506099],[101.1044503,6.8504383],[101.1043773,6.8504386],[101.1043797,6.850981],[101.1035657,6.8509846],[101.103568,6.851527],[101.1041107,6.8515246],[101.1041119,6.8517958],[101.1046546,6.8517934],[101.1046534,6.8515222],[101.1049248,6.8515211],[101.1049272,6.8520635],[101.1051985,6.8520623],[101.1051961,6.8515199],[101.1054675,6.8515187]]]},{"type":"Polygon","coordinates":[[[101.1057413,6.8520957],[101.10574,6.8517887],[101.1059709,6.8517877],[101.105631,6.851518],[101.1054675,6.8515187],[101.1054705,6.8522228],[101.1057413,6.8520957]]]},{"type":"Polygon","coordinates":[[[101.1008558,6.8518076],[101.1008622,6.85181],[101.1011271,6.8518089],[101.1011276,6.8519116],[101.101943,6.8522236],[101.1019424,6.8520765],[101.1030277,6.8520718],[101.1030265,6.8518006],[101.1027552,6.8518018],[101.102754,6.8515306],[101.1024827,6.8515318],[101.1024839,6.851803],[101.1022125,6.8518041],[101.1022101,6.8512617],[101.1019388,6.8512629],[101.1019376,6.8509917],[101.1016663,6.8509929],[101.1016674,6.8512641],[101.1011248,6.8512665],[101.1011236,6.8509953],[101.1005809,6.8509977],[101.1005833,6.8515401],[101.1008546,6.8515389],[101.1008558,6.8518076]]]},{"type":"Polygon","coordinates":[[[101.1052351,6.8523333],[101.1051997,6.8523335],[101.1051998,6.8523499],[101.1052351,6.8523333]]]},{"type":"Polygon","coordinates":[[[101.1046519,6.8526071],[101.1043868,6.8526082],[101.1043874,6.8527312],[101.1046519,6.8526071]]]},{"type":"Polygon","coordinates":[[[101.1043904,6.8534218],[101.1041191,6.853423],[101.1041179,6.8531518],[101.1038465,6.853153],[101.1038453,6.8528818],[101.1033026,6.8528842],[101.1033015,6.852613],[101.102928,6.8526146],[101.104392,6.8537886],[101.1043904,6.8534218]]]},{"type":"Polygon","coordinates":[[[101.1021568,6.856686],[101.1021409,6.8566861],[101.1021525,6.8566951],[101.1021568,6.856686]]]},{"type":"Polygon","coordinates":[[[101.0992147,6.848834],[101.0992159,6.8491052],[101.0994872,6.849104],[101.099486,6.8488328],[101.0992147,6.848834]]]},{"type":"Polygon","coordinates":[[[101.1005797,6.8507265],[101.1005761,6.8499129],[101.1003048,6.8499141],[101.1003024,6.8493717],[101.1005738,6.8493705],[101.1005726,6.8490993],[101.1000299,6.8491017],[101.1000311,6.8493729],[101.0997597,6.849374],[101.0997609,6.8496452],[101.0994896,6.8496464],[101.0994919,6.8501888],[101.0997633,6.8501876],[101.0997621,6.8499164],[101.1000334,6.8499153],[101.1000346,6.8501865],[101.100306,6.8501853],[101.1003072,6.8504565],[101.1000358,6.8504576],[101.100037,6.8507288],[101.1005797,6.8507265]]]},{"type":"MultiPolygon","coordinates":[[[[101.1001615,6.8515419],[101.1003122,6.8515996],[101.1003119,6.8515413],[101.1001615,6.8515419]]],[[[101.0992249,6.8511835],[101.1000404,6.8514956],[101.1000394,6.8512712],[101.099768,6.8512724],[101.0997657,6.85073],[101.0994943,6.8507312],[101.0994955,6.8510024],[101.0992242,6.8510036],[101.0992249,6.8511835]]]]},{"type":"Polygon","coordinates":[[[101.0975822,6.8531804],[101.0976057,6.8532126],[101.0976056,6.8531803],[101.0975822,6.8531804]]]},{"type":"Polygon","coordinates":[[[101.0989531,6.8510795],[101.0989516,6.8507336],[101.099223,6.8507324],[101.0992182,6.8496476],[101.0989469,6.8496488],[101.0989481,6.84992],[101.0986767,6.8499212],[101.0986755,6.84965],[101.0984042,6.8496512],[101.0984054,6.8499224],[101.0975913,6.8499259],[101.097589,6.8493835],[101.0978603,6.8493823],[101.0978591,6.8491111],[101.0989445,6.8491064],[101.0989433,6.8488352],[101.0987854,6.8488359],[101.0975964,6.8490219],[101.0975874,6.8490335],[101.0975878,6.8491123],[101.0975263,6.8491126],[101.0973176,6.8493824],[101.0973176,6.8493847],[101.0973158,6.8493847],[101.0968949,6.849929],[101.097363,6.8523677],[101.097602,6.8523667],[101.0975996,6.8518243],[101.097871,6.8518231],[101.0978781,6.8534503],[101.0977799,6.8534507],[101.0978787,6.8535859],[101.0988535,6.8510414],[101.0989531,6.8510795]]]},{"type":"Polygon","coordinates":[[[101.1038533,6.8546903],[101.103704,6.8547808],[101.1038537,6.8547802],[101.1038533,6.8546903]]]},{"type":"Polygon","coordinates":[[[101.1048484,6.8547306],[101.104938,6.8545256],[101.1049379,6.8545042],[101.1043952,6.8545066],[101.1043967,6.8548457],[101.1048484,6.8547306]]]},{"type":"Polygon","coordinates":[[[101.1038558,6.8550514],[101.1038549,6.8550514],[101.1038549,6.8550526],[101.1038558,6.8550514]]]},{"type":"MultiPolygon","coordinates":[[[[101.1022252,6.8546902],[101.1017447,6.8544459],[101.1006242,6.8553367],[101.1014139,6.8553333],[101.1014127,6.8550621],[101.1016841,6.8550609],[101.1016829,6.8547897],[101.1022256,6.8547873],[101.1022252,6.8546902]]],[[[101.1022637,6.8523463],[101.1024866,6.8524316],[101.1024862,6.8523453],[101.1022637,6.8523463]]]]},{"type":"Polygon","coordinates":[[[101.1024981,6.8550573],[101.1022268,6.8550585],[101.102228,6.8553297],[101.1024993,6.8553285],[101.1024981,6.8550573]]]},{"type":"Polygon","coordinates":[[[101.1006,6.855356],[101.1005098,6.8554276],[101.1006006,6.8554976],[101.1006,6.855356]]]},{"type":"Polygon","coordinates":[[[101.1031239,6.855597],[101.1030432,6.8555973],[101.1030433,6.8556273],[101.1031239,6.855597]]]},{"type":"Polygon","coordinates":[[[101.1027798,6.8558697],[101.102773,6.8558697],[101.1027731,6.8558818],[101.1027798,6.8558697]]]},{"type":"Polygon","coordinates":[[[101.1060121,6.8519686],[101.1060115,6.8518199],[101.1059709,6.8517877],[101.10574,6.8517887],[101.1057413,6.8520957],[101.1060121,6.8519686]]]},{"type":"Polygon","coordinates":[[[101.097363,6.8523677],[101.0974965,6.8530632],[101.0975822,6.8531804],[101.0976056,6.8531803],[101.0976057,6.8532126],[101.0977799,6.8534507],[101.0978781,6.8534503],[101.097871,6.8518231],[101.0975996,6.8518243],[101.097602,6.8523667],[101.097363,6.8523677]]]},{"type":"MultiPolygon","coordinates":[[[[101.1027731,6.8558818],[101.102773,6.8558697],[101.1027798,6.8558697],[101.1028808,6.8556884],[101.1030433,6.8556273],[101.1030432,6.8555973],[101.1031239,6.855597],[101.1031968,6.8555695],[101.103404,6.8553788],[101.103684,6.8552872],[101.1038549,6.8550526],[101.1038549,6.8550514],[101.1038558,6.8550514],[101.1039165,6.854968],[101.1043967,6.8548457],[101.1043952,6.8545066],[101.1049379,6.8545042],[101.1049473,6.8545042],[101.1050186,6.8543411],[101.105352,6.8540594],[101.1052283,6.8539605],[101.1052068,6.8539606],[101.1052067,6.8539433],[101.1045535,6.8534211],[101.1043904,6.8534218],[101.104392,6.8537886],[101.1048005,6.8541161],[101.1038533,6.8546903],[101.1038537,6.8547802],[101.103704,6.8547808],[101.1031107,6.8551405],[101.1022252,6.8546902],[101.1022256,6.8547873],[101.1016829,6.8547897],[101.1016841,6.8550609],[101.1014127,6.8550621],[101.1014139,6.8553333],[101.1006242,6.8553367],[101.1006,6.855356],[101.1006006,6.8554976],[101.1021409,6.8566861],[101.1021568,6.856686],[101.1024304,6.8561063],[101.1027192,6.8559784],[101.1027731,6.8558818]],[[101.1024981,6.8550573],[101.1024993,6.8553285],[101.102228,6.8553297],[101.1022268,6.8550585],[101.1024981,6.8550573]]],[[[101.1043898,6.8532902],[101.1039484,6.8529372],[101.1043874,6.8527312],[101.1043868,6.8526082],[101.1046519,6.8526071],[101.1051998,6.8523499],[101.1051997,6.8523335],[101.1052351,6.8523333],[101.1054705,6.8522228],[101.1054675,6.8515187],[101.1051961,6.8515199],[101.1051985,6.8520623],[101.1049272,6.8520635],[101.1049248,6.8515211],[101.1046534,6.8515222],[101.1046546,6.8517934],[101.1041119,6.8517958],[101.1041107,6.8515246],[101.103568,6.851527],[101.1035657,6.8509846],[101.1043797,6.850981],[101.1043773,6.8504386],[101.1043758,6.8500865],[101.1041634,6.8490836],[101.1041,6.8490839],[101.1040987,6.8487779],[101.1038766,6.8477288],[101.1038227,6.8477291],[101.1038216,6.8474693],[101.1037212,6.846995],[101.1035488,6.8471458],[101.103549,6.8471879],[101.1035502,6.8474591],[101.1031889,6.8474606],[101.1030082,6.8476187],[101.1030087,6.8477326],[101.1028773,6.8477332],[101.1027379,6.8478551],[101.1027386,6.848005],[101.1025657,6.8480058],[101.1022541,6.8482783],[101.1027398,6.8482762],[101.1027421,6.8488186],[101.1021994,6.848821],[101.1021972,6.8483022],[101.1011125,6.8484718],[101.1011129,6.8485545],[101.1005688,6.8485569],[101.0992144,6.8487688],[101.0992147,6.848834],[101.099486,6.8488328],[101.0994872,6.849104],[101.0992159,6.8491052],[101.0992147,6.848834],[101.0989433,6.8488352],[101.0989445,6.8491064],[101.0978591,6.8491111],[101.0978603,6.8493823],[101.097589,6.8493835],[101.0975913,6.8499259],[101.0984054,6.8499224],[101.0984042,6.8496512],[101.0986755,6.84965],[101.0986767,6.8499212],[101.0989481,6.84992],[101.0989469,6.8496488],[101.0992182,6.8496476],[101.099223,6.8507324],[101.0989516,6.8507336],[101.0989531,6.8510795],[101.0992249,6.8511835],[101.0992242,6.8510036],[101.0994955,6.8510024],[101.0994943,6.8507312],[101.0997657,6.85073],[101.099768,6.8512724],[101.1000394,6.8512712],[101.1000404,6.8514956],[101.1001615,6.8515419],[101.1003119,6.8515413],[101.1003122,6.8515996],[101.1008558,6.8518076],[101.1008546,6.8515389],[101.1005833,6.8515401],[101.1005809,6.8509977],[101.1011236,6.8509953],[101.1011248,6.8512665],[101.1016674,6.8512641],[101.1016663,6.8509929],[101.1019376,6.8509917],[101.1019388,6.8512629],[101.1022101,6.8512617],[101.1022125,6.8518041],[101.1024839,6.851803],[101.1024827,6.8515318],[101.102754,6.8515306],[101.1027552,6.8518018],[101.1030265,6.8518006],[101.1030277,6.8520718],[101.1019424,6.8520765],[101.101943,6.8522236],[101.1022637,6.8523463],[101.1024862,6.8523453],[101.1024866,6.8524316],[101.1028943,6.8525876],[101.102928,6.8526146],[101.1033015,6.852613],[101.1033026,6.8528842],[101.1038453,6.8528818],[101.1038465,6.853153],[101.1041179,6.8531518],[101.1041191,6.853423],[101.1043904,6.8534218],[101.1043898,6.8532902]],[[101.1024779,6.850447],[101.1019352,6.8504493],[101.1019364,6.8507205],[101.1016651,6.8507217],[101.1016627,6.8501793],[101.101934,6.8501781],[101.1019329,6.8499069],[101.1022042,6.8499058],[101.102203,6.8496346],[101.1024744,6.8496334],[101.1024779,6.850447],[101.1027493,6.8504458],[101.1027481,6.8501746],[101.1030194,6.8501734],[101.1030206,6.8504446],[101.1032919,6.8504434],[101.1032943,6.8509858],[101.1024803,6.8509894],[101.1024779,6.850447]],[[101.1005797,6.8507265],[101.100037,6.8507288],[101.1000358,6.8504576],[101.1003072,6.8504565],[101.100306,6.8501853],[101.1000346,6.8501865],[101.1000334,6.8499153],[101.0997621,6.8499164],[101.0997633,6.8501876],[101.0994919,6.8501888],[101.0994896,6.8496464],[101.0997609,6.8496452],[101.0997597,6.849374],[101.1000311,6.8493729],[101.1000299,6.8491017],[101.1005726,6.8490993],[101.1005738,6.8493705],[101.1003024,6.8493717],[101.1003048,6.8499141],[101.1005761,6.8499129],[101.1005797,6.8507265]],[[101.1032813,6.8480026],[101.1032824,6.8482738],[101.1030111,6.848275],[101.1030099,6.8480038],[101.1032813,6.8480026]]],[[[101.1008622,6.85181],[101.1011276,6.8519116],[101.1011271,6.8518089],[101.1008622,6.85181]]]]}]}},{"type":"Feature","id":"89-VSD","properties":{"sequence":13,"plotId":"89-VSD","villageNumber":2,"village":"บ้านตะโละอาโห","subdistrict":"ตะโละกาโปร์","district":"ยะหริ่ง","province":"ปัตตานี","landCondition":"แปลงปลูกเสริมและปรับปรุงสภาพป่าชายเลน","allocatedAreaRai":25.72,"waterAreaRai":0.0,"officialParticipatingAreaRai":25.72,"geometryAreaRai":25.72,"areaDifferenceRai":-0.0,"waterGeometryAreaRai":0.0,"fcdAreaRaiByClass":{"0":0.12,"2":3.33,"3":22.27},"sourceCrs":"EPSG:32647","sourceFile":"Company-data/T-VER  Standard กลุ่ม 2  สยามทีซี&วิสุทธิ  ขึ้นทะเบียน/Shape/Shp-แปลงปลูกเสริม+น้ำ+FCD/แปลงปลูกเสริม_All_รวมน้ำ_V3_Uni.shp","sourceFeatureCount":5,"excludedWaterClass":"W"},"geometry":{"type":"GeometryCollection","geometries":[{"type":"MultiPolygon","coordinates":[[[[101.3733775,6.8695215],[101.373355,6.8695216],[101.3733556,6.8696334],[101.3733775,6.8695215]]],[[[101.3733495,6.8684111],[101.3733496,6.868437],[101.3733888,6.8684368],[101.3733495,6.8684111]]],[[[101.3728051,6.8680553],[101.3728057,6.8681685],[101.372977,6.8681677],[101.3728051,6.8680553]]],[[[101.3723923,6.8678994],[101.3725653,6.8678986],[101.3724966,6.8678537],[101.3723923,6.8678994]]]]},{"type":"Polygon","coordinates":[[[101.3733556,6.8696334],[101.373355,6.8695216],[101.3733775,6.8695215],[101.3735673,6.8685534],[101.3733888,6.8684368],[101.3733496,6.868437],[101.3733495,6.8684111],[101.372977,6.8681677],[101.3728057,6.8681685],[101.3728051,6.8680553],[101.3725653,6.8678986],[101.3723923,6.8678994],[101.3719913,6.8680751],[101.3719918,6.8681726],[101.3722631,6.8681712],[101.3722644,6.8684424],[101.3725357,6.868441],[101.3725371,6.8687122],[101.3722658,6.8687135],[101.3722671,6.8689847],[101.3719958,6.868986],[101.3719931,6.8684437],[101.3715626,6.8684459],[101.3716819,6.8687164],[101.3717232,6.8687162],[101.3717236,6.8688109],[101.3721593,6.8697987],[101.3722711,6.8697981],[101.3722724,6.870055],[101.3724736,6.8705111],[101.3732321,6.8702633],[101.3733556,6.8696334]]]},{"type":"Polygon","coordinates":[[[101.3716819,6.8687164],[101.3717236,6.8688109],[101.3717232,6.8687162],[101.3716819,6.8687164]]]},{"type":"Polygon","coordinates":[[[101.3719913,6.8680751],[101.371495,6.8682925],[101.3715626,6.8684459],[101.3719931,6.8684437],[101.3719958,6.868986],[101.3722671,6.8689847],[101.3722658,6.8687135],[101.3725371,6.8687122],[101.3725357,6.868441],[101.3722644,6.8684424],[101.3722631,6.8681712],[101.3719918,6.8681726],[101.3719913,6.8680751]]]},{"type":"Polygon","coordinates":[[[101.3721593,6.8697987],[101.3722724,6.870055],[101.3722711,6.8697981],[101.3721593,6.8697987]]]}]}},{"type":"Feature","id":"90-VSD","properties":{"sequence":14,"plotId":"90-VSD","villageNumber":2,"village":"บาลดูวอ","subdistrict":"บางปู","district":"ยะหริ่ง","province":"ปัตตานี","landCondition":"แปลงปลูกเสริมและปรับปรุงสภาพป่าชายเลน","allocatedAreaRai":60.65,"waterAreaRai":38.23,"officialParticipatingAreaRai":22.42,"geometryAreaRai":22.42,"areaDifferenceRai":0.0,"waterGeometryAreaRai":38.23,"fcdAreaRaiByClass":{"0":0.32,"1":0.86,"2":8.67,"3":12.57},"sourceCrs":"EPSG:32647","sourceFile":"Company-data/T-VER  Standard กลุ่ม 2  สยามทีซี&วิสุทธิ  ขึ้นทะเบียน/Shape/Shp-แปลงปลูกเสริม+น้ำ+FCD/แปลงปลูกเสริม_All_รวมน้ำ_V3_Uni.shp","sourceFeatureCount":66,"excludedWaterClass":"W"},"geometry":{"type":"GeometryCollection","geometries":[{"type":"Polygon","coordinates":[[[101.3383693,6.8723598],[101.3382791,6.8723966],[101.3382907,6.8724056],[101.3383695,6.8724052],[101.3383693,6.8723598]]]},{"type":"MultiPolygon","coordinates":[[[[101.3432562,6.8723814],[101.3432532,6.872379],[101.3432532,6.8723814],[101.3432562,6.8723814]]],[[[101.3408098,6.8720673],[101.3406555,6.8721229],[101.34081,6.8721222],[101.3408098,6.8720673]]]]},{"type":"MultiPolygon","coordinates":[[[[101.3399972,6.8723604],[101.3398935,6.8723978],[101.3399974,6.8723973],[101.3399972,6.8723604]]],[[[101.33953,6.8723996],[101.3394546,6.8723659],[101.3394548,6.8723999],[101.33953,6.8723996]]]]},{"type":"Polygon","coordinates":[[[101.3425688,6.8718424],[101.3424542,6.8717526],[101.3419664,6.8718212],[101.3420067,6.8718451],[101.3421653,6.8718444],[101.3425688,6.8718424]]]},{"type":"Polygon","coordinates":[[[101.3421772,6.8742739],[101.3421107,6.8742498],[101.3419072,6.8742269],[101.341686,6.8742519],[101.3415979,6.8742876],[101.3416346,6.8742874],[101.3421772,6.8742847],[101.3421772,6.8742739]]]},{"type":"Polygon","coordinates":[[[101.3421922,6.8742847],[101.3421772,6.8742847],[101.3416346,6.8742874],[101.3416358,6.8745389],[101.3421694,6.8743125],[101.3421922,6.8742847]]]},{"type":"Polygon","coordinates":[[[101.341589,6.8745588],[101.3410908,6.8745612],[101.3412658,6.8746959],[101.341589,6.8745588]]]},{"type":"Polygon","coordinates":[[[101.3421956,6.8742806],[101.3421772,6.8742739],[101.3421772,6.8742847],[101.3421922,6.8742847],[101.3421956,6.8742806]]]},{"type":"Polygon","coordinates":[[[101.3416358,6.8745389],[101.3416346,6.8742874],[101.3415979,6.8742876],[101.3415069,6.8743245],[101.3414414,6.8743966],[101.3413519,6.8744508],[101.3412981,6.8744511],[101.3412741,6.8744452],[101.3412198,6.8743438],[101.3411777,6.8743022],[101.341112,6.8743085],[101.3410105,6.8743628],[101.340917,6.8744275],[101.3410908,6.8745612],[101.341589,6.8745588],[101.3416358,6.8745389]]]},{"type":"Polygon","coordinates":[[[101.3405651,6.8740215],[101.3407875,6.8740204],[101.3407873,6.8739872],[101.3407751,6.8739215],[101.3406972,6.873904],[101.3406195,6.8739163],[101.340584,6.8739942],[101.3405651,6.8740215]]]},{"type":"Polygon","coordinates":[[[101.3405481,6.874046],[101.3405042,6.8741096],[101.3405486,6.8741438],[101.3405481,6.874046]]]},{"type":"Polygon","coordinates":[[[101.3407875,6.8740204],[101.3405651,6.8740215],[101.3405481,6.874046],[101.3405486,6.8741438],[101.3407009,6.874261],[101.3407879,6.8740948],[101.3407875,6.8740204]]]},{"type":"Polygon","coordinates":[[[101.3426865,6.8736806],[101.342524,6.8737356],[101.3425176,6.8737408],[101.3426378,6.8737402],[101.3426865,6.8736806]]]},{"type":"Polygon","coordinates":[[[101.342447,6.8739733],[101.3424462,6.8737974],[101.3424239,6.873815],[101.3423599,6.8739373],[101.3423603,6.8740127],[101.342415,6.8740124],[101.342447,6.8739733]]]},{"type":"Polygon","coordinates":[[[101.3426378,6.8737402],[101.3425176,6.8737408],[101.3424462,6.8737974],[101.342447,6.8739733],[101.3426378,6.8737402]]]},{"type":"Polygon","coordinates":[[[101.342415,6.8740124],[101.3423603,6.8740127],[101.3423606,6.8740789],[101.342415,6.8740124]]]},{"type":"MultiPolygon","coordinates":[[[[101.339714,6.872941],[101.3398633,6.8729403],[101.3397771,6.872922],[101.3397233,6.8729222],[101.339714,6.872941]]],[[[101.339342,6.8729428],[101.3396117,6.8729415],[101.3396157,6.8729347],[101.3395616,6.8728812],[101.3395077,6.8728755],[101.3394417,6.8728339],[101.3394415,6.8727921],[101.3394411,6.8727203],[101.3394053,6.8727265],[101.3393575,6.8727566],[101.3393579,6.8728224],[101.339342,6.8729428]]],[[[101.3399989,6.8726977],[101.3399735,6.8727118],[101.3398961,6.8727899],[101.3399083,6.8728376],[101.3399743,6.8728672],[101.3399998,6.8728735],[101.3399989,6.8726977]]],[[[101.3392298,6.8726722],[101.3391848,6.8726724],[101.3391856,6.8728393],[101.3392322,6.8728111],[101.3392439,6.8727632],[101.3392298,6.8726722]]]]},{"type":"Polygon","coordinates":[[[101.3389136,6.8727004],[101.3389086,6.872699],[101.338868,6.872674],[101.3386422,6.8726751],[101.3386409,6.8724039],[101.3383695,6.8724052],[101.3382907,6.8724056],[101.3389145,6.8728859],[101.3389136,6.8727004]]]},{"type":"Polygon","coordinates":[[[101.3391863,6.8729777],[101.3391312,6.872967],[101.3391219,6.8729439],[101.3389907,6.8729445],[101.3391869,6.8730955],[101.3391863,6.8729777]]]},{"type":"Polygon","coordinates":[[[101.3405438,6.8731679],[101.3405427,6.8729369],[101.340281,6.8729382],[101.3402978,6.8729673],[101.3402716,6.8729849],[101.3402727,6.8731964],[101.3402988,6.8732093],[101.3404564,6.8732085],[101.3405438,6.8731679]]]},{"type":"Polygon","coordinates":[[[101.3393407,6.873214],[101.3397316,6.8735148],[101.3397301,6.8732121],[101.3393407,6.873214]]]},{"type":"MultiPolygon","coordinates":[[[[101.3402727,6.8731964],[101.3402716,6.8729849],[101.3402441,6.8730034],[101.3402142,6.8730035],[101.3400764,6.8729624],[101.3399148,6.8729512],[101.3398633,6.8729403],[101.339714,6.872941],[101.3396937,6.8729822],[101.3396403,6.8730901],[101.3395868,6.8731561],[101.339545,6.8731682],[101.3394791,6.8731447],[101.3394609,6.8730909],[101.3394906,6.8730609],[101.3395741,6.8730067],[101.3396117,6.8729415],[101.339342,6.8729428],[101.3393406,6.872954],[101.3392869,6.8729842],[101.3392211,6.8729845],[101.3391863,6.8729777],[101.3391869,6.8730955],[101.3393407,6.873214],[101.3397301,6.8732121],[101.3397316,6.8735148],[101.3397752,6.8735484],[101.3397972,6.8733583],[101.3397965,6.8732268],[101.3398081,6.8731371],[101.3398438,6.873101],[101.3399693,6.8730825],[101.3401069,6.8730878],[101.340221,6.8731709],[101.3402727,6.8731964]]],[[[101.3404564,6.8732085],[101.3402988,6.8732093],[101.340329,6.8732242],[101.3404366,6.8732177],[101.3404564,6.8732085]]],[[[101.3399989,6.8726977],[101.3399998,6.8728735],[101.3400461,6.8728848],[101.3401598,6.8728842],[101.3402737,6.8729255],[101.340281,6.8729382],[101.3405427,6.8729369],[101.3405438,6.8731679],[101.3405799,6.8731512],[101.3406515,6.873115],[101.3406871,6.873055],[101.3406868,6.8730072],[101.3406447,6.8729536],[101.3405727,6.8729121],[101.3405362,6.8727867],[101.3404999,6.8727032],[101.3404278,6.8726378],[101.3402361,6.8725849],[101.3401584,6.8726092],[101.3399989,6.8726977]]],[[[101.3391856,6.8728393],[101.3391848,6.8726724],[101.3392298,6.8726722],[101.3392254,6.8726437],[101.3391771,6.8725483],[101.3391053,6.8725546],[101.3390517,6.8726027],[101.3390162,6.8726925],[101.3389984,6.8727225],[101.3389136,6.8727004],[101.3389145,6.8728859],[101.3389907,6.8729445],[101.3391219,6.8729439],[101.3391191,6.8729372],[101.339119,6.8729132],[101.3391427,6.8728653],[101.3391856,6.8728393]]],[[[101.3385839,6.8722722],[101.3383693,6.8723598],[101.3383695,6.8724052],[101.3386409,6.8724039],[101.3386422,6.8726751],[101.338868,6.872674],[101.3388606,6.8726694],[101.3387586,6.8726101],[101.3387465,6.8725803],[101.3387702,6.8725323],[101.3388716,6.872472],[101.3389253,6.8724359],[101.3389909,6.8723937],[101.3390267,6.8723816],[101.3390684,6.8723395],[101.3390504,6.8723277],[101.3389425,6.8722983],[101.3388649,6.8723286],[101.3387755,6.8723948],[101.3387037,6.8724011],[101.3386437,6.8723595],[101.3385839,6.8722722]]]]},{"type":"Polygon","coordinates":[[[101.3421711,6.8730337],[101.3421646,6.8730418],[101.342153,6.8731196],[101.3421716,6.8731399],[101.3421711,6.8730337]]]},{"type":"Polygon","coordinates":[[[101.3429787,6.872925],[101.3427132,6.8729263],[101.3427144,6.8731772],[101.3429787,6.872925]]]},{"type":"Polygon","coordinates":[[[101.3427144,6.8731772],[101.3427132,6.8729263],[101.3429787,6.872925],[101.3430011,6.8729037],[101.3429116,6.8728887],[101.3426484,6.872896],[101.3425112,6.8729744],[101.3424635,6.8729985],[101.3423078,6.8729694],[101.3422122,6.8729818],[101.3421711,6.8730337],[101.3421716,6.8731399],[101.3422132,6.8731851],[101.3424048,6.87322],[101.3426063,6.8732804],[101.3427144,6.8731772]]]},{"type":"Polygon","coordinates":[[[101.3416269,6.8727208],[101.3416266,6.8726605],[101.3417977,6.8726596],[101.3419292,6.8726125],[101.3422104,6.8726112],[101.3424438,6.8726459],[101.3426053,6.8726451],[101.3427116,6.8725914],[101.3427105,6.872384],[101.3429819,6.8723827],[101.3429824,6.8724876],[101.3431248,6.8724512],[101.3433201,6.8724315],[101.3432562,6.8723814],[101.3432532,6.8723814],[101.3432532,6.872379],[101.3429125,6.8721119],[101.3427092,6.8721129],[101.3427091,6.8720822],[101.3427043,6.8720826],[101.3422015,6.8720193],[101.3421662,6.8720288],[101.3421666,6.8721155],[101.3420323,6.8721162],[101.3420169,6.8722055],[101.3420111,6.8722355],[101.3419692,6.8722357],[101.3419032,6.8721941],[101.3418134,6.8721826],[101.3417118,6.8721951],[101.3416246,6.8722511],[101.3416253,6.8723893],[101.341429,6.8723903],[101.3413422,6.8724659],[101.3412945,6.8724961],[101.3412586,6.8724962],[101.3412404,6.8724425],[101.3412401,6.8723708],[101.3412515,6.8722691],[101.3412693,6.8722331],[101.3413531,6.8722179],[101.3413525,6.8720876],[101.3412625,6.8720717],[101.3411248,6.8720545],[101.3410709,6.8720368],[101.3410036,6.8719974],[101.3408098,6.8720673],[101.34081,6.8721222],[101.3406555,6.8721229],[101.3405389,6.872165],[101.3405391,6.87221],[101.3406656,6.8723437],[101.3407081,6.8723938],[101.3408114,6.8723933],[101.340812,6.8725163],[101.340937,6.8726639],[101.341084,6.8726631],[101.3410845,6.872762],[101.3411824,6.8728075],[101.3414097,6.8728124],[101.3416246,6.8727216],[101.3416269,6.8727208]]]},{"type":"Polygon","coordinates":[[[101.3429125,6.8721119],[101.3428592,6.8720701],[101.3427091,6.8720822],[101.3427092,6.8721129],[101.3429125,6.8721119]]]},{"type":"MultiPolygon","coordinates":[[[[101.3416246,6.8722511],[101.3415806,6.8722794],[101.3414733,6.8723517],[101.341429,6.8723903],[101.3416253,6.8723893],[101.3416246,6.8722511]]],[[[101.3413525,6.8720876],[101.3413531,6.8722179],[101.3413709,6.8722147],[101.3414128,6.8722145],[101.3414425,6.8721725],[101.3414423,6.8721426],[101.3413942,6.872095],[101.3413525,6.8720876]]],[[[101.3421662,6.8720288],[101.342088,6.8720498],[101.3420344,6.8721038],[101.3420323,6.8721162],[101.3421666,6.8721155],[101.3421662,6.8720288]]]]},{"type":"MultiPolygon","coordinates":[[[[101.3417977,6.8726596],[101.3416266,6.8726605],[101.3416269,6.8727208],[101.3417977,6.8726596]]],[[[101.3429824,6.8724876],[101.3429819,6.8723827],[101.3427105,6.872384],[101.3427116,6.8725914],[101.3427605,6.8725666],[101.3428859,6.8725122],[101.3429824,6.8724876]]]]},{"type":"MultiPolygon","coordinates":[[[[101.340937,6.8726639],[101.3409785,6.8727128],[101.3410845,6.872762],[101.341084,6.8726631],[101.340937,6.8726639]]],[[[101.3407081,6.8723938],[101.340812,6.8725163],[101.3408114,6.8723933],[101.3407081,6.8723938]]],[[[101.3405389,6.872165],[101.3405074,6.8721764],[101.3405391,6.87221],[101.3405389,6.872165]]]]},{"type":"Polygon","coordinates":[[[101.3433009,6.8726175],[101.3431674,6.8725826],[101.3430445,6.8726535],[101.3432643,6.8726525],[101.3433009,6.8726175]]]},{"type":"Polygon","coordinates":[[[101.3432643,6.8726525],[101.3430445,6.8726535],[101.3430421,6.8726549],[101.3430783,6.8727205],[101.3431464,6.8727649],[101.3432643,6.8726525]]]},{"type":"Polygon","coordinates":[[[101.3394546,6.8723659],[101.3393096,6.8723012],[101.339278,6.8723983],[101.3392796,6.8724008],[101.3394548,6.8723999],[101.3394546,6.8723659]]]},{"type":"Polygon","coordinates":[[[101.3402681,6.8722627],[101.3399972,6.8723604],[101.3399974,6.8723973],[101.3402687,6.872396],[101.3402681,6.8722627]]]},{"type":"Polygon","coordinates":[[[101.3402757,6.8722599],[101.3402681,6.8722627],[101.3402687,6.872396],[101.3399974,6.8723973],[101.3398935,6.8723978],[101.3396903,6.8724711],[101.33953,6.8723996],[101.3394548,6.8723999],[101.3392796,6.8724008],[101.3393082,6.872446],[101.339392,6.8724695],[101.3395956,6.8724984],[101.339847,6.872527],[101.3400381,6.8724723],[101.3402593,6.8724473],[101.3403132,6.872447],[101.3403849,6.8724288],[101.3404146,6.8723868],[101.3403544,6.8723093],[101.3402757,6.8722599]]]},{"type":"Polygon","coordinates":[[[101.3391156,6.8722147],[101.3389289,6.8721313],[101.3388394,6.8721679],[101.3389781,6.8722383],[101.3391156,6.8722147]]]},{"type":"Polygon","coordinates":[[[101.3413151,6.8719127],[101.3411889,6.8719305],[101.3410947,6.8719645],[101.3411844,6.8720063],[101.3412262,6.8719882],[101.3413151,6.8719127]]]},{"type":"Polygon","coordinates":[[[101.3427085,6.8719604],[101.3427084,6.8719519],[101.3425688,6.8718424],[101.3421653,6.8718444],[101.3421657,6.8719243],[101.342231,6.8719355],[101.3423268,6.8719529],[101.3423927,6.8719765],[101.3424405,6.8719643],[101.3425421,6.8719399],[101.3427085,6.8719604]]]},{"type":"Polygon","coordinates":[[[101.3427084,6.8719519],[101.3427085,6.8719604],[101.3427214,6.871962],[101.3427084,6.8719519]]]},{"type":"Polygon","coordinates":[[[101.3421653,6.8718444],[101.3420067,6.8718451],[101.3421292,6.871918],[101.3421657,6.8719243],[101.3421653,6.8718444]]]}]}},{"type":"Feature","id":"93-VSD","properties":{"sequence":15,"plotId":"93-VSD","villageNumber":1,"village":"ท่ากำชำ","subdistrict":"ท่ากำชำ","district":"หนองจิก","province":"ปัตตานี","landCondition":"แปลงปลูกเสริมและปรับปรุงสภาพป่าชายเลน","allocatedAreaRai":82.63,"waterAreaRai":0.0,"officialParticipatingAreaRai":82.63,"geometryAreaRai":82.63,"areaDifferenceRai":-0.0,"waterGeometryAreaRai":0.0,"fcdAreaRaiByClass":{"0":0.35,"2":10.56,"3":71.72},"sourceCrs":"EPSG:32647","sourceFile":"Company-data/T-VER  Standard กลุ่ม 2  สยามทีซี&วิสุทธิ  ขึ้นทะเบียน/Shape/Shp-แปลงปลูกเสริม+น้ำ+FCD/แปลงปลูกเสริม_All_รวมน้ำ_V3_Uni.shp","sourceFeatureCount":7,"excludedWaterClass":"W"},"geometry":{"type":"GeometryCollection","geometries":[{"type":"MultiPolygon","coordinates":[[[[101.0664071,6.8354158],[101.0657803,6.8353127],[101.0657807,6.8354185],[101.0664071,6.8354158]]],[[[101.0648005,6.8351515],[101.0644226,6.8350893],[101.0644228,6.8351531],[101.0648005,6.8351515]]]]},{"type":"Polygon","coordinates":[[[101.0657894,6.8374362],[101.0657889,6.8373169],[101.0658794,6.8373165],[101.0660592,6.8370776],[101.0660591,6.8370446],[101.0660842,6.8370445],[101.066329,6.8367191],[101.0663281,6.836501],[101.0664937,6.8365003],[101.0665988,6.8363606],[101.0665971,6.8359574],[101.0668684,6.8359563],[101.0668673,6.8356851],[101.0663246,6.8356874],[101.0663257,6.8359586],[101.0660544,6.8359598],[101.0660556,6.836231],[101.0657842,6.8362321],[101.0657831,6.8359609],[101.0655117,6.8359621],[101.0655105,6.8356909],[101.0652392,6.835692],[101.065238,6.8354208],[101.064424,6.8354243],[101.0644228,6.8351531],[101.0633375,6.8351578],[101.0633386,6.835429],[101.063144,6.8354298],[101.0628008,6.8365579],[101.0628018,6.8367873],[101.0627309,6.8367876],[101.0627116,6.836851],[101.0625322,6.8372055],[101.0625328,6.8373309],[101.0624686,6.8373312],[101.0620927,6.8380741],[101.0636149,6.8386823],[101.0654008,6.8375084],[101.0656815,6.8375796],[101.0657894,6.8374362]]]},{"type":"Polygon","coordinates":[[[101.0664071,6.8354158],[101.0657807,6.8354185],[101.0657803,6.8353127],[101.0648005,6.8351515],[101.0644228,6.8351531],[101.064424,6.8354243],[101.065238,6.8354208],[101.0652392,6.835692],[101.0655105,6.8356909],[101.0655117,6.8359621],[101.0657831,6.8359609],[101.0657842,6.8362321],[101.0660556,6.836231],[101.0660544,6.8359598],[101.0663257,6.8359586],[101.0663246,6.8356874],[101.0668673,6.8356851],[101.0668684,6.8359563],[101.0665971,6.8359574],[101.0665988,6.8363606],[101.0672104,6.835548],[101.0664071,6.8354158]]]},{"type":"Polygon","coordinates":[[[101.0664937,6.8365003],[101.0663281,6.836501],[101.066329,6.8367191],[101.0664937,6.8365003]]]},{"type":"Polygon","coordinates":[[[101.0660842,6.8370445],[101.0660591,6.8370446],[101.0660592,6.8370776],[101.0660842,6.8370445]]]},{"type":"Polygon","coordinates":[[[101.0658794,6.8373165],[101.0657889,6.8373169],[101.0657894,6.8374362],[101.0658794,6.8373165]]]},{"type":"MultiPolygon","coordinates":[[[[101.0625322,6.8372055],[101.0624686,6.8373312],[101.0625328,6.8373309],[101.0625322,6.8372055]]],[[[101.0628008,6.8365579],[101.0627309,6.8367876],[101.0628018,6.8367873],[101.0628008,6.8365579]]],[[[101.0644228,6.8351531],[101.0644226,6.8350893],[101.0639972,6.8350194],[101.0632735,6.8350044],[101.063144,6.8354298],[101.0633386,6.835429],[101.0633375,6.8351578],[101.0644228,6.8351531]]]]}]}},{"type":"Feature","id":"94-VSD","properties":{"sequence":16,"plotId":"94-VSD","villageNumber":3,"village":"ท่ายามู","subdistrict":"ท่ากำชำ","district":"หนองจิก","province":"ปัตตานี","landCondition":"แปลงปลูกเสริมและปรับปรุงสภาพป่าชายเลน","allocatedAreaRai":140.87,"waterAreaRai":0.0,"officialParticipatingAreaRai":140.87,"geometryAreaRai":140.87,"areaDifferenceRai":0.0,"waterGeometryAreaRai":0.0,"fcdAreaRaiByClass":{"0":0.64,"2":22.24,"3":118.0},"sourceCrs":"EPSG:32647","sourceFile":"Company-data/T-VER  Standard กลุ่ม 2  สยามทีซี&วิสุทธิ  ขึ้นทะเบียน/Shape/Shp-แปลงปลูกเสริม+น้ำ+FCD/แปลงปลูกเสริม_All_รวมน้ำ_V3_Uni.shp","sourceFeatureCount":7,"excludedWaterClass":"W"},"geometry":{"type":"GeometryCollection","geometries":[{"type":"MultiPolygon","coordinates":[[[[101.0565547,6.8353807],[101.0562907,6.8354591],[101.0565551,6.835458],[101.0565547,6.8353807]]],[[[101.058182,6.8351798],[101.0581816,6.8351028],[101.0580098,6.8351173],[101.0575247,6.8351827],[101.058182,6.8351798]]],[[[101.0596939,6.8349022],[101.0606128,6.8348982],[101.0599351,6.8348017],[101.0596939,6.8349022]]]]},{"type":"MultiPolygon","coordinates":[[[[101.0624686,6.8373312],[101.0622614,6.8373321],[101.0622626,6.8376033],[101.0619912,6.8376044],[101.0619924,6.8378756],[101.0614576,6.8378779],[101.0620927,6.8380741],[101.0624686,6.8373312]]],[[[101.0627309,6.8367876],[101.0622591,6.8367897],[101.0622603,6.8370609],[101.0625316,6.8370597],[101.0625322,6.8372055],[101.0627116,6.836851],[101.0627309,6.8367876]]],[[[101.063144,6.8354298],[101.062796,6.8354313],[101.0627948,6.8351601],[101.0625235,6.8351613],[101.0625246,6.8354325],[101.0622533,6.8354336],[101.0622579,6.8365185],[101.0628006,6.8365161],[101.0628008,6.8365579],[101.063144,6.8354298]]]]},{"type":"Polygon","coordinates":[[[101.0584529,6.8350799],[101.0581816,6.8351028],[101.058182,6.8351798],[101.0584533,6.8351787],[101.0584529,6.8350799]]]},{"type":"Polygon","coordinates":[[[101.0543845,6.8355178],[101.0536247,6.8355067],[101.053666,6.836284],[101.0538451,6.8362832],[101.0538439,6.836012],[101.0543866,6.8360097],[101.0543845,6.8355178]]]},{"type":"Polygon","coordinates":[[[101.054389,6.8365521],[101.0541176,6.8365533],[101.0541188,6.8368245],[101.0543901,6.8368233],[101.054389,6.8365521]]]},{"type":"Polygon","coordinates":[[[101.0624686,6.8373312],[101.0625322,6.8372055],[101.0625316,6.8370597],[101.0622603,6.8370609],[101.0622591,6.8367897],[101.0627309,6.8367876],[101.0628008,6.8365579],[101.0628006,6.8365161],[101.0622579,6.8365185],[101.0622533,6.8354336],[101.0625246,6.8354325],[101.0625235,6.8351613],[101.0627948,6.8351601],[101.062796,6.8354313],[101.063144,6.8354298],[101.0632735,6.8350044],[101.061537,6.8350299],[101.0611659,6.834977],[101.0611667,6.8351671],[101.0617094,6.8351648],[101.0617141,6.8362496],[101.0614427,6.8362507],[101.0614439,6.8365219],[101.0617152,6.8365208],[101.0617176,6.8370632],[101.0614462,6.8370643],[101.0614497,6.8378755],[101.0614576,6.8378779],[101.0619924,6.8378756],[101.0619912,6.8376044],[101.0622626,6.8376033],[101.0622614,6.8373321],[101.0624686,6.8373312]]]},{"type":"Polygon","coordinates":[[[101.0611659,6.834977],[101.0606128,6.8348982],[101.0596939,6.8349022],[101.0594746,6.8349935],[101.0584529,6.8350799],[101.0584533,6.8351787],[101.058182,6.8351798],[101.0575247,6.8351827],[101.0569703,6.8352573],[101.0565547,6.8353807],[101.0565551,6.835458],[101.0562907,6.8354591],[101.0560127,6.8355417],[101.0543845,6.8355178],[101.0543866,6.8360097],[101.0538439,6.836012],[101.0538451,6.8362832],[101.053666,6.836284],[101.0536837,6.8366184],[101.054128,6.8368606],[101.0547254,6.8369665],[101.0552689,6.837154],[101.0559289,6.8370879],[101.0564068,6.8367514],[101.0577178,6.8366102],[101.0594215,6.8373713],[101.0597832,6.8373608],[101.0614497,6.8378755],[101.0614462,6.8370643],[101.0617176,6.8370632],[101.0617152,6.8365208],[101.0614439,6.8365219],[101.0614427,6.8362507],[101.0617141,6.8362496],[101.0617094,6.8351648],[101.0611667,6.8351671],[101.0611659,6.834977]],[[101.054389,6.8365521],[101.0543901,6.8368233],[101.0541188,6.8368245],[101.0541176,6.8365533],[101.054389,6.8365521]]]}]}},{"type":"Feature","id":"95-VSD","properties":{"sequence":17,"plotId":"95-VSD","villageNumber":3,"village":"ป่าหลวง","subdistrict":"ยามู","district":"ยะหริ่ง","province":"ปัตตานี","landCondition":"แปลงปลูกเสริมและปรับปรุงสภาพป่าชายเลน","allocatedAreaRai":200.38,"waterAreaRai":0.0,"officialParticipatingAreaRai":200.38,"geometryAreaRai":200.38,"areaDifferenceRai":0.0,"waterGeometryAreaRai":0.0,"fcdAreaRaiByClass":{"0":0.99,"1":2.45,"2":13.96,"3":182.99},"sourceCrs":"EPSG:32647","sourceFile":"Company-data/T-VER  Standard กลุ่ม 2  สยามทีซี&วิสุทธิ  ขึ้นทะเบียน/Shape/Shp-แปลงปลูกเสริม+น้ำ+FCD/แปลงปลูกเสริม_All_รวมน้ำ_V3_Uni.shp","sourceFeatureCount":29,"excludedWaterClass":"W"},"geometry":{"type":"GeometryCollection","geometries":[{"type":"MultiPolygon","coordinates":[[[[101.3815225,6.8751752],[101.3814666,6.8751755],[101.3815051,6.8753109],[101.3815233,6.8753319],[101.3815225,6.8751752]]],[[[101.3812471,6.8743631],[101.3812361,6.8743632],[101.3812473,6.8744027],[101.3812471,6.8743631]]],[[[101.3882979,6.8737057],[101.3880266,6.8736948],[101.388027,6.8737871],[101.3882983,6.8737857],[101.3882979,6.8737057]]],[[[101.3888395,6.8734877],[101.3887994,6.8735121],[101.3888396,6.8735119],[101.3888395,6.8734877]]],[[[101.3843096,6.8732633],[101.3842252,6.8730942],[101.3842261,6.8732637],[101.3843096,6.8732633]]],[[[101.3901919,6.872665],[101.3901477,6.8726919],[101.390192,6.8726917],[101.3901919,6.872665]]],[[[101.3840397,6.8727223],[101.3839512,6.872545],[101.3839521,6.8727228],[101.3840397,6.8727223]]],[[[101.3915457,6.8721126],[101.3915458,6.8721426],[101.3915717,6.8721425],[101.3915457,6.8721126]]],[[[101.3837697,6.8721814],[101.3836771,6.8719959],[101.3836781,6.8721818],[101.3837697,6.8721814]]],[[[101.3844834,6.8704589],[101.3844837,6.8705226],[101.3845107,6.8704875],[101.3844834,6.8704589]]],[[[101.3843132,6.8702806],[101.3842107,6.8701732],[101.3842112,6.8702811],[101.3843132,6.8702806]]],[[[101.3840556,6.8700108],[101.3839379,6.8698875],[101.3839385,6.8700113],[101.3840556,6.8700108]]],[[[101.383798,6.8697409],[101.3836652,6.8696017],[101.3836659,6.8697415],[101.383798,6.8697409]]],[[[101.3833923,6.8692819],[101.3833932,6.8694717],[101.3835404,6.869471],[101.3834288,6.8693541],[101.3833923,6.8692819]]],[[[101.3829128,6.8689318],[101.3828478,6.8689034],[101.3828479,6.8689322],[101.3829128,6.8689318]]],[[[101.3822998,6.8686637],[101.3820955,6.8685744],[101.3820319,6.8685183],[101.3820327,6.8686651],[101.3822998,6.8686637]]],[[[101.3814874,6.8681255],[101.3814392,6.8681257],[101.3814897,6.8685874],[101.3814874,6.8681255]]],[[[101.3818918,6.8683946],[101.3817594,6.8682778],[101.38176,6.8683953],[101.3818918,6.8683946]]],[[[101.3815863,6.868125],[101.3814869,6.8680373],[101.3814874,6.8681255],[101.3815863,6.868125]]]]},{"type":"Polygon","coordinates":[[[101.3814874,6.8681255],[101.3814869,6.8680373],[101.3814233,6.8679812],[101.3814392,6.8681257],[101.3814874,6.8681255]]]},{"type":"Polygon","coordinates":[[[101.3820319,6.8685183],[101.3818918,6.8683946],[101.38176,6.8683953],[101.3817614,6.8686664],[101.3820327,6.8686651],[101.3820319,6.8685183]]]},{"type":"Polygon","coordinates":[[[101.3820367,6.8694785],[101.3820354,6.8692074],[101.3817641,6.8692087],[101.3817654,6.8694798],[101.3820367,6.8694785]]]},{"type":"Polygon","coordinates":[[[101.3820367,6.8694785],[101.3820381,6.8697496],[101.3823094,6.8697483],[101.382308,6.8694771],[101.3820367,6.8694785]]]},{"type":"Polygon","coordinates":[[[101.3817681,6.8700221],[101.3817668,6.869751],[101.3816171,6.8697517],[101.3816981,6.8704925],[101.3816888,6.8705648],[101.3817708,6.8705644],[101.3817681,6.8700221]]]},{"type":"Polygon","coordinates":[[[101.3815065,6.8719777],[101.3814788,6.8721928],[101.3815076,6.8721926],[101.3815065,6.8719777]]]},{"type":"Polygon","coordinates":[[[101.389178,6.8740525],[101.3891136,6.8740528],[101.3891138,6.874097],[101.389178,6.8740525]]]},{"type":"Polygon","coordinates":[[[101.3812471,6.8743631],[101.3812453,6.8740029],[101.3812105,6.8742729],[101.3812361,6.8743632],[101.3812471,6.8743631]]]},{"type":"Polygon","coordinates":[[[101.388392,6.8745987],[101.3883024,6.8745991],[101.3883026,6.8746309],[101.3883658,6.8746169],[101.388392,6.8745987]]]},{"type":"Polygon","coordinates":[[[101.3821889,6.8759854],[101.3820898,6.8759859],[101.3821054,6.8760039],[101.3821889,6.8759854]]]},{"type":"Polygon","coordinates":[[[101.3821889,6.8759854],[101.3828823,6.8758317],[101.3828817,6.8757108],[101.383441,6.875708],[101.3842374,6.8755315],[101.3842369,6.8754329],[101.384693,6.8754306],[101.3858635,6.8751713],[101.3858634,6.8751536],[101.3859451,6.8751532],[101.3866765,6.8749912],[101.3866759,6.8748784],[101.3871972,6.8748758],[101.3883026,6.8746309],[101.3883024,6.8745991],[101.388392,6.8745987],[101.3885731,6.8744728],[101.3885723,6.8743266],[101.388785,6.8743256],[101.3888434,6.8742849],[101.3888423,6.8740542],[101.3891136,6.8740528],[101.389178,6.8740525],[101.3893842,6.8739091],[101.3893835,6.8737803],[101.389574,6.8737793],[101.389925,6.8735443],[101.3899248,6.8735064],[101.389982,6.8735062],[101.3907362,6.8730013],[101.390736,6.8729601],[101.3907982,6.8729598],[101.3915474,6.8724582],[101.3915472,6.8724137],[101.3916143,6.8724134],[101.3917367,6.8723315],[101.3915717,6.8721425],[101.3915458,6.8721426],[101.3915457,6.8721126],[101.3913911,6.8719355],[101.3901919,6.872665],[101.390192,6.8726917],[101.3901477,6.8726919],[101.3888395,6.8734877],[101.3888396,6.8735119],[101.3887994,6.8735121],[101.3884698,6.8737126],[101.3882979,6.8737057],[101.3882983,6.8737857],[101.388027,6.8737871],[101.3880266,6.8736948],[101.3844536,6.8735518],[101.3843096,6.8732633],[101.3842261,6.8732637],[101.3842252,6.8730942],[101.3840397,6.8727223],[101.3839521,6.8727228],[101.3839512,6.872545],[101.3837697,6.8721814],[101.3836781,6.8721818],[101.3836771,6.8719959],[101.3835492,6.8717396],[101.3844837,6.8705226],[101.3844834,6.8704589],[101.3843132,6.8702806],[101.3842112,6.8702811],[101.3842107,6.8701732],[101.3840556,6.8700108],[101.3839385,6.8700113],[101.3839379,6.8698875],[101.383798,6.8697409],[101.3836659,6.8697415],[101.3836652,6.8696017],[101.3835404,6.869471],[101.3833932,6.8694717],[101.3833923,6.8692819],[101.3833512,6.8692008],[101.3831206,6.869202],[101.3831197,6.8690223],[101.3829128,6.8689318],[101.3828479,6.8689322],[101.3828506,6.8694744],[101.3825793,6.8694758],[101.3825807,6.8697469],[101.3823094,6.8697483],[101.3823107,6.8700194],[101.3817681,6.8700221],[101.3817708,6.8705644],[101.3817749,6.8713779],[101.3815838,6.8713788],[101.3815065,6.8719777],[101.3815076,6.8721926],[101.3815117,6.8730061],[101.3813738,6.8730068],[101.3812453,6.8740029],[101.3812471,6.8743631],[101.3812473,6.8744027],[101.3813898,6.8749047],[101.3815211,6.8749041],[101.3815225,6.8751752],[101.3815233,6.8753319],[101.381622,6.8754459],[101.3817951,6.875445],[101.3817961,6.8756469],[101.3818559,6.8757159],[101.3820678,6.8757148],[101.382069,6.8759619],[101.3820898,6.8759859],[101.3821889,6.8759854]]]},{"type":"Polygon","coordinates":[[[101.3831197,6.8690223],[101.3831206,6.869202],[101.3833512,6.8692008],[101.383301,6.8691016],[101.3831197,6.8690223]]]},{"type":"Polygon","coordinates":[[[101.3823094,6.8697483],[101.3820381,6.8697496],[101.3820367,6.8694785],[101.3817654,6.8694798],[101.3817641,6.8692087],[101.3820354,6.8692074],[101.3820367,6.8694785],[101.382308,6.8694771],[101.3823094,6.8697483],[101.3825807,6.8697469],[101.3825793,6.8694758],[101.3828506,6.8694744],[101.3828479,6.8689322],[101.3828478,6.8689034],[101.3822998,6.8686637],[101.3820327,6.8686651],[101.3817614,6.8686664],[101.38176,6.8683953],[101.3817594,6.8682778],[101.3815863,6.868125],[101.3814874,6.8681255],[101.3814897,6.8685874],[101.3816171,6.8697517],[101.3817668,6.869751],[101.3817681,6.8700221],[101.3823107,6.8700194],[101.3823094,6.8697483]]]},{"type":"Polygon","coordinates":[[[101.3817708,6.8705644],[101.3816888,6.8705648],[101.3815838,6.8713788],[101.3817749,6.8713779],[101.3817708,6.8705644]]]},{"type":"Polygon","coordinates":[[[101.3916143,6.8724134],[101.3915472,6.8724137],[101.3915474,6.8724582],[101.3916143,6.8724134]]]},{"type":"Polygon","coordinates":[[[101.3815076,6.8721926],[101.3814788,6.8721928],[101.3813738,6.8730068],[101.3815117,6.8730061],[101.3815076,6.8721926]]]},{"type":"Polygon","coordinates":[[[101.3907982,6.8729598],[101.390736,6.8729601],[101.3907362,6.8730013],[101.3907982,6.8729598]]]},{"type":"Polygon","coordinates":[[[101.389982,6.8735062],[101.3899248,6.8735064],[101.389925,6.8735443],[101.389982,6.8735062]]]},{"type":"Polygon","coordinates":[[[101.389574,6.8737793],[101.3893835,6.8737803],[101.3893842,6.8739091],[101.3894923,6.873834],[101.389574,6.8737793]]]},{"type":"Polygon","coordinates":[[[101.3891138,6.874097],[101.3891136,6.8740528],[101.3888423,6.8740542],[101.3888434,6.8742849],[101.3891138,6.874097]]]},{"type":"Polygon","coordinates":[[[101.388785,6.8743256],[101.3885723,6.8743266],[101.3885731,6.8744728],[101.388785,6.8743256]]]},{"type":"Polygon","coordinates":[[[101.3871972,6.8748758],[101.3866759,6.8748784],[101.3866765,6.8749912],[101.3871972,6.8748758]]]},{"type":"Polygon","coordinates":[[[101.3813898,6.8749047],[101.3814666,6.8751755],[101.3815225,6.8751752],[101.3815211,6.8749041],[101.3813898,6.8749047]]]},{"type":"Polygon","coordinates":[[[101.3859451,6.8751532],[101.3858634,6.8751536],[101.3858635,6.8751713],[101.3859451,6.8751532]]]},{"type":"Polygon","coordinates":[[[101.384693,6.8754306],[101.3842369,6.8754329],[101.3842374,6.8755315],[101.384693,6.8754306]]]},{"type":"Polygon","coordinates":[[[101.381622,6.8754459],[101.3817961,6.8756469],[101.3817951,6.875445],[101.381622,6.8754459]]]},{"type":"Polygon","coordinates":[[[101.383441,6.875708],[101.3828817,6.8757108],[101.3828823,6.8758317],[101.383441,6.875708]]]},{"type":"Polygon","coordinates":[[[101.3818559,6.8757159],[101.382069,6.8759619],[101.3820678,6.8757148],[101.3818559,6.8757159]]]}]}},{"type":"Feature","id":"97-VSD","properties":{"sequence":18,"plotId":"97-VSD","villageNumber":4,"village":"ท่าประดู่","subdistrict":"ห้วยน้ำขาว","district":"คลองท่อม","province":"กระบี่","landCondition":"แปลงปลูกเสริมและปรับปรุงสภาพป่าชายเลน","allocatedAreaRai":185.58,"waterAreaRai":0.94,"officialParticipatingAreaRai":184.64000000000001,"geometryAreaRai":184.64,"areaDifferenceRai":0.0,"waterGeometryAreaRai":0.94,"fcdAreaRaiByClass":{"0":1.9,"1":6.29,"2":22.43,"3":154.02},"sourceCrs":"EPSG:32647","sourceFile":"Company-data/T-VER  Standard กลุ่ม 2  สยามทีซี&วิสุทธิ  ขึ้นทะเบียน/Shape/Shp-แปลงปลูกเสริม+น้ำ+FCD/แปลงปลูกเสริม_All_รวมน้ำ_V3_Uni.shp","sourceFeatureCount":5,"excludedWaterClass":"W"},"geometry":{"type":"GeometryCollection","geometries":[{"type":"MultiPolygon","coordinates":[[[[99.0965768,7.9104119],[99.096411,7.9104119],[99.0965768,7.910575],[99.0965768,7.9104119]]],[[[99.1001151,7.9103915],[99.100115,7.9101397],[99.1000159,7.9101397],[99.1000788,7.910411],[99.1001151,7.9103915]]],[[[99.0963046,7.9101406],[99.0961351,7.9101406],[99.0963046,7.9103073],[99.0963046,7.9101406]]],[[[99.0960323,7.9098693],[99.0959078,7.9098693],[99.0959144,7.9099236],[99.0960324,7.9100396],[99.0960323,7.9098693]]],[[[99.0946883,7.9041166],[99.0973287,7.9057894],[99.0985437,7.9070349],[99.0986001,7.9070928],[99.1001782,7.9087104],[99.0973302,7.9057879],[99.0946883,7.9041166]]],[[[99.0957598,7.9085125],[99.0957596,7.9076984],[99.0956441,7.9076984],[99.0957417,7.9084944],[99.0957599,7.9086448],[99.0957598,7.9085125]]],[[[99.0953919,7.9063416],[99.0954872,7.9065738],[99.0954872,7.9063416],[99.0953919,7.9063416]]],[[[99.0946705,7.9057991],[99.0946235,7.9057991],[99.0946705,7.9058168],[99.0946705,7.9057991]]],[[[99.0941261,7.9055278],[99.0939055,7.9055279],[99.0939537,7.9055459],[99.0941261,7.9056111],[99.0941261,7.9055278]]],[[[99.0933095,7.9052566],[99.0931817,7.9052567],[99.0933096,7.9053046],[99.0933095,7.9052566]]],[[[99.0933089,7.9025429],[99.0933088,7.9020002],[99.0933087,7.9017288],[99.0933087,7.901289],[99.0932633,7.9012494],[99.0931915,7.902543],[99.0933089,7.9025429]]]]},{"type":"MultiPolygon","coordinates":[[[[99.096849,7.9105108],[99.096849,7.9104118],[99.0965768,7.9104119],[99.0965768,7.910575],[99.0966041,7.9106018],[99.096849,7.9105108]]],[[[99.0978462,7.9101402],[99.0976654,7.9101402],[99.0976654,7.9102073],[99.0978462,7.9101402]]],[[[99.100115,7.9101397],[99.1001149,7.9098683],[99.099953,7.9098683],[99.1000159,7.9101397],[99.100115,7.9101397]]],[[[99.0985772,7.9098687],[99.0979375,7.9098688],[99.0979376,7.9101062],[99.0985772,7.9098687]]],[[[99.0990262,7.9098021],[99.0990262,7.9095972],[99.098754,7.9095973],[99.0987541,7.909803],[99.0987722,7.9097962],[99.0990262,7.9098021]]],[[[99.0952148,7.9055276],[99.0941261,7.9055278],[99.0941261,7.9056111],[99.0946235,7.9057991],[99.0946705,7.9057991],[99.0952149,7.9057989],[99.0952148,7.9055276]]],[[[99.0938539,7.9052565],[99.0933095,7.9052566],[99.0933096,7.9053046],[99.0938539,7.9055085],[99.0938539,7.9052565]]],[[[99.0930373,7.9049853],[99.0930372,7.9047139],[99.0928699,7.904714],[99.0928838,7.9049854],[99.0930373,7.9049853]]],[[[99.093037,7.9036285],[99.0930369,7.9033571],[99.0927948,7.9033572],[99.0928259,7.9038999],[99.0930371,7.9038998],[99.093037,7.9036285]]],[[[99.0930369,7.9030857],[99.0930369,7.9029724],[99.0928739,7.9030858],[99.0930369,7.9030857]]],[[[99.093309,7.9028143],[99.0933089,7.9025429],[99.0931915,7.902543],[99.0931764,7.9028143],[99.093309,7.9028143]]],[[[99.093581,7.9020002],[99.0935809,7.9017288],[99.0933087,7.9017288],[99.0933088,7.9020002],[99.093581,7.9020002]]]]},{"type":"MultiPolygon","coordinates":[[[[99.0971154,7.9104117],[99.096849,7.9104118],[99.096849,7.9105108],[99.0971154,7.9104117]]],[[[99.0976654,7.9102073],[99.0976654,7.9101402],[99.0971211,7.9101404],[99.0971211,7.9104096],[99.0975294,7.9102579],[99.0976654,7.9102073]]],[[[99.1003872,7.9102451],[99.1003872,7.9101396],[99.100115,7.9101397],[99.1001151,7.9103915],[99.1003872,7.9102451]]],[[[99.0979376,7.9101062],[99.0979375,7.9098688],[99.0976654,7.9098689],[99.0976654,7.9101402],[99.0978462,7.9101402],[99.0979376,7.9101062]]],[[[99.0963046,7.9101406],[99.0963045,7.9098692],[99.0960323,7.9098693],[99.0960324,7.9100396],[99.0961351,7.9101406],[99.0963046,7.9101406]]],[[[99.1008254,7.9098681],[99.1006593,7.9098682],[99.1006593,7.9100987],[99.1008861,7.9099767],[99.1008254,7.9098681]]],[[[99.1001149,7.9098683],[99.1001149,7.9095969],[99.0990262,7.9095972],[99.0990262,7.9098021],[99.0999426,7.9098231],[99.099953,7.9098683],[99.1001149,7.9098683]]],[[[99.0957767,7.9087838],[99.0959078,7.9098693],[99.0960323,7.9098693],[99.0960321,7.9087838],[99.0957767,7.9087838]]],[[[99.0987541,7.909803],[99.098754,7.9095973],[99.0979375,7.9095974],[99.0979375,7.9098688],[99.0985772,7.9098687],[99.0987541,7.909803]]],[[[99.0952148,7.9055276],[99.0952149,7.9057989],[99.0946705,7.9057991],[99.0946705,7.9058168],[99.0952694,7.9060431],[99.0953919,7.9063416],[99.0954872,7.9063416],[99.0954872,7.9065738],[99.0955144,7.9066401],[99.0956441,7.9076984],[99.0957596,7.9076984],[99.0957598,7.9085125],[99.096032,7.9085124],[99.0960318,7.9074269],[99.0957596,7.907427],[99.0957593,7.9063415],[99.0960315,7.9063415],[99.0960314,7.9060701],[99.0954871,7.9060702],[99.095487,7.9055275],[99.0952148,7.9055276]]],[[[99.0941261,7.9055278],[99.0952148,7.9055276],[99.0952147,7.9052562],[99.0938539,7.9052565],[99.0938539,7.9055085],[99.0939055,7.9055279],[99.0941261,7.9055278]]],[[[99.0930373,7.9049853],[99.0928838,7.9049854],[99.0928922,7.9051482],[99.0930374,7.9052026],[99.0930373,7.9049853]]],[[[99.0930371,7.9038998],[99.0928259,7.9038999],[99.0928466,7.9042617],[99.0928699,7.904714],[99.0930372,7.9047139],[99.0930371,7.9038998]]],[[[99.093037,7.9036285],[99.0930371,7.9038998],[99.0933092,7.9038998],[99.0933092,7.9036284],[99.093037,7.9036285]]],[[[99.0930369,7.9030857],[99.0928739,7.9030858],[99.0927829,7.9031491],[99.0927948,7.9033572],[99.0930369,7.9033571],[99.0930369,7.9030857]]],[[[99.093309,7.9028143],[99.0931764,7.9028143],[99.0931729,7.9028777],[99.0930369,7.9029724],[99.0930369,7.9030857],[99.0933091,7.9030857],[99.093309,7.9028143]]],[[[99.093581,7.9020002],[99.0933088,7.9020002],[99.0933089,7.9025429],[99.0935811,7.9025429],[99.093581,7.9020002]]],[[[99.0935809,7.9015264],[99.0933087,7.901289],[99.0933087,7.9017288],[99.0935809,7.9017288],[99.0935809,7.9015264]]]]},{"type":"Polygon","coordinates":[[[99.0971154,7.9104117],[99.0971211,7.9104096],[99.0971211,7.9101404],[99.0976654,7.9101402],[99.0976654,7.9098689],[99.0979375,7.9098688],[99.0979375,7.9095974],[99.098754,7.9095973],[99.0990262,7.9095972],[99.1001149,7.9095969],[99.1001149,7.9098683],[99.100115,7.9101397],[99.1003872,7.9101396],[99.1003872,7.9102451],[99.1006593,7.9100987],[99.1006593,7.9098682],[99.1008254,7.9098681],[99.1001782,7.9087104],[99.0986001,7.9070928],[99.098497,7.9071562],[99.0984142,7.9072388],[99.0983782,7.9073142],[99.098371,7.9074039],[99.0983458,7.9074219],[99.0983062,7.9074147],[99.0982954,7.9073788],[99.0982738,7.9072711],[99.098227,7.9072424],[99.0981046,7.9071993],[99.0979677,7.9071025],[99.0978309,7.9069589],[99.0977516,7.9068727],[99.0975319,7.9066466],[99.0973735,7.9065641],[99.0973507,7.9065162],[99.0973657,7.9065102],[99.0974017,7.9065132],[99.0974977,7.9065671],[99.0976598,7.9067016],[99.0978038,7.9068123],[99.0979689,7.9069828],[99.0981249,7.9071174],[99.098209,7.9071533],[99.098314,7.9071891],[99.098359,7.9071891],[99.098401,7.9071562],[99.09844,7.9071083],[99.0985,7.9070575],[99.0985437,7.9070349],[99.0973287,7.9057894],[99.0946883,7.9041166],[99.0944974,7.9023256],[99.0935809,7.9015264],[99.0935809,7.9017288],[99.093581,7.9020002],[99.0935811,7.9025429],[99.0933089,7.9025429],[99.093309,7.9028143],[99.0933091,7.9030857],[99.0930369,7.9030857],[99.0930369,7.9033571],[99.093037,7.9036285],[99.0933092,7.9036284],[99.0933092,7.9038998],[99.0930371,7.9038998],[99.0930372,7.9047139],[99.0930373,7.9049853],[99.0930374,7.9052026],[99.0931817,7.9052567],[99.0933095,7.9052566],[99.0938539,7.9052565],[99.0952147,7.9052562],[99.0952148,7.9055276],[99.095487,7.9055275],[99.0954871,7.9060702],[99.0960314,7.9060701],[99.0960315,7.9063415],[99.0957593,7.9063415],[99.0957596,7.907427],[99.0960318,7.9074269],[99.096032,7.9085124],[99.0957598,7.9085125],[99.0957599,7.9086448],[99.0957767,7.9087838],[99.0960321,7.9087838],[99.0960323,7.9098693],[99.0963045,7.9098692],[99.0963046,7.9101406],[99.0963046,7.9103073],[99.096411,7.9104119],[99.0965768,7.9104119],[99.096849,7.9104118],[99.0971154,7.9104117]]]}]}},{"type":"Feature","id":"98-VSD","properties":{"sequence":19,"plotId":"98-VSD","villageNumber":4,"village":"ท่าประดู่","subdistrict":"ห้วยน้ำขาว","district":"คลองท่อม","province":"กระบี่","landCondition":"แปลงปลูกเสริมและปรับปรุงสภาพป่าชายเลน","allocatedAreaRai":153.33,"waterAreaRai":2.38,"officialParticipatingAreaRai":150.95000000000002,"geometryAreaRai":150.95,"areaDifferenceRai":-0.0,"waterGeometryAreaRai":2.38,"fcdAreaRaiByClass":{"0":0.57,"1":1.81,"2":25.67,"3":122.89},"sourceCrs":"EPSG:32647","sourceFile":"Company-data/T-VER  Standard กลุ่ม 2  สยามทีซี&วิสุทธิ  ขึ้นทะเบียน/Shape/Shp-แปลงปลูกเสริม+น้ำ+FCD/แปลงปลูกเสริม_All_รวมน้ำ_V3_Uni.shp","sourceFeatureCount":7,"excludedWaterClass":"W"},"geometry":{"type":"GeometryCollection","geometries":[{"type":"MultiPolygon","coordinates":[[[[99.1077472,7.9535565],[99.1076654,7.9535565],[99.107475,7.953402],[99.1074749,7.9532852],[99.1073311,7.9532852],[99.1072027,7.953181],[99.1072026,7.9530139],[99.1069968,7.9530139],[99.1069304,7.9529601],[99.1066625,7.9527427],[99.1066582,7.9527392],[99.1063859,7.9525182],[99.1063859,7.9524714],[99.1063282,7.9524714],[99.1061137,7.9522973],[99.1061136,7.9522001],[99.1059939,7.9522001],[99.1058414,7.9520764],[99.1058414,7.9519288],[99.1056596,7.9519288],[99.1055691,7.9518555],[99.1055147,7.9518113],[99.1055063,7.9518096],[99.1079106,7.9537554],[99.1077472,7.9536229],[99.1077472,7.9535565]]],[[[99.1091081,7.9530134],[99.1090582,7.9530134],[99.1091081,7.953031],[99.1091081,7.9530134]]],[[[99.1050247,7.9516576],[99.1049693,7.9516576],[99.1050247,7.9516812],[99.1050247,7.9516576]]],[[[99.1023025,7.9511156],[99.1021631,7.9511156],[99.1021755,7.9511246],[99.1023025,7.9511507],[99.1023025,7.9511156]]],[[[99.101758,7.950473],[99.1016673,7.9507539],[99.1017581,7.9508201],[99.101758,7.950473]]]]},{"type":"MultiPolygon","coordinates":[[[[99.1069304,7.9527426],[99.1066625,7.9527427],[99.1069304,7.9529601],[99.1069304,7.9527426]]],[[[99.1066581,7.9524713],[99.1063859,7.9524714],[99.1063859,7.9525182],[99.1066582,7.9527392],[99.1066581,7.9524713]]],[[[99.1052969,7.9516576],[99.1050247,7.9516576],[99.1050247,7.9516812],[99.1051481,7.9517338],[99.1052969,7.9517643],[99.1052969,7.9516576]]],[[[99.1047524,7.9513863],[99.1044802,7.9513864],[99.1042998,7.9513864],[99.104378,7.9514059],[99.1047525,7.9515653],[99.1047524,7.9513863]]],[[[99.1033913,7.9511153],[99.1023025,7.9511156],[99.1023025,7.9511507],[99.1025168,7.9511946],[99.1032137,7.9512028],[99.1033914,7.9512228],[99.1033913,7.9511153]]],[[[99.1020303,7.9508443],[99.1017913,7.9508443],[99.1020303,7.9510187],[99.1020303,7.9508443]]]]},{"type":"MultiPolygon","coordinates":[[[[99.1080194,7.9536576],[99.1080194,7.9535564],[99.1077472,7.9535565],[99.1077472,7.9536229],[99.1079106,7.9537554],[99.1080194,7.9536576]]],[[[99.1081321,7.9535564],[99.1085637,7.9531685],[99.1085637,7.9530135],[99.1080193,7.9530137],[99.1080194,7.9535564],[99.1081321,7.9535564]]],[[[99.1077472,7.9535565],[99.1077471,7.9532851],[99.1074749,7.9532852],[99.107475,7.953402],[99.1076654,7.9535565],[99.1077472,7.9535565]]],[[[99.1099007,7.9527418],[99.1096524,7.9527419],[99.1096525,7.9530133],[99.1091081,7.9530134],[99.1091081,7.953031],[99.1095981,7.9532032],[99.1099007,7.9527418]]],[[[99.1072026,7.9530139],[99.1072026,7.9527425],[99.1069304,7.9527426],[99.1069304,7.9529601],[99.1069968,7.9530139],[99.1072026,7.9530139]]],[[[99.1069304,7.9527426],[99.1069303,7.9524712],[99.1066581,7.9524713],[99.1066582,7.9527392],[99.1066625,7.9527427],[99.1069304,7.9527426]]],[[[99.1066581,7.9524713],[99.106658,7.9521999],[99.1061136,7.9522001],[99.1061137,7.9522973],[99.1063282,7.9524714],[99.1063859,7.9524714],[99.1066581,7.9524713]]],[[[99.1103366,7.9519276],[99.1101966,7.9519276],[99.1101967,7.9522904],[99.1103871,7.952],[99.1103366,7.9519276]]],[[[99.1061136,7.9522001],[99.1061136,7.9519287],[99.1058414,7.9519288],[99.1058414,7.9520764],[99.1059939,7.9522001],[99.1061136,7.9522001]]],[[[99.1052969,7.9516576],[99.1052969,7.9517643],[99.1055024,7.9518064],[99.1055063,7.9518096],[99.1055147,7.9518113],[99.1055691,7.9518555],[99.1055691,7.9516575],[99.1052969,7.9516576]]],[[[99.1050247,7.9516576],[99.1052969,7.9516576],[99.1052968,7.9513862],[99.1047524,7.9513863],[99.1047525,7.9515653],[99.1049693,7.9516576],[99.1050247,7.9516576]]],[[[99.1091077,7.9514402],[99.1091077,7.9516566],[99.1101472,7.9516563],[99.1100967,7.9515839],[99.1094616,7.9515932],[99.1091077,7.9514402]]],[[[99.1033913,7.9511153],[99.1033914,7.9512228],[99.1038499,7.9512744],[99.1042998,7.9513864],[99.1044802,7.9513864],[99.1044801,7.951115],[99.1033913,7.9511153]]],[[[99.1089806,7.9513852],[99.1088807,7.9508787],[99.1082908,7.9506045],[99.1082909,7.9508427],[99.1085631,7.9508426],[99.1085632,7.951114],[99.1088354,7.9511139],[99.1088354,7.9513853],[99.1089806,7.9513852]]],[[[99.1020303,7.9508443],[99.1020303,7.9510187],[99.1021631,7.9511156],[99.1023025,7.9511156],[99.1023025,7.9508442],[99.1020303,7.9508443]]],[[[99.1041519,7.9486728],[99.1040622,7.9487452],[99.1035271,7.9498217],[99.1030737,7.9507264],[99.1028468,7.9506334],[99.1028469,7.9508441],[99.1033913,7.9508439],[99.1033911,7.9503012],[99.1036633,7.9503011],[99.1036633,7.9500298],[99.1039355,7.9500297],[99.1039353,7.9492156],[99.1042075,7.9492155],[99.1042073,7.9486728],[99.1041519,7.9486728]]],[[[99.1020303,7.9508443],[99.1020301,7.9503015],[99.1018133,7.9503016],[99.101758,7.950473],[99.1017581,7.9508201],[99.1017913,7.9508443],[99.1020303,7.9508443]]],[[[99.1080186,7.9505035],[99.1074742,7.950327],[99.1074742,7.9505715],[99.1080186,7.9505714],[99.1080186,7.9505035]]],[[[99.1068261,7.9497576],[99.1066574,7.9497576],[99.1066575,7.950029],[99.1069297,7.9500289],[99.1069297,7.9503003],[99.1073914,7.9503002],[99.1070567,7.9501917],[99.1068261,7.9497576]]],[[[99.1066573,7.94944],[99.1065665,7.9492692],[99.1063895,7.9489436],[99.106385,7.9489436],[99.106385,7.9489353],[99.1060945,7.9484009],[99.1055773,7.9483106],[99.10555,7.9478855],[99.1052596,7.9477861],[99.104679,7.9482475],[99.1044884,7.9484014],[99.1055683,7.9484011],[99.1055683,7.9486724],[99.1061127,7.9486723],[99.1061129,7.949215],[99.1063851,7.949215],[99.1063852,7.9497577],[99.1066574,7.9497576],[99.1066573,7.94944]]]]},{"type":"MultiPolygon","coordinates":[[[[99.1081321,7.9535564],[99.1080194,7.9535564],[99.1080194,7.9536576],[99.1081321,7.9535564]]],[[[99.1085637,7.9531685],[99.1088268,7.9529321],[99.1090582,7.9530134],[99.1091081,7.9530134],[99.1096525,7.9530133],[99.1096524,7.9527419],[99.1099007,7.9527418],[99.1101967,7.9522904],[99.1101966,7.9519276],[99.1103366,7.9519276],[99.1101472,7.9516563],[99.1091077,7.9516566],[99.1091077,7.9514402],[99.1089806,7.9513852],[99.1088354,7.9513853],[99.1088354,7.9511139],[99.1085632,7.951114],[99.1085631,7.9508426],[99.1082909,7.9508427],[99.1082908,7.9506045],[99.1082001,7.9505623],[99.1080186,7.9505035],[99.1080186,7.9505714],[99.1074742,7.9505715],[99.1074742,7.950327],[99.1073914,7.9503002],[99.1069297,7.9503003],[99.1069297,7.9500289],[99.1066575,7.950029],[99.1066574,7.9497576],[99.1063852,7.9497577],[99.1063851,7.949215],[99.1061129,7.949215],[99.1061127,7.9486723],[99.1055683,7.9486724],[99.1055683,7.9484011],[99.1044884,7.9484014],[99.1041519,7.9486728],[99.1042073,7.9486728],[99.1042075,7.9492155],[99.1039353,7.9492156],[99.1039355,7.9500297],[99.1036633,7.9500298],[99.1036633,7.9503011],[99.1033911,7.9503012],[99.1033913,7.9508439],[99.1028469,7.9508441],[99.1028468,7.9506334],[99.1018396,7.9502202],[99.1018133,7.9503016],[99.1020301,7.9503015],[99.1020303,7.9508443],[99.1023025,7.9508442],[99.1023025,7.9511156],[99.1033913,7.9511153],[99.1044801,7.951115],[99.1044802,7.9513864],[99.1047524,7.9513863],[99.1052968,7.9513862],[99.1052969,7.9516576],[99.1055691,7.9516575],[99.1055691,7.9518555],[99.1056596,7.9519288],[99.1058414,7.9519288],[99.1061136,7.9519287],[99.1061136,7.9522001],[99.106658,7.9521999],[99.1066581,7.9524713],[99.1069303,7.9524712],[99.1069304,7.9527426],[99.1072026,7.9527425],[99.1072026,7.9530139],[99.1072027,7.953181],[99.1073311,7.9532852],[99.1074749,7.9532852],[99.1077471,7.9532851],[99.1077472,7.9535565],[99.1080194,7.9535564],[99.1080193,7.9530137],[99.1085637,7.9530135],[99.1085637,7.9531685]]],[[[99.1068261,7.9497576],[99.1066573,7.94944],[99.1066574,7.9497576],[99.1068261,7.9497576]]],[[[99.1063895,7.9489436],[99.106385,7.9489353],[99.106385,7.9489436],[99.1063895,7.9489436]]]]}]}},{"type":"Feature","id":"99-VSD","properties":{"sequence":20,"plotId":"99-VSD","villageNumber":6,"village":"วังหิน","subdistrict":"คลองท่อมใต้","district":"คลองท่อม","province":"กระบี่","landCondition":"แปลงปลูกเสริมและปรับปรุงสภาพป่าชายเลน","allocatedAreaRai":205.78,"waterAreaRai":0.0,"officialParticipatingAreaRai":205.78,"geometryAreaRai":205.78,"areaDifferenceRai":-0.0,"waterGeometryAreaRai":0.0,"fcdAreaRaiByClass":{"0":1.58,"1":21.34,"2":40.77,"3":142.09},"sourceCrs":"EPSG:32647","sourceFile":"Company-data/T-VER  Standard กลุ่ม 2  สยามทีซี&วิสุทธิ  ขึ้นทะเบียน/Shape/Shp-แปลงปลูกเสริม+น้ำ+FCD/แปลงปลูกเสริม_All_รวมน้ำ_V3_Uni.shp","sourceFeatureCount":4,"excludedWaterClass":"W"},"geometry":{"type":"GeometryCollection","geometries":[{"type":"MultiPolygon","coordinates":[[[[99.0963126,7.9446042],[99.0962123,7.9446042],[99.0963126,7.9447664],[99.0963126,7.9446042]]],[[[99.0960403,7.9440615],[99.0958766,7.9440616],[99.0960403,7.9443263],[99.0960403,7.9440615]]],[[[99.095768,7.9437902],[99.0957087,7.9437902],[99.095768,7.9438861],[99.095768,7.9437902]]],[[[99.0945436,7.9435191],[99.0949514,7.943603],[99.0949513,7.943519],[99.0945436,7.9435191]]],[[[99.0940315,7.9432479],[99.0941347,7.9433381],[99.0941347,7.9432479],[99.0940315,7.9432479]]],[[[99.0937209,7.9429766],[99.0938625,7.9431002],[99.0938624,7.9429765],[99.0937209,7.9429766]]],[[[99.0934104,7.9427053],[99.0935902,7.9428624],[99.0935902,7.9427052],[99.0934104,7.9427053]]],[[[99.0924788,7.9418914],[99.0925012,7.941911],[99.0925012,7.9418914],[99.0924788,7.9418914]]],[[[99.0903232,7.9400082],[99.0924788,7.9418914],[99.092229,7.9416731],[99.0922289,7.9416201],[99.0921682,7.9416201],[99.0919567,7.9414353],[99.0919567,7.9413488],[99.0918577,7.9413488],[99.0916845,7.9411974],[99.0916844,7.9410775],[99.0915472,7.9410775],[99.0914122,7.9409596],[99.0914122,7.9408062],[99.0912366,7.9408062],[99.0903232,7.9400082]]],[[[99.0910215,7.938572],[99.0911395,7.9387032],[99.091684,7.9393091],[99.09181,7.9394492],[99.0922286,7.9399149],[99.0922978,7.9399919],[99.0923465,7.9400461],[99.0943158,7.9416287],[99.0923503,7.9400432],[99.0910215,7.938572]]],[[[99.0957674,7.9410532],[99.0957436,7.9410766],[99.0957674,7.9410765],[99.0957674,7.9410532]]],[[[99.0960395,7.9407848],[99.0960189,7.9408051],[99.0960395,7.9408051],[99.0960395,7.9407848]]],[[[99.090305,7.9399923],[99.0903232,7.9400082],[99.0903232,7.9399923],[99.090305,7.9399923]]],[[[99.0899944,7.939721],[99.090051,7.9397704],[99.090051,7.939721],[99.0899944,7.939721]]],[[[99.0896839,7.9394497],[99.0897787,7.9395326],[99.0897787,7.9394497],[99.0896839,7.9394497]]],[[[99.0893734,7.9391784],[99.0895065,7.9392947],[99.0895065,7.9391784],[99.0893734,7.9391784]]],[[[99.0890628,7.9389071],[99.0892342,7.9390569],[99.0892342,7.9389071],[99.0890628,7.9389071]]],[[[99.0888433,7.9386358],[99.0889076,7.9387714],[99.088962,7.938819],[99.088962,7.9386358],[99.0888433,7.9386358]]],[[[99.0885864,7.9380931],[99.0886897,7.9383113],[99.0886897,7.9380931],[99.0885864,7.9380931]]],[[[99.0883294,7.9375504],[99.0884174,7.9377361],[99.0884173,7.9375504],[99.0883294,7.9375504]]],[[[99.0880725,7.9370077],[99.0881451,7.937161],[99.088145,7.9370077],[99.0880725,7.9370077]]],[[[99.0927723,7.9370754],[99.0927723,7.9370067],[99.0927128,7.9370067],[99.0927542,7.9370791],[99.0927723,7.9370754]]],[[[99.0931115,7.9370066],[99.0930445,7.9370067],[99.0930445,7.9370202],[99.0931115,7.9370066]]],[[[99.0944515,7.936735],[99.0944054,7.936735],[99.0944054,7.9367443],[99.0944515,7.936735]]],[[[99.0925,7.936464],[99.0924026,7.9364641],[99.0925,7.9366345],[99.0925,7.936464]]],[[[99.0878156,7.9364651],[99.0878728,7.9365858],[99.0878727,7.936465],[99.0878156,7.9364651]]],[[[99.0905946,7.9364645],[99.0902728,7.9364645],[99.0905947,7.9365237],[99.0905946,7.9364645]]],[[[99.091835,7.9364642],[99.0916834,7.9364642],[99.0916834,7.9364938],[99.091835,7.9364642]]]]},{"type":"Polygon","coordinates":[[[99.0973464,7.9413475],[99.0971284,7.9413476],[99.0971285,7.9418903],[99.0968563,7.9418904],[99.0968564,7.9421618],[99.096312,7.9421619],[99.0963119,7.9418905],[99.0960397,7.9418906],[99.0960398,7.942162],[99.0957676,7.942162],[99.0957677,7.9427047],[99.0954955,7.9427048],[99.0954957,7.9432475],[99.0957679,7.9432475],[99.095768,7.9437902],[99.0960402,7.9437902],[99.0960403,7.9440615],[99.0963124,7.9440615],[99.0963125,7.9443328],[99.0965847,7.9443328],[99.0965848,7.9446041],[99.0965848,7.9448755],[99.0965849,7.945041],[99.0972744,7.9447577],[99.0965029,7.9435368],[99.0967567,7.9425688],[99.0973555,7.9423968],[99.0973464,7.9413475]]]},{"type":"MultiPolygon","coordinates":[[[[99.0965849,7.945041],[99.0965848,7.9448755],[99.0963801,7.9448755],[99.0965032,7.9450745],[99.0965849,7.945041]]],[[[99.0963125,7.9443328],[99.0963126,7.9446042],[99.0965848,7.9446041],[99.0965847,7.9443328],[99.0963125,7.9443328]]],[[[99.0960403,7.9440615],[99.0960403,7.9443263],[99.0960444,7.9443329],[99.0963125,7.9443328],[99.0963124,7.9440615],[99.0960403,7.9440615]]],[[[99.095768,7.9437902],[99.095768,7.9438861],[99.0958766,7.9440616],[99.0960403,7.9440615],[99.0960402,7.9437902],[99.095768,7.9437902]]],[[[99.0954957,7.9432475],[99.0954958,7.9437149],[99.0956863,7.9437541],[99.0957087,7.9437902],[99.095768,7.9437902],[99.0957679,7.9432475],[99.0954957,7.9432475]]],[[[99.0954957,7.9432475],[99.0954955,7.9427048],[99.0957677,7.9427047],[99.0957676,7.942162],[99.0960398,7.942162],[99.0960397,7.9418906],[99.0963119,7.9418905],[99.096312,7.9421619],[99.0968564,7.9421618],[99.0968563,7.9418904],[99.0971285,7.9418903],[99.0971284,7.9413476],[99.0973464,7.9413475],[99.0973462,7.9413204],[99.096702,7.9413477],[99.09623,7.940597],[99.0960395,7.9407848],[99.0960395,7.9408051],[99.0960189,7.9408051],[99.0957674,7.9410532],[99.0957674,7.9410765],[99.0957436,7.9410766],[99.0954408,7.9413751],[99.0946968,7.9412577],[99.0946786,7.9412754],[99.0946786,7.9413482],[99.0946038,7.9413482],[99.0943158,7.9416287],[99.0923465,7.9400461],[99.0922978,7.9399919],[99.0922286,7.9399919],[99.0922286,7.9399149],[99.09181,7.9394492],[99.0916841,7.9394493],[99.0916841,7.9397206],[99.0919563,7.9397206],[99.0919565,7.9402633],[99.0925008,7.9402632],[99.0925009,7.9405346],[99.0927731,7.9405345],[99.0927732,7.9408059],[99.0930454,7.9408058],[99.0930454,7.9410772],[99.0933176,7.9410771],[99.0933177,7.9413485],[99.0935899,7.9413484],[99.0935899,7.9416198],[99.0938621,7.9416197],[99.0938622,7.9418911],[99.0946788,7.9418909],[99.0946787,7.9416195],[99.0957675,7.9416193],[99.0957674,7.9413479],[99.0963118,7.9413478],[99.0963119,7.9416192],[99.0957675,7.9416193],[99.0957676,7.9418906],[99.0954954,7.9418907],[99.0954954,7.9421621],[99.0952232,7.9421621],[99.0952233,7.9424335],[99.0949511,7.9424336],[99.0949512,7.9429763],[99.0952234,7.9429762],[99.0952235,7.9432476],[99.0954957,7.9432475]]],[[[99.091684,7.9393091],[99.0911395,7.9387032],[99.0911396,7.939178],[99.0914118,7.939178],[99.0914119,7.9394493],[99.0916841,7.9394493],[99.091684,7.9393091]]],[[[99.0903227,7.9377843],[99.0899144,7.9373239],[99.089905,7.9372787],[99.0897782,7.9372787],[99.0897783,7.9375501],[99.0900505,7.93755],[99.0900506,7.9378214],[99.0903228,7.9378214],[99.0903227,7.9377843]]],[[[99.0930445,7.9370202],[99.0930445,7.9370067],[99.0931115,7.9370066],[99.0941332,7.9367995],[99.0941332,7.936735],[99.0927722,7.9367354],[99.0927722,7.936464],[99.0925,7.936464],[99.0925,7.9366345],[99.0927128,7.9370067],[99.0927723,7.9370067],[99.0927723,7.9370754],[99.0930445,7.9370202]]],[[[99.0916834,7.9364938],[99.0916834,7.9364642],[99.091835,7.9364642],[99.0923457,7.9363646],[99.0924026,7.9364641],[99.0925,7.936464],[99.0924999,7.9361927],[99.091139,7.936193],[99.091139,7.9364643],[99.0905946,7.9364645],[99.0905947,7.9365237],[99.0909122,7.936582],[99.0915564,7.9365185],[99.0916834,7.9364938]]],[[[99.0905946,7.9364645],[99.0905945,7.9356504],[99.0903223,7.9356504],[99.0903223,7.9359218],[99.089778,7.9359219],[99.0897781,7.9364646],[99.089949,7.9364646],[99.0899777,7.9364103],[99.0902728,7.9364645],[99.0905946,7.9364645]]],[[[99.0938659,7.935921],[99.0938517,7.9359029],[99.0935886,7.9358549],[99.0935886,7.9359211],[99.0938659,7.935921]]]]},{"type":"MultiPolygon","coordinates":[[[[99.0965848,7.9446041],[99.0963126,7.9446042],[99.0963126,7.9447664],[99.0963801,7.9448755],[99.0965848,7.9448755],[99.0965848,7.9446041]]],[[[99.0963125,7.9443328],[99.0960444,7.9443329],[99.0962123,7.9446042],[99.0963126,7.9446042],[99.0963125,7.9443328]]],[[[99.0954957,7.9432475],[99.0952235,7.9432476],[99.0952234,7.9429762],[99.0949512,7.9429763],[99.0949511,7.9424336],[99.0952233,7.9424335],[99.0952232,7.9421621],[99.0954954,7.9421621],[99.0954954,7.9418907],[99.0957676,7.9418906],[99.0957675,7.9416193],[99.0946787,7.9416195],[99.0946788,7.9418909],[99.0938622,7.9418911],[99.0938621,7.9416197],[99.0935899,7.9416198],[99.0935899,7.9413484],[99.0933177,7.9413485],[99.0933176,7.9410771],[99.0930454,7.9410772],[99.0930454,7.9408058],[99.0927732,7.9408059],[99.0927731,7.9405345],[99.0925009,7.9405346],[99.0925008,7.9402632],[99.0919565,7.9402633],[99.0919563,7.9397206],[99.0916841,7.9397206],[99.0916841,7.9394493],[99.0914119,7.9394493],[99.0914118,7.939178],[99.0911396,7.939178],[99.0911395,7.9387032],[99.0910215,7.938572],[99.0903227,7.9377843],[99.0903228,7.9378214],[99.0900506,7.9378214],[99.0900505,7.93755],[99.0897783,7.9375501],[99.0897782,7.9372787],[99.089905,7.9372787],[99.0897963,7.9367541],[99.089949,7.9364646],[99.0897781,7.9364646],[99.089778,7.9359219],[99.0903223,7.9359218],[99.0903223,7.9356504],[99.0905945,7.9356504],[99.0905946,7.9364645],[99.091139,7.9364643],[99.091139,7.936193],[99.0924999,7.9361927],[99.0925,7.936464],[99.0927722,7.936464],[99.0927722,7.9367354],[99.0941332,7.936735],[99.0941332,7.9367995],[99.0944054,7.9367443],[99.0944054,7.936735],[99.0944515,7.936735],[99.0944961,7.9367259],[99.0938659,7.935921],[99.0935886,7.9359211],[99.0935886,7.9358549],[99.0895419,7.9351169],[99.0876186,7.936049],[99.0878156,7.9364651],[99.0878727,7.936465],[99.0878728,7.9365858],[99.0880725,7.9370077],[99.088145,7.9370077],[99.0881451,7.937161],[99.0883294,7.9375504],[99.0884173,7.9375504],[99.0884174,7.9377361],[99.0885864,7.9380931],[99.0886897,7.9380931],[99.0886897,7.9383113],[99.0888433,7.9386358],[99.088962,7.9386358],[99.088962,7.938819],[99.0890628,7.9389071],[99.0892342,7.9389071],[99.0892342,7.9390569],[99.0893734,7.9391784],[99.0895065,7.9391784],[99.0895065,7.9392947],[99.0896839,7.9394497],[99.0897787,7.9394497],[99.0897787,7.9395326],[99.0899944,7.939721],[99.090051,7.939721],[99.090051,7.9397704],[99.090305,7.9399923],[99.0903232,7.9399923],[99.0903232,7.9400082],[99.0912366,7.9408062],[99.0914122,7.9408062],[99.0914122,7.9409596],[99.0915472,7.9410775],[99.0916844,7.9410775],[99.0916845,7.9411974],[99.0918577,7.9413488],[99.0919567,7.9413488],[99.0919567,7.9414353],[99.0921682,7.9416201],[99.0922289,7.9416201],[99.092229,7.9416731],[99.0924788,7.9418914],[99.0925012,7.9418914],[99.0925012,7.941911],[99.0934104,7.9427053],[99.0935902,7.9427052],[99.0935902,7.9428624],[99.0937209,7.9429766],[99.0938624,7.9429765],[99.0938625,7.9431002],[99.0940315,7.9432479],[99.0941347,7.9432479],[99.0941347,7.9433381],[99.0942799,7.9434649],[99.0945436,7.9435191],[99.0949513,7.943519],[99.0949514,7.943603],[99.0954958,7.9437149],[99.0954957,7.9432475]]],[[[99.0957675,7.9416193],[99.0963119,7.9416192],[99.0963118,7.9413478],[99.0957674,7.9413479],[99.0957675,7.9416193]]],[[[99.0946786,7.9412754],[99.0946038,7.9413482],[99.0946786,7.9413482],[99.0946786,7.9412754]]],[[[99.0922286,7.9399149],[99.0922286,7.9399919],[99.0922978,7.9399919],[99.0922286,7.9399149]]],[[[99.09181,7.9394492],[99.091684,7.9393091],[99.0916841,7.9394493],[99.09181,7.9394492]]]]}]}},{"type":"Feature","id":"100-VSD","properties":{"sequence":21,"plotId":"100-VSD","villageNumber":7,"village":"เพหลา","subdistrict":"เพหลา","district":"คลองท่อม","province":"กระบี่","landCondition":"แปลงปลูกเสริมและปรับปรุงสภาพป่าชายเลน","allocatedAreaRai":291.51,"waterAreaRai":0.0,"officialParticipatingAreaRai":291.51,"geometryAreaRai":291.51,"areaDifferenceRai":0.0,"waterGeometryAreaRai":0.0,"fcdAreaRaiByClass":{"0":2.92,"1":6.63,"2":187.76,"3":94.2},"sourceCrs":"EPSG:32647","sourceFile":"Company-data/T-VER  Standard กลุ่ม 2  สยามทีซี&วิสุทธิ  ขึ้นทะเบียน/Shape/Shp-แปลงปลูกเสริม+น้ำ+FCD/แปลงปลูกเสริม_All_รวมน้ำ_V3_Uni.shp","sourceFeatureCount":41,"excludedWaterClass":"W"},"geometry":{"type":"GeometryCollection","geometries":[{"type":"MultiPolygon","coordinates":[[[[99.1175546,7.9817759],[99.117498,7.981776],[99.1175546,7.9819044],[99.1175546,7.9817759]]],[[[99.11701,7.9815047],[99.1164656,7.9815049],[99.1161955,7.981505],[99.1170101,7.981565],[99.11701,7.9815047]]],[[[99.1151043,7.9806912],[99.1151043,7.9806667],[99.1150026,7.9809626],[99.1151043,7.9809625],[99.1151043,7.9806912]]],[[[99.1153763,7.979877],[99.1153762,7.9798748],[99.1152823,7.9801484],[99.1153763,7.9801484],[99.1153763,7.979877]]],[[[99.1153762,7.9796056],[99.1152408,7.9796057],[99.1153762,7.9797638],[99.1153762,7.9796056]]],[[[99.1151039,7.9793343],[99.1150085,7.9793344],[99.1151039,7.9794458],[99.1151039,7.9793343]]],[[[99.1148316,7.979063],[99.1147762,7.9790631],[99.1148316,7.9791278],[99.1148316,7.979063]]],[[[99.1145439,7.9787918],[99.1145593,7.9788098],[99.1145593,7.9787918],[99.1145439,7.9787918]]],[[[99.1142869,7.9782491],[99.1142868,7.9779777],[99.1141628,7.9779778],[99.114287,7.9784666],[99.1142869,7.9782491]]],[[[99.1138182,7.976621],[99.1140145,7.9773936],[99.1140142,7.976621],[99.1138182,7.976621]]],[[[99.1135129,7.9755356],[99.1135579,7.9755959],[99.1137419,7.9763206],[99.1137417,7.9755356],[99.1135129,7.9755356]]],[[[99.1133105,7.9752643],[99.1134695,7.9754774],[99.1134694,7.9752643],[99.1133105,7.9752643]]],[[[99.113108,7.974993],[99.1131972,7.9751125],[99.1131971,7.974993],[99.113108,7.974993]]],[[[99.1129249,7.9747217],[99.1129055,7.9747217],[99.1129249,7.9747476],[99.1129249,7.9747217]]],[[[99.1129244,7.9732141],[99.1128125,7.974179],[99.1129247,7.974179],[99.1129244,7.9732141]]],[[[99.1131961,7.9711939],[99.113196,7.9708728],[99.1130958,7.9717366],[99.1131962,7.9717366],[99.1131961,7.9711939]]],[[[99.1134681,7.9703797],[99.1134681,7.9703188],[99.1134087,7.9703797],[99.1134681,7.9703797]]],[[[99.1137402,7.9700397],[99.1136734,7.9701083],[99.1137402,7.9701083],[99.1137402,7.9700397]]]]},{"type":"MultiPolygon","coordinates":[[[[99.1180976,7.9770455],[99.117837,7.9768913],[99.1178359,7.9768913],[99.1180976,7.9770461],[99.1180976,7.9770455]]],[[[99.1175531,7.9767233],[99.1173786,7.97662],[99.1173773,7.97662],[99.1175531,7.976724],[99.1175531,7.9767233]]],[[[99.115375,7.9754343],[99.1150859,7.9752632],[99.1151027,7.9751124],[99.1151027,7.9751023],[99.1150846,7.9752638],[99.115375,7.9754356],[99.115375,7.9754343]]],[[[99.115338,7.9730024],[99.1152671,7.9736356],[99.1152674,7.9736356],[99.115338,7.9730024]]]]},{"type":"Polygon","coordinates":[[[99.1152674,7.9736356],[99.1152671,7.9736356],[99.1151027,7.9751023],[99.1151027,7.9751124],[99.1152674,7.9736356]]]},{"type":"Polygon","coordinates":[[[99.115375,7.9754343],[99.115375,7.9754356],[99.1173773,7.97662],[99.1173786,7.97662],[99.115375,7.9754343]]]},{"type":"Polygon","coordinates":[[[99.1175531,7.9767233],[99.1175531,7.976724],[99.1178359,7.9768913],[99.117837,7.9768913],[99.1175531,7.9767233]]]},{"type":"Polygon","coordinates":[[[99.1180976,7.9770455],[99.1180976,7.9770461],[99.1203121,7.9783559],[99.1180976,7.9770455]]]},{"type":"Polygon","coordinates":[[[99.112781,7.9744504],[99.1127705,7.9745408],[99.1129055,7.9747217],[99.1129249,7.9747217],[99.1129248,7.9744503],[99.112781,7.9744504]]]},{"type":"Polygon","coordinates":[[[99.1148316,7.979063],[99.1151038,7.979063],[99.1151037,7.9787916],[99.1148315,7.9787917],[99.1148314,7.9782489],[99.1142869,7.9782491],[99.114287,7.9784666],[99.1142961,7.9785024],[99.1145439,7.9787918],[99.1145593,7.9787918],[99.1145593,7.9788098],[99.1147762,7.9790631],[99.1148316,7.979063]]]},{"type":"Polygon","coordinates":[[[99.1153765,7.9806911],[99.1159209,7.9806909],[99.1159208,7.9804196],[99.1153764,7.9804197],[99.1153765,7.9806911]]]},{"type":"Polygon","coordinates":[[[99.1153765,7.9806911],[99.1151043,7.9806912],[99.1151043,7.9809625],[99.1150026,7.9809626],[99.1149094,7.981234],[99.1151044,7.9812339],[99.1151045,7.9814246],[99.1153767,7.9814446],[99.1153766,7.9812338],[99.1156489,7.9812337],[99.1156488,7.9809624],[99.1153766,7.9809625],[99.1153765,7.9806911]]]},{"type":"Polygon","coordinates":[[[99.1164646,7.9779771],[99.1164647,7.9782485],[99.1172813,7.9782483],[99.1172813,7.9779769],[99.1164646,7.9779771]]]},{"type":"Polygon","coordinates":[[[99.1164646,7.9779771],[99.1164644,7.977163],[99.1161921,7.9771631],[99.1161922,7.9774345],[99.1156478,7.9774346],[99.1156477,7.9771633],[99.1159199,7.9771632],[99.1159199,7.9768918],[99.1170087,7.9768915],[99.1170088,7.9771629],[99.117281,7.9771628],[99.1172811,7.9774342],[99.1178255,7.977434],[99.1178257,7.9779767],[99.1180979,7.9779767],[99.1180976,7.9770461],[99.1178359,7.9768913],[99.1175532,7.9768914],[99.1175531,7.976724],[99.1173773,7.97662],[99.1167364,7.9766202],[99.1167364,7.9763488],[99.1159197,7.9763491],[99.1159196,7.9760777],[99.1153752,7.9760779],[99.115375,7.9754356],[99.1150846,7.9752638],[99.1151027,7.9751023],[99.1151027,7.9749925],[99.1148304,7.9749926],[99.1148301,7.9739071],[99.1145579,7.9739072],[99.114558,7.9741785],[99.1142858,7.9741786],[99.1142856,7.9736359],[99.1145579,7.9736358],[99.1145578,7.9733644],[99.1142856,7.9733645],[99.1142854,7.9728218],[99.1145576,7.9728217],[99.1145578,7.9733644],[99.11483,7.9733644],[99.1148301,7.9739071],[99.1151024,7.973907],[99.1151023,7.9736356],[99.1152671,7.9736356],[99.115338,7.9730024],[99.1149971,7.9722788],[99.1148297,7.9722789],[99.1148296,7.9719234],[99.1146135,7.9714648],[99.1145572,7.9714649],[99.1145572,7.9713453],[99.1138763,7.9699002],[99.1137402,7.9700397],[99.1137402,7.9701083],[99.1136734,7.9701083],[99.1134681,7.9703188],[99.1134681,7.9703797],[99.1134682,7.9706511],[99.1137404,7.970651],[99.1137405,7.9709224],[99.1134682,7.9709224],[99.1134683,7.9711938],[99.1131961,7.9711939],[99.1131962,7.9717366],[99.1130958,7.9717366],[99.1129244,7.9732141],[99.1129247,7.974179],[99.1128125,7.974179],[99.112781,7.9744504],[99.1129248,7.9744503],[99.1129249,7.9747217],[99.1129249,7.9747476],[99.113108,7.974993],[99.1131971,7.974993],[99.1131972,7.9751125],[99.1133105,7.9752643],[99.1134694,7.9752643],[99.1134695,7.9754774],[99.1135129,7.9755356],[99.1137417,7.9755356],[99.1137419,7.9763206],[99.1138182,7.976621],[99.1140142,7.976621],[99.1140145,7.9773936],[99.1141628,7.9779778],[99.1142868,7.9779777],[99.1142869,7.9782491],[99.1148314,7.9782489],[99.1148315,7.9787917],[99.1151037,7.9787916],[99.1151037,7.9785202],[99.1156481,7.9785201],[99.115648,7.9782487],[99.1159202,7.9782486],[99.1159202,7.9779773],[99.1164646,7.9779771]],[[99.1151031,7.9766207],[99.1151032,7.976892],[99.114831,7.9768921],[99.1148309,7.9766207],[99.1151031,7.9766207]],[[99.1148305,7.9752639],[99.1148306,7.9755353],[99.1145584,7.9755354],[99.1145583,7.975264],[99.1148305,7.9752639]],[[99.113469,7.9736361],[99.1134691,7.9739075],[99.1131968,7.9739075],[99.1131968,7.9736362],[99.113469,7.9736361]],[[99.1137408,7.9722792],[99.1134686,7.9722793],[99.1134685,7.9717365],[99.1137407,7.9717365],[99.1137406,7.9714651],[99.1140128,7.971465],[99.114013,7.9720077],[99.1137408,7.9720078],[99.1137408,7.9722792]]]},{"type":"Polygon","coordinates":[[[99.1151037,7.9787916],[99.1151038,7.979063],[99.115376,7.9790629],[99.1153759,7.9787915],[99.1151037,7.9787916]]]},{"type":"Polygon","coordinates":[[[99.1151039,7.9793343],[99.1151038,7.979063],[99.1148316,7.979063],[99.1148316,7.9791278],[99.1150085,7.9793344],[99.1151039,7.9793343]]]},{"type":"Polygon","coordinates":[[[99.1149094,7.981234],[99.1148504,7.9814058],[99.1151045,7.9814246],[99.1151044,7.9812339],[99.1149094,7.981234]]]},{"type":"Polygon","coordinates":[[[99.116193,7.9801481],[99.1156485,7.9801483],[99.1156485,7.9798769],[99.1153763,7.979877],[99.1153763,7.9801484],[99.1152823,7.9801484],[99.1151043,7.9806667],[99.1151043,7.9806912],[99.1153765,7.9806911],[99.1153764,7.9804197],[99.1159208,7.9804196],[99.1159209,7.9806909],[99.1153765,7.9806911],[99.1153766,7.9809625],[99.1156488,7.9809624],[99.1156489,7.9812337],[99.1153766,7.9812338],[99.1153767,7.9814446],[99.1161955,7.981505],[99.1164656,7.9815049],[99.1164655,7.9812335],[99.1161933,7.9812336],[99.1161931,7.9806909],[99.1164654,7.9806908],[99.1164653,7.9804194],[99.1161931,7.9804195],[99.116193,7.9801481]]]},{"type":"Polygon","coordinates":[[[99.1175545,7.9815046],[99.11701,7.9815047],[99.1170101,7.981565],[99.1174184,7.9815951],[99.117498,7.981776],[99.1175546,7.9817759],[99.1175545,7.9815046]]]},{"type":"Polygon","coordinates":[[[99.1183713,7.9820471],[99.1183711,7.981233],[99.1178266,7.9812331],[99.1178264,7.980419],[99.1175542,7.9804191],[99.117554,7.9798764],[99.1186429,7.9798761],[99.1186431,7.9804188],[99.1183708,7.9804189],[99.1183709,7.9806902],[99.1180987,7.9806903],[99.1180988,7.9809617],[99.1186432,7.9809615],[99.1186431,7.9806902],[99.119732,7.9806899],[99.1197319,7.9804185],[99.1200042,7.9804184],[99.1200041,7.980147],[99.1202102,7.980147],[99.1202565,7.9793329],[99.1200038,7.9793329],[99.1200038,7.9790616],[99.1197315,7.9790617],[99.1197313,7.9782476],[99.1191869,7.9782477],[99.1191869,7.9785191],[99.1189147,7.9785192],[99.1189148,7.9787905],[99.1156482,7.9787915],[99.1156482,7.9790628],[99.115376,7.9790629],[99.1153762,7.9796056],[99.1156484,7.9796056],[99.1156485,7.9798769],[99.1161929,7.9798768],[99.116193,7.9801481],[99.1164652,7.9801481],[99.1164651,7.9798767],[99.1167374,7.9798766],[99.1167375,7.9804193],[99.1170097,7.9804193],[99.1170098,7.9806906],[99.117282,7.9806906],[99.1172821,7.9809619],[99.1175543,7.9809618],[99.1175545,7.9815046],[99.1178267,7.9815045],[99.1178268,7.9817759],[99.1175546,7.9817759],[99.1175546,7.9819044],[99.1176454,7.9821106],[99.1178269,7.9821516],[99.1178269,7.9820472],[99.1183713,7.9820471]],[[99.1200039,7.9796043],[99.120004,7.9798757],[99.1197318,7.9798758],[99.1197317,7.9796044],[99.1200039,7.9796043]],[[99.1170094,7.9793338],[99.1170095,7.9796052],[99.1159206,7.9796055],[99.1159205,7.9793341],[99.1170094,7.9793338]]]},{"type":"Polygon","coordinates":[[[99.1185458,7.982047],[99.1183713,7.9820471],[99.1183713,7.9822194],[99.1185458,7.982047]]]},{"type":"Polygon","coordinates":[[[99.1134681,7.9703797],[99.1134087,7.9703797],[99.1132322,7.9705607],[99.113196,7.9708728],[99.1131961,7.9711939],[99.1134683,7.9711938],[99.1134682,7.9709224],[99.1137405,7.9709224],[99.1137404,7.970651],[99.1134682,7.9706511],[99.1134681,7.9703797]]]},{"type":"Polygon","coordinates":[[[99.1145572,7.9713453],[99.1145572,7.9714649],[99.1146135,7.9714648],[99.1145572,7.9713453]]]},{"type":"Polygon","coordinates":[[[99.1137408,7.9722792],[99.1137408,7.9720078],[99.114013,7.9720077],[99.1140128,7.971465],[99.1137406,7.9714651],[99.1137407,7.9717365],[99.1134685,7.9717365],[99.1134686,7.9722793],[99.1137408,7.9722792]]]},{"type":"Polygon","coordinates":[[[99.1148296,7.9719234],[99.1148297,7.9722789],[99.1149971,7.9722788],[99.1148296,7.9719234]]]},{"type":"Polygon","coordinates":[[[99.1145578,7.9733644],[99.1145576,7.9728217],[99.1142854,7.9728218],[99.1142856,7.9733645],[99.1145578,7.9733644]]]},{"type":"Polygon","coordinates":[[[99.113469,7.9736361],[99.1131968,7.9736362],[99.1131968,7.9739075],[99.1134691,7.9739075],[99.113469,7.9736361]]]},{"type":"Polygon","coordinates":[[[99.1148301,7.9739071],[99.11483,7.9733644],[99.1145578,7.9733644],[99.1145579,7.9736358],[99.1142856,7.9736359],[99.1142858,7.9741786],[99.114558,7.9741785],[99.1145579,7.9739072],[99.1148301,7.9739071]]]},{"type":"Polygon","coordinates":[[[99.1152671,7.9736356],[99.1151023,7.9736356],[99.1151024,7.973907],[99.1148301,7.9739071],[99.1148304,7.9749926],[99.1151027,7.9749925],[99.1151027,7.9751023],[99.1152671,7.9736356]]]},{"type":"Polygon","coordinates":[[[99.1148305,7.9752639],[99.1145583,7.975264],[99.1145584,7.9755354],[99.1148306,7.9755353],[99.1148305,7.9752639]]]},{"type":"Polygon","coordinates":[[[99.115375,7.9754356],[99.1153752,7.9760779],[99.1159196,7.9760777],[99.1159197,7.9763491],[99.1167364,7.9763488],[99.1167364,7.9766202],[99.1173773,7.97662],[99.115375,7.9754356]]]},{"type":"Polygon","coordinates":[[[99.1151031,7.9766207],[99.1148309,7.9766207],[99.114831,7.9768921],[99.1151032,7.976892],[99.1151031,7.9766207]]]},{"type":"Polygon","coordinates":[[[99.1175531,7.976724],[99.1175532,7.9768914],[99.1178359,7.9768913],[99.1175531,7.976724]]]},{"type":"Polygon","coordinates":[[[99.1203121,7.9783559],[99.1180976,7.9770461],[99.1180979,7.9779767],[99.1178257,7.9779767],[99.1178255,7.977434],[99.1172811,7.9774342],[99.117281,7.9771628],[99.1170088,7.9771629],[99.1170087,7.9768915],[99.1159199,7.9768918],[99.1159199,7.9771632],[99.1156477,7.9771633],[99.1156478,7.9774346],[99.1161922,7.9774345],[99.1161921,7.9771631],[99.1164644,7.977163],[99.1164646,7.9779771],[99.1172813,7.9779769],[99.1172813,7.9782483],[99.1164647,7.9782485],[99.1164646,7.9779771],[99.1159202,7.9779773],[99.1159202,7.9782486],[99.115648,7.9782487],[99.1156481,7.9785201],[99.1151037,7.9785202],[99.1151037,7.9787916],[99.1153759,7.9787915],[99.115376,7.9790629],[99.1156482,7.9790628],[99.1156482,7.9787915],[99.1189148,7.9787905],[99.1189147,7.9785192],[99.1191869,7.9785191],[99.1191869,7.9782477],[99.1197313,7.9782476],[99.1197315,7.9790617],[99.1200038,7.9790616],[99.1200038,7.9793329],[99.1202565,7.9793329],[99.1203121,7.9783559]]]},{"type":"Polygon","coordinates":[[[99.1153762,7.9796056],[99.115376,7.9790629],[99.1151038,7.979063],[99.1151039,7.9793343],[99.1151039,7.9794458],[99.1152408,7.9796057],[99.1153762,7.9796056]]]},{"type":"Polygon","coordinates":[[[99.1170094,7.9793338],[99.1159205,7.9793341],[99.1159206,7.9796055],[99.1170095,7.9796052],[99.1170094,7.9793338]]]},{"type":"Polygon","coordinates":[[[99.1153762,7.9796056],[99.1153762,7.9797638],[99.1154034,7.9797956],[99.1153762,7.9798748],[99.1153763,7.979877],[99.1156485,7.9798769],[99.1156484,7.9796056],[99.1153762,7.9796056]]]},{"type":"Polygon","coordinates":[[[99.1200039,7.9796043],[99.1197317,7.9796044],[99.1197318,7.9798758],[99.120004,7.9798757],[99.1200039,7.9796043]]]},{"type":"Polygon","coordinates":[[[99.1156485,7.9798769],[99.1156485,7.9801483],[99.116193,7.9801481],[99.1161929,7.9798768],[99.1156485,7.9798769]]]},{"type":"Polygon","coordinates":[[[99.116193,7.9801481],[99.1161931,7.9804195],[99.1164653,7.9804194],[99.1164654,7.9806908],[99.1161931,7.9806909],[99.1161933,7.9812336],[99.1164655,7.9812335],[99.1164656,7.9815049],[99.11701,7.9815047],[99.1175545,7.9815046],[99.1175543,7.9809618],[99.1172821,7.9809619],[99.117282,7.9806906],[99.1170098,7.9806906],[99.1170097,7.9804193],[99.1167375,7.9804193],[99.1167374,7.9798766],[99.1164651,7.9798767],[99.1164652,7.9801481],[99.116193,7.9801481]]]},{"type":"Polygon","coordinates":[[[99.1175545,7.9815046],[99.1175546,7.9817759],[99.1178268,7.9817759],[99.1178267,7.9815045],[99.1175545,7.9815046]]]},{"type":"Polygon","coordinates":[[[99.1202102,7.980147],[99.1200041,7.980147],[99.1200042,7.9804184],[99.1197319,7.9804185],[99.119732,7.9806899],[99.1186431,7.9806902],[99.1186432,7.9809615],[99.1180988,7.9809617],[99.1180987,7.9806903],[99.1183709,7.9806902],[99.1183708,7.9804189],[99.1186431,7.9804188],[99.1186429,7.9798761],[99.117554,7.9798764],[99.1175542,7.9804191],[99.1178264,7.980419],[99.1178266,7.9812331],[99.1183711,7.981233],[99.1183713,7.9820471],[99.1185458,7.982047],[99.1201947,7.9804184],[99.1202102,7.980147]]]},{"type":"Polygon","coordinates":[[[99.1183713,7.9822194],[99.1183713,7.9820471],[99.1178269,7.9820472],[99.1178269,7.9821516],[99.118326,7.9822642],[99.1183713,7.9822194]]]}]}},{"type":"Feature","id":"102-VSD","properties":{"sequence":22,"plotId":"102-VSD","villageNumber":"3,7","village":"บ้านสะปำ, แหลมหิน","subdistrict":"เกาะแก้ว","district":"เมือง","province":"ภูเก็ต","landCondition":"แปลงปลูกเสริมและปรับปรุงสภาพป่าชายเลน","allocatedAreaRai":36.25,"waterAreaRai":4.21,"officialParticipatingAreaRai":32.04,"geometryAreaRai":32.04,"areaDifferenceRai":-0.0,"waterGeometryAreaRai":4.21,"fcdAreaRaiByClass":{"0":4.27,"1":2.77,"2":8.49,"3":16.5},"sourceCrs":"EPSG:32647","sourceFile":"Company-data/T-VER  Standard กลุ่ม 2  สยามทีซี&วิสุทธิ  ขึ้นทะเบียน/Shape/Shp-แปลงปลูกเสริม+น้ำ+FCD/แปลงปลูกเสริม_All_รวมน้ำ_V3_Uni.shp","sourceFeatureCount":30,"excludedWaterClass":"W"},"geometry":{"type":"GeometryCollection","geometries":[{"type":"MultiPolygon","coordinates":[[[[98.4017018,7.9406573],[98.4016803,7.9406573],[98.4014082,7.9406569],[98.4014086,7.9403855],[98.4014086,7.9403205],[98.4012631,7.9405934],[98.4015393,7.9407735],[98.4017018,7.9406573]]],[[[98.4021394,7.9401152],[98.4019533,7.940115],[98.4019529,7.9403863],[98.4019529,7.9404049],[98.4020516,7.9402613],[98.4021394,7.9401152]]],[[[98.4016816,7.9398089],[98.4015186,7.9401143],[98.4016811,7.9401146],[98.4016816,7.9398089]]],[[[98.4023115,7.9398441],[98.4022259,7.939844],[98.4022257,7.9399718],[98.4022874,7.9398691],[98.4023115,7.9398441]]],[[[98.402725,7.939302],[98.4024988,7.9393017],[98.4024985,7.939573],[98.4024983,7.9396505],[98.4025134,7.9396349],[98.402725,7.939302]]],[[[98.4019543,7.9394044],[98.4018314,7.9395721],[98.4019541,7.9395723],[98.4019543,7.9394044]]],[[[98.4022271,7.9390324],[98.4020301,7.939301],[98.4022267,7.9393013],[98.4022271,7.9390324]]],[[[98.4024998,7.9386604],[98.4024275,7.9387589],[98.4024996,7.938759],[98.4024998,7.9386604]]],[[[98.4032118,7.9384887],[98.4030444,7.9384884],[98.403044,7.9387388],[98.4032118,7.9384887]]],[[[98.4022115,7.9382159],[98.4025001,7.9384449],[98.4025004,7.9382163],[98.4022115,7.9382159]]],[[[98.4034461,7.9382176],[98.4033169,7.9382175],[98.4033167,7.9383646],[98.4034461,7.9382176]]],[[[98.4037136,7.9379467],[98.4035895,7.9379465],[98.4035893,7.9380657],[98.4037136,7.9379467]]],[[[98.4018688,7.937944],[98.4019563,7.9380135],[98.4019564,7.9379442],[98.4018688,7.937944]]],[[[98.4040216,7.9376758],[98.4038621,7.9376755],[98.4038619,7.9378047],[98.4039228,7.9377463],[98.4040216,7.9376758]]],[[[98.4022292,7.937557],[98.4019092,7.9376727],[98.402229,7.9376732],[98.4022292,7.937557]]],[[[98.4043516,7.9375231],[98.4044646,7.9374108],[98.4044659,7.937405],[98.4044068,7.937405],[98.4041347,7.9374046],[98.4041344,7.9375952],[98.4042304,7.9375266],[98.4043516,7.9375231]]],[[[98.4030461,7.9372615],[98.4026564,7.9374025],[98.4030459,7.937403],[98.4030461,7.9372615]]],[[[98.4038631,7.936966],[98.4034036,7.9371322],[98.4038629,7.9371328],[98.4038631,7.936966]]],[[[98.4049666,7.9368407],[98.4047079,7.9362476],[98.4046021,7.9363198],[98.4046806,7.9363199],[98.4046798,7.9368626],[98.4046795,7.9370666],[98.4049666,7.9368407]]],[[[98.4041358,7.9366381],[98.4039541,7.9367621],[98.403939,7.9368616],[98.4041354,7.9368619],[98.4041358,7.9366381]]],[[[98.404408,7.9365909],[98.4044082,7.9364522],[98.4042054,7.9365906],[98.404408,7.9365909]]]]},{"type":"Polygon","coordinates":[[[98.4046021,7.9363198],[98.4044082,7.9364522],[98.404408,7.9365909],[98.4044076,7.9368623],[98.4046798,7.9368626],[98.4046806,7.9363199],[98.4046021,7.9363198]]]},{"type":"Polygon","coordinates":[[[98.4044659,7.937405],[98.4045141,7.9371967],[98.404594,7.9371339],[98.4044072,7.9371336],[98.4044068,7.937405],[98.4044659,7.937405]]]},{"type":"Polygon","coordinates":[[[98.4041344,7.9375952],[98.4041347,7.9374046],[98.4038625,7.9374042],[98.4038621,7.9376755],[98.4040216,7.9376758],[98.4041344,7.9375952]]]},{"type":"Polygon","coordinates":[[[98.4029372,7.939031],[98.4027714,7.9390307],[98.4027711,7.9392397],[98.4029175,7.9390659],[98.4029372,7.939031]]]},{"type":"Polygon","coordinates":[[[98.4022257,7.9399718],[98.4022259,7.939844],[98.4019537,7.9398436],[98.4019533,7.940115],[98.4021394,7.9401152],[98.4022257,7.9399718]]]},{"type":"Polygon","coordinates":[[[98.4017018,7.9406573],[98.4018544,7.9405482],[98.4019529,7.9404049],[98.4019529,7.9403863],[98.4016807,7.9403859],[98.4016803,7.9406573],[98.4017018,7.9406573]]]},{"type":"Polygon","coordinates":[[[98.404594,7.9371339],[98.4046795,7.9370666],[98.4046798,7.9368626],[98.4044076,7.9368623],[98.404408,7.9365909],[98.4042054,7.9365906],[98.4041358,7.9366381],[98.4041354,7.9368619],[98.4041347,7.9374046],[98.4044068,7.937405],[98.4044072,7.9371336],[98.404594,7.9371339]]]},{"type":"Polygon","coordinates":[[[98.4035893,7.9380657],[98.4035895,7.9379465],[98.4037136,7.9379467],[98.4038619,7.9378047],[98.4038621,7.9376755],[98.4038625,7.9374042],[98.4035903,7.9374038],[98.4035899,7.9376751],[98.4030456,7.9376744],[98.4030452,7.9379457],[98.4033173,7.9379461],[98.4033169,7.9382175],[98.4034461,7.9382176],[98.4035286,7.9381239],[98.4035893,7.9380657]]]},{"type":"Polygon","coordinates":[[[98.4033167,7.9383646],[98.4033169,7.9382175],[98.4030448,7.9382171],[98.4030444,7.9384884],[98.4032118,7.9384887],[98.4032256,7.9384681],[98.4033167,7.9383646]]]},{"type":"Polygon","coordinates":[[[98.403044,7.9387388],[98.4030444,7.9384884],[98.4027722,7.938488],[98.4027714,7.9390307],[98.4029372,7.939031],[98.4029849,7.9389464],[98.4030332,7.938755],[98.403044,7.9387388]]]},{"type":"Polygon","coordinates":[[[98.4027711,7.9392397],[98.4027714,7.9390307],[98.4024992,7.9390303],[98.4024988,7.9393017],[98.402725,7.939302],[98.4027444,7.9392715],[98.4027711,7.9392397]]]},{"type":"Polygon","coordinates":[[[98.4024983,7.9396505],[98.4024985,7.939573],[98.4022263,7.9395727],[98.4022259,7.939844],[98.4023115,7.9398441],[98.4024983,7.9396505]]]},{"type":"Polygon","coordinates":[[[98.4019533,7.940115],[98.4016811,7.9401146],[98.4016807,7.9403859],[98.4019529,7.9403863],[98.4019533,7.940115]]]},{"type":"Polygon","coordinates":[[[98.4016807,7.9403859],[98.4014086,7.9403855],[98.4014082,7.9406569],[98.4016803,7.9406573],[98.4016807,7.9403859]]]},{"type":"Polygon","coordinates":[[[98.4022259,7.939844],[98.4022263,7.9395727],[98.4024985,7.939573],[98.4024988,7.9393017],[98.4024992,7.9390303],[98.4027714,7.9390307],[98.4027722,7.938488],[98.4030444,7.9384884],[98.4030448,7.9382171],[98.4033169,7.9382175],[98.4033173,7.9379461],[98.4030452,7.9379457],[98.4030456,7.9376744],[98.4035899,7.9376751],[98.4035903,7.9374038],[98.4038625,7.9374042],[98.4041347,7.9374046],[98.4041354,7.9368619],[98.403939,7.9368616],[98.4039267,7.936943],[98.4038631,7.936966],[98.4038629,7.9371328],[98.4034036,7.9371322],[98.4030461,7.9372615],[98.4030459,7.937403],[98.4026564,7.9374025],[98.4022292,7.937557],[98.402229,7.9376732],[98.4019092,7.9376727],[98.4018842,7.9376817],[98.401766,7.9378625],[98.4018688,7.937944],[98.4019564,7.9379442],[98.4019563,7.9380135],[98.4022115,7.9382159],[98.4025004,7.9382163],[98.4025001,7.9384449],[98.4025998,7.938524],[98.4024998,7.9386604],[98.4024996,7.938759],[98.4024275,7.9387589],[98.4022271,7.9390324],[98.4022267,7.9393013],[98.4020301,7.939301],[98.4019543,7.9394044],[98.4019541,7.9395723],[98.4018314,7.9395721],[98.4017453,7.9396896],[98.4016816,7.9398089],[98.4016811,7.9401146],[98.4019533,7.940115],[98.4019537,7.9398436],[98.4022259,7.939844]]]},{"type":"Polygon","coordinates":[[[98.4016811,7.9401146],[98.4015186,7.9401143],[98.4014086,7.9403205],[98.4014086,7.9403855],[98.4016807,7.9403859],[98.4016811,7.9401146]]]}]}}]}